borough;neighborhood;bin;numfloors;house_number;street_name;full_street_name;zipcode;full_address;streetview_image_usable_flag;streetview_stairs_detected;streetview_gate_detected;streetview_ramp_or_barrier_detected;streetview_amr_can_reach_door_flag;amr_accessibility_probability_estimated;amr_index_estimated
Manhattan;Midtown South-Flatiron-Union Square;1016989;6;29;31;E  31 ST;10016;29 E  31 ST;False;False;False;False;False;0.868557721;86.8557721
Manhattan;Upper West Side (Central);1031371;12;2;86;W  86 ST;10024;2 W  86 ST;False;False;False;False;False;0.528899311;52.88993112
Manhattan;Upper West Side (Central);1030252;3;119;78;W  78 ST;10024;119 W  78 ST;False;False;False;False;False;0.095729922;9.572992204
Manhattan;Upper West Side (Central);1031323;4;42;85;W  85 ST;10024;42 W  85 ST;False;False;False;False;False;0.147071563;14.70715633
Manhattan;Midtown-Times Square;1017243;5;4;39;E  39 ST;10016;4 E  39 ST;False;False;False;False;False;0.819634867;81.96348666
Manhattan;Upper West Side (Central);1031628;3;71;92;W  92 ST;10025;71 W  92 ST;False;False;False;False;False;0.13287534;13.28753396
Manhattan;Midtown-Times Square;1016007;3;20;39;W  39 ST;10018;20 W  39 ST;True;False;False;False;True;0.809608996;80.96089957
Manhattan;Chelsea-Hudson Yards;1013577;5;314;36;W  36 ST;10018;314 W  36 ST;True;False;False;False;True;0.168837526;16.8837526
Manhattan;Midtown-Times Square;1024714;54;1;ASTOR;ASTOR PLZ;10036;1 ASTOR PLZ;False;False;False;False;False;0.936554382;93.65543818
Manhattan;Hell's Kitchen;1026848;6;857;9;9 AVE;10019;857 9 AVE;False;False;False;False;False;0.14918159;14.91815904
Manhattan;Midtown South-Flatiron-Union Square;1015661;12;22;27;W  27 ST;10001;22 W  27 ST;True;False;False;False;True;0.869611326;86.96113257
Manhattan;Gramercy;1017924;3;;;;;;False;False;False;False;False;0.084721223;8.472122264
Manhattan;Hell's Kitchen;1026475;5;644;10;10 AVE;10036;644 10 AVE;False;False;False;False;False;0.62743708;62.74370798
Manhattan;Gramercy;1018181;4;384;3;3 AVE;10016;384 3 AVE;False;False;False;False;False;0.71262512;71.26251202
Manhattan;Gramercy;1017826;6;132;17;E  17 ST;10003;132 E  17 ST;True;False;False;False;True;0.655877248;65.5877248
Manhattan;Upper West Side-Lincoln Square;1028691;5;;;;;;True;True;True;False;False;0.438502696;43.85026956
Manhattan;Chelsea-Hudson Yards;1012588;3.5;416;20;W  20 ST;10011;416 W  20 ST;True;True;True;False;False;0.097536507;9.753650653
Manhattan;Midtown South-Flatiron-Union Square;1016091;8;18;17;E  17 ST;10003;18 E  17 ST;True;False;False;False;True;0.793045448;79.30454478
Manhattan;Upper West Side (Central);1031573;4;10;90;W  90 ST;10024;10 W  90 ST;True;True;True;False;False;0.139240236;13.92402357
Manhattan;Upper West Side (Central);1031522;4;38;89;W  89 ST;10024;38 W  89 ST;True;True;True;False;False;0.124450793;12.44507927
Manhattan;Midtown South-Flatiron-Union Square;1015174;28;150;31;W  31 ST;10001;150 W  31 ST;True;False;False;False;True;0.932618626;93.26186262
Manhattan;Gramercy;1020512;3;351;18;E  18 ST;10003;351 E  18 ST;True;False;False;False;True;0.644702989;64.47029885
Manhattan;Upper West Side (Central);1031540;4;44;89;W  89 ST;10024;44 W  89 ST;True;True;False;False;False;0.140835861;14.08358608
Manhattan;Upper West Side-Lincoln Square;1028166;18;55;CENTRAL;CENTRAL PARK W;10023;55 CENTRAL PARK W;True;False;False;True;True;0.667720551;66.77205509
Manhattan;Upper West Side (Central);1028812;4;21;76;W  76 ST;10023;21 W  76 ST;True;True;False;False;False;0.15922732;15.92273196
Manhattan;Chelsea-Hudson Yards;1013276;3;354;21;W  21 ST;10011;354 W  21 ST;True;True;True;False;False;0.190635707;19.06357075
Manhattan;Chelsea-Hudson Yards;1014099;4;232;8;8 AVE;10011;232 8 AVE;True;False;False;False;True;0.749681383;74.96813829
Manhattan;Chelsea-Hudson Yards;1012295;9;521;20;W  20 ST;10011;521 W  20 ST;True;False;False;True;True;0.53103138;53.10313805
Manhattan;Chelsea-Hudson Yards;1013376;5;206;9;9 AVE;10011;206 9 AVE;True;False;False;False;True;0.662728826;66.2728826
Manhattan;Midtown South-Flatiron-Union Square;1016741;51;2;24;E  24 ST;10010;2 E  24 ST;True;False;False;False;True;0.984833193;98.48331935
Manhattan;Upper West Side (Central);1031112;16;51;RIVERSIDE;RIVERSIDE DR;10024;51 RIVERSIDE DR;True;True;False;False;False;0.734133136;73.41331357
Manhattan;Midtown-Times Square;1023730;18;101;57;W  57 ST;10019;101 W  57 ST;True;False;False;False;True;0.847862614;84.78626135
Manhattan;Chelsea-Hudson Yards;1013800;3;;;;;;True;False;True;False;True;0.0629332;6.293319983
Manhattan;Gramercy;1018175;6;139;27;E  27 ST;10016;139 E  27 ST;True;False;False;True;True;0.570766373;57.07663729
Manhattan;Chelsea-Hudson Yards;1013430;5;305;22;W  22 ST;10011;305 W  22 ST;True;True;True;False;False;0.492738362;49.27383621
Manhattan;Upper West Side-Lincoln Square;1029965;4;114;73;W  73 ST;10023;114 W  73 ST;True;True;True;False;False;0.14495743;14.49574298
Manhattan;Chelsea-Hudson Yards;1014551;3;135;15;W  15 ST;10011;135 W  15 ST;True;True;True;False;False;0.110300858;11.03008584
Manhattan;Midtown-Times Square;1024905;16;202;58;W  58 ST;10019;202 W  58 ST;True;False;False;False;True;0.802407011;80.2407011
Manhattan;Hell's Kitchen;1027008;7;533;48;W  48 ST;10019;533 W  48 ST;True;True;False;True;True;0.624214523;62.42145229
Manhattan;Chelsea-Hudson Yards;1014538;6;150;15;W  15 ST;10011;150 W  15 ST;True;True;True;False;False;0.179277232;17.92772323
Manhattan;Upper West Side (Central);1030995;4;23;RIVERSIDE;RIVERSIDE DR;10023;23 RIVERSIDE DR;True;True;True;False;False;0.113410753;11.34107527
Manhattan;Upper West Side (Central);1031715;3;29;95;W  95 ST;10025;29 W  95 ST;True;True;True;False;False;0.089358245;8.935824482
Manhattan;Upper West Side (Central);1031441;4.5;66;87;W  87 ST;10024;66 W  87 ST;True;True;True;False;False;0.109890846;10.98908458
Manhattan;Gramercy;1020484;3;341;18;E  18 ST;10003;341 E  18 ST;True;True;True;False;False;0.171607294;17.16072937
Manhattan;Chelsea-Hudson Yards;1014192;3;269;25;W  25 ST;10001;269 W  25 ST;True;False;False;False;True;0.749348894;74.93488938
Manhattan;Upper West Side (Central);1031224;3;;;;;;True;True;True;False;False;0.079337941;7.93379411
Manhattan;Chelsea-Hudson Yards;1012330;5;505;22;W  22 ST;10011;505 W  22 ST;True;True;False;False;False;0.147289971;14.72899707
Manhattan;Midtown-Times Square;1015960;3;;;;;;True;False;False;False;True;0.680930841;68.09308405
Manhattan;Chelsea-Hudson Yards;1013982;1;156;7;7 AVE;10011;156 7 AVE;True;False;False;False;True;0.785056302;78.5056302
Manhattan;Upper West Side (Central);1031193;4;38;83;W  83 ST;10024;38 W  83 ST;True;True;True;False;False;0.140021203;14.00212028
Manhattan;Midtown-Times Square;1015228;4;128;36;W  36 ST;10018;128 W  36 ST;True;False;False;False;True;0.799892843;79.98928434
Manhattan;Midtown-Times Square;1015224;18;;;;;;True;False;False;False;True;0.895122012;89.51220116
Manhattan;Hell's Kitchen;1026582;5;692;10;10 AVE;10019;692 10 AVE;True;True;False;False;False;0.661215354;66.12153543
Manhattan;Midtown South-Flatiron-Union Square;1014262;12;205;28;W  28 ST;10001;205 W  28 ST;True;False;False;False;True;0.904562776;90.45627762
Manhattan;Hell's Kitchen;1025418;6;330;55;W  55 ST;10019;330 W  55 ST;True;False;True;False;True;0.505647268;50.56472677
Manhattan;Midtown-Times Square;1024839;13;1701;BROADWAY;BROADWAY;10019;1701 BROADWAY;True;False;False;False;True;0.592372858;59.2372858
Manhattan;Gramercy;1019560;8;225;17;E  17 ST;10003;225 E  17 ST;True;True;False;False;False;0.648616802;64.86168022
Manhattan;Chelsea-Hudson Yards;1014080;3;222;22;W  22 ST;10011;222 W  22 ST;True;False;True;False;False;0.139015719;13.90157194
Manhattan;Upper West Side-Lincoln Square;1030984;5;311;72;W  72 ST;10023;311 W  72 ST;True;True;True;False;False;0.32720717;32.72071695
Manhattan;Midtown South-Flatiron-Union Square;1016894;13;14;28;E  28 ST;10016;14 E  28 ST;True;False;False;False;True;0.740368011;74.03680111
Manhattan;Hell's Kitchen;1024988;3;341;44;W  44 ST;10036;341 W  44 ST;True;False;True;False;False;0.796210013;79.62100132
Manhattan;Upper West Side (Central);1031607;29;300;CENTRAL;CENTRAL PARK W;10024;300 CENTRAL PARK W;True;False;False;False;True;0.743759227;74.37592268
Manhattan;Upper West Side (Central);1031672;4;33;94;W  94 ST;10025;33 W  94 ST;True;True;True;False;False;0.097996678;9.799667814
Manhattan;Midtown-Times Square;1023387;57;154;55;W  55 ST;10019;154 W  55 ST;True;False;False;False;True;0.999433793;99.94337928
Manhattan;Hell's Kitchen;1026999;5;504;48;W  48 ST;10036;504 W  48 ST;True;True;True;False;False;0.157187147;15.71871474
Manhattan;Upper West Side-Lincoln Square;1030525;4;250;73;W  73 ST;10023;250 W  73 ST;True;True;False;False;False;0.688592399;68.85923986
Manhattan;Upper West Side (Central);1031622;4;58;91;W  91 ST;10024;58 W  91 ST;True;False;False;True;True;0.08772399;8.772398966
Manhattan;Midtown South-Flatiron-Union Square;1015731;6;256;5;5 AVE;10001;256 5 AVE;True;False;False;False;True;0.830826892;83.08268922
Manhattan;Hell's Kitchen;1026493;4;400;47;W  47 ST;10036;400 W  47 ST;True;False;False;False;True;0.686363761;68.63637614
Manhattan;Upper West Side (Central);1031065;4;349;END;W  END AVE;10024;349 W  END AVE;True;True;True;False;False;0.152491607;15.24916072
Manhattan;Midtown-Times Square;1015996;5;35;38;W  38 ST;10018;35 W  38 ST;True;False;False;False;True;0.863395868;86.33958679
Manhattan;Upper West Side (Central);1030905;3;221;78;W  78 ST;10024;221 W  78 ST;True;True;True;False;False;0.123935431;12.39354311
Manhattan;Chelsea-Hudson Yards;1014005;3;196;8;8 AVE;10011;196 8 AVE;True;False;False;False;True;0.673393458;67.33934582
Manhattan;Gramercy;1019540;6;3;RUTHERFORD;RUTHERFORD PL;10003;3 RUTHERFORD PL;True;True;True;False;False;0.121943767;12.19437666
Manhattan;Midtown South-Flatiron-Union Square;1017009;9;7;32;E  32 ST;10016;7 E  32 ST;True;True;False;False;False;0.612823503;61.28235025
Manhattan;Midtown-Times Square;1014439;7;247;36;W  36 ST;10018;247 W  36 ST;True;False;False;False;True;0.855206786;85.52067864
Manhattan;Chelsea-Hudson Yards;1013882;3;207;18;W  18 ST;10011;207 W  18 ST;True;False;False;False;True;0.539686642;53.9686642
Manhattan;Upper West Side (Central);1031425;4;50;87;W  87 ST;10024;50 W  87 ST;True;True;False;False;False;0.107687956;10.76879558
Manhattan;Gramercy;1020411;6;332;15;E  15 ST;10003;332 E  15 ST;True;True;True;False;False;0.192634844;19.26348442
Manhattan;Hell's Kitchen;1027137;4;630;52;W  52 ST;10019;630 W  52 ST;True;False;False;False;True;0.74753575;74.75357501
Manhattan;Upper West Side (Central);1028803;5;;;;;;True;True;False;False;False;0.100583761;10.05837609
Manhattan;Gramercy;1020598;6;310;24;E  24 ST;10010;310 E  24 ST;True;False;False;False;True;0.656534963;65.65349629
Manhattan;Upper West Side-Lincoln Square;1028477;4;64;69;W  69 ST;10023;64 W  69 ST;True;True;True;True;False;0.154500826;15.45008265
Manhattan;Midtown South-Flatiron-Union Square;1015784;5;3;30;W  30 ST;10001;3 W  30 ST;True;False;False;False;True;0.841277684;84.12776842
Manhattan;Midtown South-Flatiron-Union Square;1015556;3;686;OF THE AMERICAS;AVE OF THE AMERICAS;10010;686 AVE OF THE AMERICAS;True;False;False;False;True;0.67363165;67.36316502
Manhattan;Hell's Kitchen;1026914;7;515;42;W  42 ST;10036;515 W  42 ST;True;False;False;False;True;0.658224125;65.82241253
Manhattan;Upper West Side (Central);1030850;5;255;75;W  75 ST;10023;255 W  75 ST;True;False;False;False;True;0.625183261;62.51832609
Manhattan;Upper West Side-Lincoln Square;1028259;4;70;68;W  68 ST;10023;70 W  68 ST;True;False;True;False;True;0.525492379;52.54923791
Manhattan;Midtown South-Flatiron-Union Square;1014230;6;241;26;W  26 ST;10001;241 W  26 ST;True;True;True;True;False;0.814251927;81.42519269
Manhattan;Upper West Side-Lincoln Square;1027472;42;1;LINCOLN;LINCOLN PLZ;10023;1 LINCOLN PLZ;True;False;False;False;True;0.968436705;96.84367049
Manhattan;Chelsea-Hudson Yards;1013059;5;330;17;W  17 ST;10011;330 W  17 ST;True;True;True;False;False;0.168504091;16.85040908
Manhattan;Upper West Side (Central);1028742;5;56;75;W  75 ST;10023;56 W  75 ST;True;True;True;False;False;0.111996886;11.19968861
Manhattan;Hell's Kitchen;1027144;5;723;11;11 AVE;10019;723 11 AVE;True;False;False;False;True;0.642715205;64.27152049
Manhattan;Gramercy;1020469;5;309;18;E  18 ST;10003;309 E  18 ST;True;True;False;True;False;0.239458392;23.9458392
Manhattan;Gramercy;1017922;4;;;;;;False;False;False;False;False;0.087759258;8.77592579
Manhattan;Chelsea-Hudson Yards;1014088;4;240;22;W  22 ST;10011;240 W  22 ST;True;False;False;False;True;0.184835617;18.48356166
Manhattan;Gramercy;1019650;4;287;3;3 AVE;10010;287 3 AVE;True;False;False;False;True;0.724935126;72.49351257
Manhattan;Upper West Side-Lincoln Square;1029767;4;116;71;W  71 ST;10023;116 W  71 ST;True;True;True;False;False;0.107104673;10.71046731
Manhattan;Chelsea-Hudson Yards;1013344;4;;;;;;True;True;False;False;False;0.10804272;10.804272
Manhattan;Chelsea-Hudson Yards;1013095;3;359;18;W  18 ST;10011;359 W  18 ST;True;False;False;False;True;0.199655568;19.96555682
Manhattan;Hell's Kitchen;1027023;2;547;49;W  49 ST;10019;547 W  49 ST;True;True;True;False;False;0.514472736;51.44727359
Manhattan;Hell's Kitchen;1026416;5;;;;;;False;False;False;False;False;0.748640719;74.86407189
Manhattan;Hell's Kitchen;1025070;5;344;47;W  47 ST;10036;344 W  47 ST;True;True;True;False;False;0.233825752;23.38257524
Manhattan;Upper West Side (Central);1031115;5;315;78;W  78 ST;10024;315 W  78 ST;True;True;True;False;False;0.071266648;7.126664782
Manhattan;Chelsea-Hudson Yards;1014161;5;230;24;W  24 ST;10011;230 W  24 ST;True;True;True;False;False;0.157950395;15.79503951
Manhattan;Chelsea-Hudson Yards;1014107;5;275;22;W  22 ST;10011;275 W  22 ST;True;True;True;False;False;0.74008195;74.00819504
Manhattan;Hell's Kitchen;1026774;5;444;54;W  54 ST;10019;444 W  54 ST;True;True;True;False;False;0.164354727;16.43547269
Manhattan;Chelsea-Hudson Yards;1012877;1;450;36;W  36 ST;10018;450 W  36 ST;True;False;False;False;True;0.565786079;56.57860789
Manhattan;Upper West Side (Central);1031729;17;;;;;;True;False;False;False;True;0.62697413;62.69741298
Manhattan;Upper West Side (Central);1028738;4;37;74;W  74 ST;10023;37 W  74 ST;True;True;True;False;False;0.099670219;9.967021904
Manhattan;Chelsea-Hudson Yards;1013046;5;;;;;;True;True;False;False;False;0.185034073;18.50340729
Manhattan;Gramercy;1018165;4;129;27;E  27 ST;10016;129 E  27 ST;True;True;True;False;False;0.752384997;75.23849967
Manhattan;Midtown South-Flatiron-Union Square;1015849;13;;;;;;True;True;True;False;False;0.522648611;52.26486105
Manhattan;Upper West Side-Lincoln Square;1030941;7;340;71;W  71 ST;10023;340 W  71 ST;True;False;False;False;True;0.593046736;59.3046736
Manhattan;Gramercy;1019564;4;;;;;;True;True;True;False;False;0.046466472;4.646647196
Manhattan;Hell's Kitchen;1027089;4;647;42;W  42 ST;10036;647 W  42 ST;True;False;True;False;True;0.747207296;74.72072965
Manhattan;Midtown South-Flatiron-Union Square;1015486;5;48;20;W  20 ST;10011;48 W  20 ST;True;False;False;True;True;0.78354195;78.35419496
Manhattan;Chelsea-Hudson Yards;1012799;6;231;9;9 AVE;10001;231 9 AVE;True;False;False;False;True;0.723130557;72.31305575
Manhattan;Chelsea-Hudson Yards;1014075;14;188;7;7 AVE;10011;188 7 AVE;True;False;False;True;True;0.746732936;74.67329359
Manhattan;Gramercy;1020550;4;337;21;E  21 ST;10010;337 E  21 ST;True;True;False;False;False;0.243790937;24.37909368
Manhattan;Hell's Kitchen;1025219;6;362;52;W  52 ST;10019;362 W  52 ST;True;True;False;False;False;0.649645889;64.9645889
Manhattan;Upper West Side-Lincoln Square;1030965;15;243;END;W  END AVE;10023;243 W  END AVE;True;False;False;False;True;0.655228986;65.52289855
Manhattan;Midtown South-Flatiron-Union Square;1016071;6.5;7;15;E  15 ST;10003;7 E  15 ST;True;True;True;False;False;0.260589899;26.05898993
Manhattan;Chelsea-Hudson Yards;1013849;12;232;18;W  18 ST;10011;232 W  18 ST;True;False;False;False;True;0.840228547;84.0228547
Manhattan;Upper West Side-Lincoln Square;1028247;5;;;;;;True;True;True;False;False;0.108884082;10.88840824
Manhattan;Upper West Side-Lincoln Square;1028532;4;57;69;W  69 ST;10023;57 W  69 ST;True;True;True;False;False;0.108508752;10.85087524
Manhattan;Chelsea-Hudson Yards;1013127;4;142;9;9 AVE;10011;142 9 AVE;True;False;False;False;True;0.653055868;65.30558683
Manhattan;Upper West Side-Lincoln Square;1028453;9;25;68;W  68 ST;10023;25 W  68 ST;True;False;True;False;True;0.507996175;50.79961748
Manhattan;Upper West Side (Central);1031151;4;;;;;;True;True;True;False;False;0.131241523;13.12415228
Manhattan;Upper West Side-Lincoln Square;1030544;;2101;BROADWAY;BROADWAY;10023;2101 BROADWAY;True;False;False;False;True;0.516855069;51.68550691
Manhattan;Midtown South-Flatiron-Union Square;1016243;4;924;BROADWAY;BROADWAY;10010;924 BROADWAY;True;False;False;False;True;0.872197799;87.21977994
Manhattan;Midtown-Times Square;1014500;12;;;;;;True;False;False;False;True;0.783297281;78.32972808
Manhattan;Midtown South-Flatiron-Union Square;1015049;12;114;27;W  27 ST;10001;114 W  27 ST;True;False;False;False;True;0.855540336;85.55403361
Manhattan;Hell's Kitchen;1025143;4;797;8;8 AVE;10019;797 8 AVE;True;False;False;True;True;0.774395008;77.43950084
Manhattan;Midtown South-Flatiron-Union Square;1015447;10;15;18;W  18 ST;10011;15 W  18 ST;True;False;False;False;True;0.844785109;84.47851093
Manhattan;Upper West Side (Central);1030119;4;143;75;W  75 ST;10023;143 W  75 ST;True;True;True;False;False;0.098639645;9.863964539
Manhattan;Upper West Side (Central);1031408;15;261;CENTRAL;CENTRAL PARK W;10024;261 CENTRAL PARK W;True;False;False;False;True;0.526848371;52.68483709
Manhattan;Midtown South-Flatiron-Union Square;1016248;5;29;21;E  21 ST;10010;29 E  21 ST;True;False;False;False;True;0.838153308;83.81533083
Manhattan;Gramercy;1017901;5;118;19;E  19 ST;10003;118 E  19 ST;True;False;False;False;True;0.638057454;63.80574537
Manhattan;Midtown South-Flatiron-Union Square;1015561;6;172;5;5 AVE;10010;172 5 AVE;True;False;False;True;True;0.780199735;78.0199735
Manhattan;Midtown South-Flatiron-Union Square;1017103;5;;;;;;True;False;False;False;True;0.785295867;78.52958674
Manhattan;Gramercy;1018163;5;115;27;E  27 ST;10016;115 E  27 ST;True;False;True;False;False;0.688290451;68.82904509
Manhattan;Hell's Kitchen;1026426;5;444;45;W  45 ST;10036;444 W  45 ST;True;False;True;False;True;0.419323112;41.9323112
Manhattan;Gramercy;1017888;4;144;19;E  19 ST;10003;144 E  19 ST;True;True;True;False;False;0.107502878;10.75028778
Manhattan;Chelsea-Hudson Yards;1013804;4;233;16;W  16 ST;10011;233 W  16 ST;True;True;True;False;False;0.215157141;21.51571407
Manhattan;Upper West Side (Central);1031413;4;14;87;W  87 ST;10024;14 W  87 ST;True;True;True;False;False;0.09711466;9.71146601
Manhattan;Hell's Kitchen;1025420;9;350;55;W  55 ST;10019;350 W  55 ST;True;True;True;False;False;0.518465568;51.84655676
Manhattan;Midtown South-Flatiron-Union Square;1015471;7;;;;;;True;False;False;False;True;0.728010575;72.80105746
Manhattan;Midtown-Times Square;1022569;33;10;TIMES SQUARE;TIMES SQUARE;10018;10 TIMES SQUARE;True;False;True;False;False;0.81213789;81.21378902
Manhattan;Chelsea-Hudson Yards;1013878;3;231;18;W  18 ST;10011;231 W  18 ST;True;True;True;False;False;0.699948557;69.99485575
Manhattan;Midtown South-Flatiron-Union Square;1015615;;29;25;W  25 ST;10010;29 W  25 ST;True;False;False;False;True;0.621783723;62.17837227
Manhattan;Upper West Side (Central);1031380;5;32;86;W  86 ST;10024;32 W  86 ST;True;True;True;False;False;0.411809148;41.18091478
Manhattan;Gramercy;1019513;5;243;14;E  14 ST;10003;243 E  14 ST;True;False;False;False;True;0.688823272;68.88232722
Manhattan;Upper West Side (Central);1031550;4;55;89;W  89 ST;10024;55 W  89 ST;True;True;True;True;False;0.143802883;14.3802883
Manhattan;Hell's Kitchen;1026845;6;;;;;;True;False;True;True;True;0.699975658;69.99756576
Manhattan;Chelsea-Hudson Yards;1013732;5;201;14;W  14 ST;10011;201 W  14 ST;True;False;False;True;True;0.652095401;65.20954007
Manhattan;Chelsea-Hudson Yards;1012651;3;440;22;W  22 ST;10011;440 W  22 ST;True;True;True;False;False;0.106869406;10.68694057
Manhattan;Midtown South-Flatiron-Union Square;1015779;12;29;30;W  30 ST;10001;29 W  30 ST;False;False;False;False;False;0.880866139;88.08661392
Manhattan;Upper West Side-Lincoln Square;1027191;44;1;CENTRAL;CENTRAL PARK W;10023;1 CENTRAL PARK W;True;True;False;False;False;0.948103923;94.8103923
Manhattan;Midtown-Times Square;1015254;27;115;37;W  37 ST;10018;115 W  37 ST;True;False;False;False;False;0.777629564;77.76295641
Manhattan;Midtown South-Flatiron-Union Square;1017106;16;16;PARK;PARK AVE;10016;16 PARK AVE;True;False;False;False;True;0.711657367;71.16573669
Manhattan;Chelsea-Hudson Yards;1013373;5;360;23;W  23 ST;10011;360 W  23 ST;True;False;False;False;True;0.78708135;78.70813499
Manhattan;Chelsea-Hudson Yards;1014781;12;150;22;W  22 ST;10011;150 W  22 ST;True;False;False;False;True;0.886493357;88.64933572
Manhattan;Upper West Side-Lincoln Square;1029632;8;147;69;W  69 ST;10023;147 W  69 ST;True;True;False;False;True;0.786597814;78.65978143
Manhattan;Chelsea-Hudson Yards;1013811;3;209;16;W  16 ST;10011;209 W  16 ST;True;True;True;False;False;0.133608266;13.36082665
Manhattan;Midtown South-Flatiron-Union Square;1014279;14;257;29;W  29 ST;10001;257 W  29 ST;True;False;False;False;True;0.820977808;82.09778078
Manhattan;Upper West Side (Central);1031052;4;319;76;W  76 ST;10023;319 W  76 ST;True;True;True;False;False;0.154295733;15.42957325
Manhattan;Midtown South-Flatiron-Union Square;1015876;12;1;34;W  34 ST;10001;1 W  34 ST;False;False;False;False;False;0.858651367;85.86513667
Manhattan;Hell's Kitchen;1026991;5;501;47;W  47 ST;10036;501 W  47 ST;True;False;False;False;True;0.624204814;62.42048139
Manhattan;Hell's Kitchen;1026736;5;;;;;;True;False;False;False;True;0.592333021;59.23330212
Manhattan;Upper West Side (Central);1031190;4;24;83;W  83 ST;10024;24 W  83 ST;True;True;True;False;False;0.09369654;9.369653999
Manhattan;Upper West Side (Central);1030913;5;;;;;;True;True;True;False;False;0.537935575;53.79355747
Manhattan;Midtown-Times Square;1014507;3;236;40;W  40 ST;10018;236 W  40 ST;True;False;False;False;True;0.799795644;79.97956437
Manhattan;Hell's Kitchen;1026631;5;696;10;10 AVE;10019;696 10 AVE;True;False;False;False;True;0.622308035;62.23080352
Manhattan;Upper West Side-Lincoln Square;1029884;9;119;71;W  71 ST;10023;119 W  71 ST;True;False;True;False;True;0.625226325;62.52263253
Manhattan;Midtown-Times Square;1015234;16;160;36;W  36 ST;10018;160 W  36 ST;True;False;False;False;True;0.780093534;78.00935343
Manhattan;Upper West Side-Lincoln Square;1028526;4;;;;;;True;True;True;False;False;0.131228683;13.12286825
Manhattan;Upper West Side-Lincoln Square;1029932;6;125;72;W  72 ST;10023;125 W  72 ST;True;False;False;False;True;0.842242906;84.22429058
Manhattan;Midtown-Times Square;1022628;21;133;44;W  44 ST;10036;133 W  44 ST;True;False;False;False;True;0.959315082;95.93150824
Manhattan;Midtown South-Flatiron-Union Square;1014284;14;227;29;W  29 ST;10001;227 W  29 ST;True;False;False;False;True;0.894353212;89.43532122
Manhattan;Chelsea-Hudson Yards;1015023;7;;;;;;True;False;False;False;True;0.762936272;76.29362723
Manhattan;Chelsea-Hudson Yards;1013610;3;;;;;;True;False;False;False;True;0.635021862;63.50218622
Manhattan;Upper West Side (Central);1030856;4;249;76;W  76 ST;10023;249 W  76 ST;True;True;False;False;False;0.094189986;9.4189986
Manhattan;Chelsea-Hudson Yards;1012698;6;;;;;;True;False;True;False;True;0.638182083;63.81820831
Manhattan;Midtown-Times Square;1024720;4;;;;;;True;False;True;False;False;0.676408549;67.64085493
Manhattan;Upper West Side (Central);1031354;4;61;85;W  85 ST;10024;61 W  85 ST;True;True;True;False;False;0.132615786;13.26157864
Manhattan;Midtown South-Flatiron-Union Square;1017014;42;;;;;;True;False;False;False;True;0.974165191;97.41651908
Manhattan;Midtown South-Flatiron-Union Square;1015074;4;101;27;W  27 ST;10001;101 W  27 ST;True;False;False;False;True;0.750973505;75.09735054
Manhattan;Hell's Kitchen;1027134;6;601;50;W  50 ST;10019;601 W  50 ST;True;True;False;False;False;0.715728114;71.57281143
Manhattan;Midtown South-Flatiron-Union Square;1015681;5;29;27;W  27 ST;10001;29 W  27 ST;True;False;False;False;True;0.154088536;15.40885361
Manhattan;Midtown South-Flatiron-Union Square;1014340;12;243;30;W  30 ST;10001;243 W  30 ST;True;False;False;False;True;0.869546021;86.95460207
Manhattan;Hell's Kitchen;1026767;5;807;9;9 AVE;10019;807 9 AVE;False;False;False;False;False;0.616564581;61.65645812
Manhattan;Midtown-Times Square;1015930;16;15;36;W  36 ST;10018;15 W  36 ST;True;False;False;False;True;0.879457937;87.94579367
Manhattan;Chelsea-Hudson Yards;1012398;6;530;27;W  27 ST;10001;530 W  27 ST;True;False;False;False;True;0.87964731;87.96473102
Manhattan;Chelsea-Hudson Yards;1012501;1;460;11;11 AVE;10018;460 11 AVE;True;False;True;False;False;0.516358063;51.63580635
Manhattan;Midtown South-Flatiron-Union Square;1016159;5;7;19;E  19 ST;10003;7 E  19 ST;True;False;False;False;True;0.726003248;72.60032484
Manhattan;Upper West Side (Central);1030731;3;234;75;W  75 ST;10023;234 W  75 ST;True;True;True;False;False;0.128432865;12.84328646
Manhattan;Midtown-Times Square;1023456;21;100;57;W  57 ST;10019;100 W  57 ST;True;False;False;False;True;0.800089561;80.00895612
Manhattan;Chelsea-Hudson Yards;1013805;5;225;16;W  16 ST;10011;225 W  16 ST;True;True;True;False;False;0.635743148;63.57431483
Manhattan;Midtown-Times Square;1015931;8;13;36;W  36 ST;10018;13 W  36 ST;True;False;False;False;True;0.819933797;81.99337973
Manhattan;Upper West Side-Lincoln Square;1028611;5;39;71;W  71 ST;10023;39 W  71 ST;True;True;False;False;False;0.163612836;16.36128364
Manhattan;Hell's Kitchen;1026469;5;446;46;W  46 ST;10036;446 W  46 ST;True;True;False;False;False;0.62112684;62.11268404
Manhattan;Hell's Kitchen;1024946;2;301;42;W  42 ST;10036;301 W  42 ST;True;False;False;False;False;0.87156972;87.15697195
Manhattan;Midtown South-Flatiron-Union Square;1015566;7;10;23;W  23 ST;10010;10 W  23 ST;True;False;False;False;True;0.719867364;71.9867364
Manhattan;Midtown South-Flatiron-Union Square;1015085;3;110;28;W  28 ST;10001;110 W  28 ST;True;False;True;False;False;0.728378032;72.83780319
Manhattan;Midtown South-Flatiron-Union Square;1015708;4;52;28;W  28 ST;10001;52 W  28 ST;True;False;False;False;True;0.740270715;74.02707148
Manhattan;Hell's Kitchen;1026410;4;;;;;;True;True;True;False;False;0.163688708;16.36887076
Manhattan;Midtown-Times Square;1022698;4;;;;;;True;False;False;False;True;0.715116844;71.51168439
Manhattan;Chelsea-Hudson Yards;1012817;3;456;25;W  25 ST;10001;456 W  25 ST;True;True;False;False;False;0.087327241;8.732724098
Manhattan;Chelsea-Hudson Yards;1013116;5;;;;;;True;True;True;False;False;0.184611001;18.46110012
Manhattan;Hell's Kitchen;1026409;4;419;44;W  44 ST;10036;419 W  44 ST;True;True;True;False;False;0.221640708;22.16407077
Manhattan;Midtown-Times Square;1014489;17;250;39;W  39 ST;10018;250 W  39 ST;True;False;False;False;True;0.864810452;86.48104523
Manhattan;Midtown South-Flatiron-Union Square;1017031;12;12;33;E  33 ST;10016;12 E  33 ST;True;False;False;False;True;0.838740445;83.87404452
Manhattan;Midtown-Times Square;1015992;16;49;38;W  38 ST;10018;49 W  38 ST;True;False;False;False;True;0.881491434;88.14914336
Manhattan;Gramercy;1020520;3;353;19;E  19 ST;10003;353 E  19 ST;True;True;True;False;False;0.087470917;8.747091736
Manhattan;Hell's Kitchen;1027014;5;519;48;W  48 ST;10036;519 W  48 ST;True;True;True;False;False;0.210567885;21.05678848
Manhattan;Chelsea-Hudson Yards;1012297;5;511;20;W  20 ST;10011;511 W  20 ST;True;False;False;False;True;0.875798448;87.57984476
Manhattan;Chelsea-Hudson Yards;1012442;4;527;29;W  29 ST;10001;527 W  29 ST;True;False;False;False;True;0.840259629;84.02596286
Manhattan;Hell's Kitchen;1027157;6;625;55;W  55 ST;10019;625 W  55 ST;True;False;False;False;True;0.795899797;79.58997974
Manhattan;Upper West Side-Lincoln Square;1028593;5;20;71;W  71 ST;10023;20 W  71 ST;True;True;True;False;False;0.112876944;11.28769439
Manhattan;Gramercy;1017952;4;5;GRAMERCY;GRAMERCY PARK W;10003;5 GRAMERCY PARK W;True;False;True;False;True;0.093611142;9.361114181
Manhattan;Hell's Kitchen;1025183;17;344;51;W  51 ST;10019;344 W  51 ST;True;False;False;True;True;0.891058615;89.10586153
Manhattan;Hell's Kitchen;1024963;5;325;43;W  43 ST;10036;325 W  43 ST;True;True;True;False;False;0.181145796;18.11457959
Manhattan;Gramercy;1019562;5;237;17;E  17 ST;10003;237 E  17 ST;True;True;True;False;False;0.413338183;41.33381825
Manhattan;Gramercy;1020425;4;273;1;1 AVE;10003;273 1 AVE;True;False;False;False;True;0.784540746;78.45407456
Manhattan;Upper West Side-Lincoln Square;1028244;4;10;68;W  68 ST;10023;10 W  68 ST;True;False;False;False;False;0.244276319;24.42763187
Manhattan;Midtown-Times Square;1015957;2;59;37;W  37 ST;10018;59 W  37 ST;True;False;False;True;True;0.745106869;74.5106869
Manhattan;Hell's Kitchen;1026701;2;;;;;;True;False;False;False;True;0.281594785;28.15947848
Manhattan;Hell's Kitchen;1026349;5;449;43;W  43 ST;10036;449 W  43 ST;True;True;True;False;False;0.169417139;16.94171388
Manhattan;Midtown South-Flatiron-Union Square;1016278;21;1;22;E  22 ST;10010;1 E  22 ST;True;False;True;False;False;0.65287754;65.28775396
Manhattan;Upper West Side (Central);1031229;4;;;;;;True;True;False;False;False;0.137101216;13.71012155
Manhattan;Chelsea-Hudson Yards;1013297;4;323;21;W  21 ST;10011;323 W  21 ST;True;True;True;False;False;0.172651811;17.2651811
Manhattan;Midtown South-Flatiron-Union Square;1014289;4;342;7;7 AVE;10001;342 7 AVE;True;False;False;False;True;0.874872718;87.48727178
Manhattan;Midtown-Times Square;1024840;2;236;54;W  54 ST;10019;236 W  54 ST;True;False;False;False;True;0.703819964;70.38199639
Manhattan;Chelsea-Hudson Yards;1014949;12;135;23;W  23 ST;10011;135 W  23 ST;True;False;False;False;True;0.672002223;67.20022233
Manhattan;Hell's Kitchen;1026718;3;447;51;W  51 ST;10019;447 W  51 ST;True;True;True;False;False;0.145127036;14.5127036
Manhattan;Upper West Side-Lincoln Square;1028260;31;157;COLUMBUS;COLUMBUS AVE;10023;157 COLUMBUS AVE;True;False;False;False;True;0.949127094;94.91270945
Manhattan;Hell's Kitchen;1026875;5;458;57;W  57 ST;10019;458 W  57 ST;True;True;False;False;False;0.157187325;15.71873246
Manhattan;Chelsea-Hudson Yards;1013302;5;311;21;W  21 ST;10011;311 W  21 ST;True;True;True;False;False;0.214897234;21.48972338
Manhattan;Gramercy;1018070;6;125;24;E  24 ST;10010;125 E  24 ST;True;True;False;True;True;0.476625754;47.66257535
Manhattan;Upper West Side-Lincoln Square;1028643;4;40;73;W  73 ST;10023;40 W  73 ST;True;True;False;False;False;0.159883998;15.9883998
Manhattan;Midtown South-Flatiron-Union Square;1017102;5;51;34;E  34 ST;10016;51 E  34 ST;True;False;False;False;True;0.649623077;64.96230771
Manhattan;Hell's Kitchen;1026562;5;421;47;W  47 ST;10036;421 W  47 ST;True;True;False;False;False;0.370592139;37.05921395
Manhattan;Hell's Kitchen;1026385;4;456;44;W  44 ST;10036;456 W  44 ST;True;True;True;False;False;0.171074783;17.10747826
Manhattan;Hell's Kitchen;1025146;5;308;49;W  49 ST;10019;308 W  49 ST;True;True;False;False;False;0.22632494;22.63249397
Manhattan;Chelsea-Hudson Yards;1012815;4;;;;;;True;True;True;False;False;0.15162178;15.16217796
Manhattan;Hell's Kitchen;1026348;3;451;43;W  43 ST;10036;451 W  43 ST;True;False;True;False;True;0.170098618;17.00986184
Manhattan;Midtown-Times Square;1017593;5;25;39;E  39 ST;10016;25 E  39 ST;True;False;True;False;False;0.199533234;19.95332336
Manhattan;Gramercy;1017824;6;140;17;E  17 ST;10003;140 E  17 ST;True;True;True;False;False;0.544796905;54.47969049
Manhattan;Midtown-Times Square;1015919;24;67;36;W  36 ST;10018;67 W  36 ST;True;False;False;False;True;0.875925167;87.59251669
Manhattan;Midtown South-Flatiron-Union Square;1015492;16;23;20;W  20 ST;10011;23 W  20 ST;True;False;False;False;True;0.916314171;91.63141714
Manhattan;Midtown South-Flatiron-Union Square;1016127;4;862;BROADWAY;BROADWAY;10003;862 BROADWAY;False;False;False;False;False;0.505193514;50.51935142
Manhattan;Hell's Kitchen;1026974;5;524;47;W  47 ST;10036;524 W  47 ST;True;False;True;False;True;0.223352797;22.3352797
Manhattan;Hell's Kitchen;1026503;5;428;47;W  47 ST;10036;428 W  47 ST;True;True;False;False;False;0.227419254;22.74192542
Manhattan;Gramercy;1019644;16;245;21;E  21 ST;10010;245 E  21 ST;True;False;False;True;True;0.852600078;85.26000776
Manhattan;Upper West Side (Central);1030216;4;112;78;W  78 ST;10024;112 W  78 ST;True;True;False;False;False;0.057094442;5.709444216
Manhattan;Gramercy;1020498;4;338;19;E  19 ST;10003;338 E  19 ST;True;True;True;False;False;0.20395668;20.39566796
Manhattan;Midtown South-Flatiron-Union Square;1015651;6;222;5;5 AVE;10001;222 5 AVE;True;False;False;False;True;0.874994823;87.49948225
Manhattan;Chelsea-Hudson Yards;1014125;4;203;22;W  22 ST;10011;203 W  22 ST;True;False;False;False;True;0.113788294;11.37882938
Manhattan;Gramercy;1017961;5;;;;;;True;False;False;False;True;0.793761193;79.3761193
Manhattan;Midtown South-Flatiron-Union Square;1016069;11;1;15;E  15 ST;10003;1 E  15 ST;True;False;False;False;True;0.83846957;83.84695703
Manhattan;Midtown South-Flatiron-Union Square;1015060;21;161;27;W  27 ST;10001;161 W  27 ST;False;False;False;False;False;0.843779626;84.37796259
Manhattan;Chelsea-Hudson Yards;1014179;6;254;25;W  25 ST;10001;254 W  25 ST;True;True;True;False;False;0.611221196;61.12211962
Manhattan;Chelsea-Hudson Yards;1012833;6;400;31;W  31 ST;10001;400 W  31 ST;True;False;False;False;True;0.827922372;82.7922372
Manhattan;Chelsea-Hudson Yards;1014076;6;196;7;7 AVE;10011;196 7 AVE;False;False;False;False;False;0.790836868;79.08368682
Manhattan;Hell's Kitchen;1026456;4;661;9;9 AVE;10036;661 9 AVE;True;False;False;False;True;0.788974145;78.89741448
Manhattan;Chelsea-Hudson Yards;1013296;5;;;;;;True;True;True;False;False;0.103397278;10.33972781
Manhattan;Gramercy;1019605;4;;;;;;True;False;True;False;False;0.086400654;8.640065371
Manhattan;Midtown South-Flatiron-Union Square;1016897;6;;;;;;False;False;False;False;False;0.870292254;87.02922538
Manhattan;Midtown South-Flatiron-Union Square;1016745;16;352;PARK;PARK AVE S;10010;352 PARK AVE S;True;False;False;False;True;0.831413082;83.14130821
Manhattan;Upper West Side (Central);1031230;6;7;83;W  83 ST;10024;7 W  83 ST;True;False;True;False;True;0.298762433;29.87624325
Manhattan;Chelsea-Hudson Yards;1013314;4;314;22;W  22 ST;10011;314 W  22 ST;True;True;True;False;False;0.10853943;10.85394296
Manhattan;Upper West Side (Central);1031598;4;57;90;W  90 ST;10024;57 W  90 ST;True;False;True;False;True;0.129248018;12.92480176
Manhattan;Midtown South-Flatiron-Union Square;1015476;5;144;5;5 AVE;10011;144 5 AVE;True;False;False;False;True;0.697234828;69.72348279
Manhattan;Midtown South-Flatiron-Union Square;1017105;26;10;PARK;PARK AVE;10016;10 PARK AVE;True;False;False;False;True;0.766304361;76.6304361
Manhattan;Upper West Side (Central);1030085;6;136;75;W  75 ST;10023;136 W  75 ST;True;False;False;False;True;0.580641738;58.06417383
Manhattan;Hell's Kitchen;1026754;2;455;53;W  53 ST;10019;455 W  53 ST;True;False;False;False;True;0.748418729;74.84187286
Manhattan;Midtown South-Flatiron-Union Square;1015607;1;32;25;W  25 ST;10010;32 W  25 ST;True;False;False;False;True;0.819502164;81.95021642
Manhattan;Hell's Kitchen;1025120;5;696;9;9 AVE;10036;696 9 AVE;True;False;False;False;True;0.221417041;22.1417041
Manhattan;Midtown-Times Square;1024683;10;225;42;W  42 ST;10036;225 W  42 ST;True;False;False;False;False;0.887374418;88.73744185
Manhattan;Midtown-Times Square;1017176;8;;;;;;True;False;False;False;True;0.751020779;75.1020779
Manhattan;Midtown South-Flatiron-Union Square;1015491;12;27;20;W  20 ST;10011;27 W  20 ST;True;False;False;False;True;0.833317757;83.33177573
Manhattan;Chelsea-Hudson Yards;1012308;8;541;21;W  21 ST;10011;541 W  21 ST;True;False;False;False;True;0.828323247;82.83232469
Manhattan;Chelsea-Hudson Yards;1013077;3;145;8;8 AVE;10011;145 8 AVE;True;False;False;False;True;0.498986821;49.89868215
Manhattan;Chelsea-Hudson Yards;1014003;5;250;20;W  20 ST;10011;250 W  20 ST;True;True;True;False;False;0.217209869;21.72098686
Manhattan;Upper West Side (Central);1031142;4;14;82;W  82 ST;10024;14 W  82 ST;True;False;True;False;True;0.148524179;14.8524179
Manhattan;Hell's Kitchen;1026776;5;448;54;W  54 ST;10019;448 W  54 ST;True;True;True;False;False;0.220150335;22.01503355
Manhattan;Upper West Side (Central);1030851;4;255;76;W  76 ST;10023;255 W  76 ST;False;False;False;False;False;0.15637188;15.63718801
Manhattan;Chelsea-Hudson Yards;1012405;3;533;27;W  27 ST;10001;533 W  27 ST;True;False;False;False;True;0.7496344;74.96344
Manhattan;Midtown South-Flatiron-Union Square;1017033;6;2;33;E  33 ST;10016;2 E  33 ST;True;False;False;False;True;0.850723095;85.07230954
Manhattan;Hell's Kitchen;1026901;5;467;57;W  57 ST;10019;467 W  57 ST;True;False;True;False;True;0.130891324;13.08913238
Manhattan;Upper West Side (Central);1031510;4;23;88;W  88 ST;10024;23 W  88 ST;True;True;True;False;False;0.348839691;34.88396909
Manhattan;Upper West Side (Central);1030140;4;106;76;W  76 ST;10023;106 W  76 ST;True;True;True;False;False;0.153434399;15.34343993
Manhattan;Chelsea-Hudson Yards;1013487;4;383;8;8 AVE;10001;383 8 AVE;True;False;False;True;True;0.708386103;70.83861025
Manhattan;Hell's Kitchen;1026470;5;448;46;W  46 ST;10036;448 W  46 ST;True;True;False;False;False;0.213878367;21.38783668
Manhattan;Hell's Kitchen;1025158;5;336;49;W  49 ST;10019;336 W  49 ST;True;True;False;False;False;0.229558572;22.95585719
Manhattan;Chelsea-Hudson Yards;1013489;4;389;8;8 AVE;10001;389 8 AVE;True;False;False;True;True;0.701386086;70.13860863
Manhattan;Midtown South-Flatiron-Union Square;1016279;;11;22;E  22 ST;10010;11 E  22 ST;True;False;False;False;True;0.676032015;67.60320154
Manhattan;Chelsea-Hudson Yards;1012814;5;450;25;W  25 ST;10001;450 W  25 ST;True;False;True;False;False;0.17000413;17.00041303
Manhattan;Upper West Side (Central);1030719;7;251;74;W  74 ST;10023;251 W  74 ST;True;True;True;False;False;0.599755286;59.97552862
Manhattan;Upper West Side (Central);1030146;6;120;76;W  76 ST;10023;120 W  76 ST;True;False;True;False;True;0.334769541;33.47695414
Manhattan;Midtown South-Flatiron-Union Square;1016240;7;155;5;5 AVE;10010;155 5 AVE;True;False;False;False;True;0.820188842;82.01888415
Manhattan;Midtown-Times Square;1017186;5;231;MADISON;MADISON AVE;10016;231 MADISON AVE;True;True;True;False;False;0.215971246;21.59712463
Manhattan;Upper West Side (Central);1030079;4;120;75;W  75 ST;10023;120 W  75 ST;True;True;True;False;False;0.155196892;15.51968925
Manhattan;Chelsea-Hudson Yards;1013789;5;;;;;;True;True;True;False;False;0.737151736;73.71517362
Manhattan;Upper West Side-Lincoln Square;1028245;5;16;68;W  68 ST;10023;16 W  68 ST;True;True;True;False;False;0.127126368;12.71263684
Manhattan;Hell's Kitchen;1026511;5;452;47;W  47 ST;10036;452 W  47 ST;True;True;True;False;False;0.219653966;21.96539657
Manhattan;Gramercy;1019525;4;213;15;E  15 ST;10003;213 E  15 ST;True;True;True;False;False;0.208874893;20.8874893
Manhattan;Chelsea-Hudson Yards;1012630;3.5;;;;;;True;True;True;False;False;0.10303039;10.30303903
Manhattan;Upper West Side (Central);1031482;4;52;88;W  88 ST;10024;52 W  88 ST;True;True;False;False;False;0.142631243;14.26312432
Manhattan;Upper West Side-Lincoln Square;1030431;5;240;72;W  72 ST;10023;240 W  72 ST;True;False;False;False;True;0.566193044;56.6193044
Manhattan;Chelsea-Hudson Yards;1012296;7;513;20;W  20 ST;10011;513 W  20 ST;True;False;False;True;True;0.818781592;81.87815919
Manhattan;Midtown South-Flatiron-Union Square;1015696;2;1177;BROADWAY;BROADWAY;10001;1177 BROADWAY;True;False;True;False;False;0.829896806;82.98968063
Manhattan;Midtown-Times Square;1022663;14;151;46;W  46 ST;10036;151 W  46 ST;True;False;True;False;False;0.890307419;89.03074188
Manhattan;Upper West Side-Lincoln Square;1030511;5;243;72;W  72 ST;10023;243 W  72 ST;True;True;False;False;False;0.562265201;56.22652008
Manhattan;Chelsea-Hudson Yards;1013032;6;;;;;;True;True;True;False;False;0.164022182;16.40221818
Manhattan;Hell's Kitchen;1025034;3;;;;;;True;True;True;False;False;0.094930854;9.493085387
Manhattan;Upper West Side-Lincoln Square;1029656;4;144;70;W  70 ST;10023;144 W  70 ST;True;True;True;False;False;0.156124057;15.61240569
Manhattan;Upper West Side (Central);1031017;4;24;RIVERSIDE;RIVERSIDE DR;10023;24 RIVERSIDE DR;True;True;False;False;False;0.112597299;11.25972991
Manhattan;Chelsea-Hudson Yards;1012882;2;466;10;10 AVE;10018;466 10 AVE;True;False;False;False;True;0.745928587;74.59285873
Manhattan;Gramercy;1020485;4;343;18;E  18 ST;10003;343 E  18 ST;True;True;True;False;False;0.080271634;8.027163407
Manhattan;Gramercy;1017950;4;3;GRAMERCY;GRAMERCY PARK W;10003;3 GRAMERCY PARK W;True;True;True;False;False;0.099011963;9.901196255
Manhattan;Midtown-Times Square;1015263;4;150;38;W  38 ST;10018;150 W  38 ST;True;False;False;False;True;0.726720234;72.67202338
Manhattan;Hell's Kitchen;1025076;5;672;9;9 AVE;10036;672 9 AVE;True;False;False;False;True;0.657941195;65.79411945
Manhattan;Midtown-Times Square;1014412;16;212;35;W  35 ST;10001;212 W  35 ST;False;False;False;False;False;0.910868202;91.08682025
Manhattan;Upper West Side-Lincoln Square;1028553;4;;;;;;True;True;False;False;False;0.12622432;12.62243203
Manhattan;Gramercy;1018189;13;140;28;E  28 ST;10016;140 E  28 ST;True;False;True;False;True;0.650195459;65.01954587
Manhattan;Midtown-Times Square;1023758;16;128;CENTRAL;CENTRAL PARK S;10019;128 CENTRAL PARK S;True;False;False;False;True;0.758425878;75.84258781
Manhattan;Upper West Side (Central);1030998;4;;;;;;True;True;False;False;False;0.097239993;9.723999344
Manhattan;Chelsea-Hudson Yards;1013315;5;316;22;W  22 ST;10011;316 W  22 ST;True;True;True;False;False;0.10484909;10.48490898
Manhattan;Hell's Kitchen;1025083;3;343;46;W  46 ST;10036;343 W  46 ST;True;True;True;False;False;0.650393227;65.03932274
Manhattan;Hell's Kitchen;1027002;4;544;48;W  48 ST;10036;544 W  48 ST;True;False;True;False;False;0.558774944;55.87749441
Manhattan;Hell's Kitchen;1025413;5;311;54;W  54 ST;10019;311 W  54 ST;True;True;True;False;False;0.626200547;62.62005468
Manhattan;Gramercy;1019570;4;226;18;E  18 ST;10003;226 E  18 ST;True;True;True;False;False;0.113046825;11.30468252
Manhattan;Hell's Kitchen;1026788;5;433;54;W  54 ST;10019;433 W  54 ST;True;True;True;False;False;0.168207496;16.82074962
Manhattan;Upper West Side-Lincoln Square;1028539;6;221;COLUMBUS;COLUMBUS AVE;10023;221 COLUMBUS AVE;True;True;False;False;False;0.73286729;73.286729
Manhattan;Gramercy;1019516;2;;;;;;True;True;True;False;False;0.455810858;45.58108578
Manhattan;Midtown-Times Square;1023451;6;131;56;W  56 ST;10019;131 W  56 ST;True;False;False;False;True;0.756132654;75.6132654
Manhattan;Upper West Side-Lincoln Square;1028557;4;25;70;W  70 ST;10023;25 W  70 ST;True;True;False;False;False;0.154541948;15.4541948
Manhattan;Hell's Kitchen;1025107;6;312;48;W  48 ST;10036;312 W  48 ST;True;True;True;False;False;0.194674215;19.46742148
Manhattan;Upper West Side (Central);1030131;4;113;75;W  75 ST;10023;113 W  75 ST;True;True;True;False;False;0.145212377;14.52123771
Manhattan;Upper West Side-Lincoln Square;1029753;4;125;70;W  70 ST;10023;125 W  70 ST;True;False;False;False;True;0.150502026;15.05020259
Manhattan;Upper West Side (Central);1028746;5;51;75;W  75 ST;10023;51 W  75 ST;True;True;True;False;False;0.221294441;22.12944408
Manhattan;Hell's Kitchen;1013649;5;316;39;W  39 ST;10018;316 W  39 ST;True;False;False;False;True;0.211581517;21.15815174
Manhattan;Upper West Side (Central);1031296;4;47;84;W  84 ST;10024;47 W  84 ST;True;True;True;False;False;0.104285053;10.42850527
Manhattan;Upper West Side (Central);1031746;3;;;;;;True;True;True;False;False;0.114230248;11.42302479
Manhattan;Upper West Side (Central);1031018;17;31;RIVERSIDE;RIVERSIDE DR;10023;31 RIVERSIDE DR;True;False;False;False;False;0.701360863;70.13608626
Manhattan;Upper West Side-Lincoln Square;1030545;8;202;74;W  74 ST;10023;202 W  74 ST;True;False;False;False;True;0.697637778;69.76377784
Manhattan;Chelsea-Hudson Yards;1012849;1;402;34;W  34 ST;10001;402 W  34 ST;True;False;False;False;True;0.798930538;79.89305381
Manhattan;Upper West Side-Lincoln Square;1028943;4;108;69;W  69 ST;10023;108 W  69 ST;True;True;True;False;False;0.100932827;10.09328267
Manhattan;Midtown South-Flatiron-Union Square;1015467;6;35;19;W  19 ST;10011;35 W  19 ST;True;False;False;False;True;0.72718057;72.71805695
Manhattan;Chelsea-Hudson Yards;1014199;7;;;;;;True;False;False;False;True;0.515144867;51.51448674
Manhattan;Chelsea-Hudson Yards;1013211;5;333;19;W  19 ST;10011;333 W  19 ST;True;True;False;False;False;0.220301323;22.03013225
Manhattan;Midtown South-Flatiron-Union Square;1015311;4;;;;;;True;True;False;False;False;0.139588003;13.95880025
Manhattan;Upper West Side (Central);1031006;5;305;74;W  74 ST;10023;305 W  74 ST;True;True;False;False;False;0.115446954;11.54469539
Manhattan;Chelsea-Hudson Yards;1013528;3;315;30;W  30 ST;10001;315 W  30 ST;True;True;True;False;False;0.209317869;20.93178686
Manhattan;Chelsea-Hudson Yards;1012552;3;128;10;10 AVE;10011;128 10 AVE;True;False;False;True;True;0.801103691;80.11036905
Manhattan;Upper West Side-Lincoln Square;1030029;4;130;74;W  74 ST;10023;130 W  74 ST;True;True;True;False;False;0.157656749;15.76567489
Manhattan;Upper West Side (Central);1031345;5;34;85;W  85 ST;10024;34 W  85 ST;True;True;True;False;False;0.103000007;10.30000069
Manhattan;Gramercy;1020428;19;295;1;1 AVE;10003;295 1 AVE;True;False;False;False;True;0.856087628;85.60876285
Manhattan;Gramercy;1020430;12;317;17;E  17 ST;10003;317 E  17 ST;True;False;True;False;False;0.384401274;38.44012737
Manhattan;Chelsea-Hudson Yards;1012560;3;445;18;W  18 ST;10011;445 W  18 ST;True;True;True;False;False;0.090855353;9.085535325
Manhattan;Chelsea-Hudson Yards;1013470;4;351;29;W  29 ST;10001;351 W  29 ST;True;True;True;True;False;0.136720616;13.67206157
Manhattan;Midtown-Times Square;1015954;4;1006;OF THE AMERICAS;AVE OF THE AMERICAS;10018;1006 AVE OF THE AMERICAS;True;False;False;False;True;0.742394474;74.23944744
Manhattan;Upper West Side-Lincoln Square;1030515;5;235;72;W  72 ST;10023;235 W  72 ST;True;False;False;False;True;0.636439817;63.6439817
Manhattan;Midtown-Times Square;1022637;16;;;;;;True;False;False;False;True;0.693823119;69.38231191
Manhattan;Gramercy;1018203;12;108;28;E  28 ST;10016;108 E  28 ST;True;True;True;False;False;0.824512036;82.45120358
Manhattan;Upper West Side (Central);1031303;5;;;;;;True;True;True;False;False;0.134312363;13.43123632
Manhattan;Hell's Kitchen;1013653;4;352;39;W  39 ST;10018;352 W  39 ST;True;False;False;False;True;0.691750188;69.17501879
Manhattan;Upper West Side (Central);1031595;27;625;COLUMBUS;COLUMBUS AVE;10024;625 COLUMBUS AVE;True;False;True;False;True;0.824502321;82.45023208
Manhattan;Chelsea-Hudson Yards;1013261;3.5;313;20;W  20 ST;10011;313 W  20 ST;True;False;False;False;True;0.087935985;8.793598542
Manhattan;Midtown South-Flatiron-Union Square;1015130;2;142;29;W  29 ST;10001;142 W  29 ST;True;False;False;False;True;0.783966975;78.39669754
Manhattan;Chelsea-Hudson Yards;1013787;5;;;;;;True;True;True;False;False;0.177347246;17.73472455
Manhattan;Upper West Side (Central);1028756;4;27;75;W  75 ST;10023;27 W  75 ST;True;True;True;False;False;0.157017269;15.70172688
Manhattan;Gramercy;1018108;2;;;;;;True;False;False;False;True;0.47669112;47.66911198
Manhattan;Midtown South-Flatiron-Union Square;1015316;1;36;16;W  16 ST;10011;36 W  16 ST;True;True;True;False;False;0.198565274;19.85652744
Manhattan;Hell's Kitchen;1026616;5;;;;;;True;False;False;False;True;0.193786103;19.3786103
Manhattan;Midtown-Times Square;1022696;6;152;49;W  49 ST;10019;152 W  49 ST;True;False;True;False;True;0.75242307;75.24230697
Manhattan;Chelsea-Hudson Yards;1012258;1;;;;;;True;False;False;True;True;0.884749146;88.4749146
Manhattan;Hell's Kitchen;1025207;3;329;51;W  51 ST;10019;329 W  51 ST;True;True;True;False;False;0.64975578;64.97557797
Manhattan;Midtown-Times Square;1023455;41;111;56;W  56 ST;10019;111 W  56 ST;True;False;False;True;True;0.96194313;96.19431295
Manhattan;Hell's Kitchen;1026720;4;403;51;W  51 ST;10019;403 W  51 ST;True;False;False;True;True;0.59308466;59.308466
Manhattan;Hell's Kitchen;1026705;6;746;10;10 AVE;10019;746 10 AVE;True;True;False;False;False;0.642198158;64.21981575
Manhattan;Upper West Side (Central);1031242;4;60;84;W  84 ST;10024;60 W  84 ST;True;True;True;False;False;0.104295341;10.42953414
Manhattan;Chelsea-Hudson Yards;1012688;4;427;22;W  22 ST;10011;427 W  22 ST;True;True;True;False;False;0.098141343;9.814134332
Manhattan;Upper West Side (Central);1030098;3;165;74;W  74 ST;10023;165 W  74 ST;True;True;False;False;False;0.497640657;49.76406574
Manhattan;Midtown-Times Square;1024882;5;234;56;W  56 ST;10019;234 W  56 ST;True;False;False;False;True;0.8305443;83.05443
Manhattan;Chelsea-Hudson Yards;1012972;5;447;37;W  37 ST;10018;447 W  37 ST;True;True;True;False;False;0.21928494;21.92849404
Manhattan;Upper West Side-Lincoln Square;1029655;4;;;;;;True;True;True;False;False;0.12811247;12.81124698
Manhattan;Chelsea-Hudson Yards;1013299;5;319;21;W  21 ST;10011;319 W  21 ST;True;True;True;False;False;0.214851342;21.48513418
Manhattan;Midtown-Times Square;1024791;4;225;49;W  49 ST;10019;225 W  49 ST;True;False;True;False;True;0.684695376;68.46953756
Manhattan;Hell's Kitchen;1026711;5;754;10;10 AVE;10019;754 10 AVE;True;False;False;False;True;0.628632262;62.86322623
Manhattan;Chelsea-Hudson Yards;1014115;4;225;22;W  22 ST;10011;225 W  22 ST;True;True;True;False;False;0.143410368;14.34103682
Manhattan;Upper West Side-Lincoln Square;1030928;4;;;;;;True;True;True;False;False;0.140964983;14.09649834
Manhattan;Hell's Kitchen;1025140;3;311;48;W  48 ST;10036;311 W  48 ST;True;True;False;False;False;0.691474463;69.14744631
Manhattan;Chelsea-Hudson Yards;1013287;4;349;21;W  21 ST;10011;349 W  21 ST;True;True;True;False;False;0.104123233;10.41232326
Manhattan;Gramercy;1020481;4;335;18;E  18 ST;10003;335 E  18 ST;True;True;True;True;False;0.150418249;15.04182493
Manhattan;Upper West Side (Central);1030208;4;109;77;W  77 ST;10024;109 W  77 ST;True;True;True;False;False;0.154895202;15.48952019
Manhattan;Gramercy;1017954;12;36;GRAMERCY;GRAMERCY PARK E;10003;36 GRAMERCY PARK E;True;True;False;False;False;0.654690453;65.46904534
Manhattan;Upper West Side-Lincoln Square;1029933;15;119;72;W  72 ST;10023;119 W  72 ST;True;False;True;False;True;0.670865121;67.08651215
Manhattan;Midtown-Times Square;1014421;12;268;36;W  36 ST;10018;268 W  36 ST;True;False;False;False;True;0.843728567;84.37285672
Manhattan;Midtown South-Flatiron-Union Square;1015726;5;1180;BROADWAY;BROADWAY;10001;1180 BROADWAY;False;False;False;False;False;0.798987559;79.89875585
Manhattan;Chelsea-Hudson Yards;1012596;5;438;20;W  20 ST;10011;438 W  20 ST;True;True;True;False;False;0.126619683;12.66196831
Manhattan;Chelsea-Hudson Yards;1012700;4;428;23;W  23 ST;10011;428 W  23 ST;True;True;False;False;False;0.106151368;10.6151368
Manhattan;Chelsea-Hudson Yards;1014991;12;138;25;W  25 ST;10001;138 W  25 ST;True;False;False;False;True;0.838609946;83.86099462
Manhattan;Chelsea-Hudson Yards;1013130;4;136;9;9 AVE;10011;136 9 AVE;True;False;True;False;False;0.731953101;73.19531014
Manhattan;Midtown South-Flatiron-Union Square;1015698;11;1181;BROADWAY;BROADWAY;10001;1181 BROADWAY;True;False;False;True;True;0.804839999;80.48399995
Manhattan;Chelsea-Hudson Yards;1012399;6;534;27;W  27 ST;10001;534 W  27 ST;True;False;False;False;True;0.854058337;85.40583367
Manhattan;Chelsea-Hudson Yards;1012841;13;424;33;W  33 ST;10001;424 W  33 ST;True;False;False;False;True;0.824054377;82.40543775
Manhattan;Midtown-Times Square;1014462;17;230;38;W  38 ST;10018;230 W  38 ST;False;False;False;False;False;0.87426651;87.42665101
Manhattan;Upper West Side (Central);1031681;4;10;95;W  95 ST;10025;10 W  95 ST;True;True;False;False;False;0.083553619;8.355361943
Manhattan;Gramercy;1017835;4;;;;;;True;True;True;False;False;0.137588542;13.75885421
Manhattan;Chelsea-Hudson Yards;1014759;13;142;21;W  21 ST;10011;142 W  21 ST;True;False;True;False;False;0.848262627;84.82626272
Manhattan;Chelsea-Hudson Yards;1013122;4;336;19;W  19 ST;10011;336 W  19 ST;True;True;True;False;False;0.225071514;22.5071514
Manhattan;Gramercy;1017845;4;54;IRVING;IRVING PL;10003;54 IRVING PL;True;True;True;False;False;0.381357688;38.1357688
Manhattan;Upper West Side (Central);1031734;4;32;96;W  96 ST;10025;32 W  96 ST;True;True;True;False;False;0.100265341;10.02653415
Manhattan;Gramercy;1017799;5;;;;;;True;False;True;False;False;0.143947845;14.39478446
Manhattan;Gramercy;1020397;5;323;14;E  14 ST;10003;323 E  14 ST;True;True;True;False;False;0.243751333;24.37513326
Manhattan;Gramercy;1020528;4;343;1;1 AVE;10003;343 1 AVE;True;False;False;False;True;0.715676454;71.56764536
Manhattan;Upper West Side-Lincoln Square;1029773;4;130;71;W  71 ST;10023;130 W  71 ST;True;True;True;False;False;0.10383602;10.38360196
Manhattan;Upper West Side (Central);1028727;5;34;75;W  75 ST;10023;34 W  75 ST;True;True;True;False;False;0.166414726;16.64147256
Manhattan;Hell's Kitchen;1027007;2;678;11;11 AVE;10019;678 11 AVE;True;False;False;False;True;0.808996611;80.8996611
Manhattan;Upper West Side (Central);1031168;9;41;82;W  82 ST;10024;41 W  82 ST;True;False;False;False;True;0.64300162;64.30016201
Manhattan;Upper West Side-Lincoln Square;1029650;9;120;70;W  70 ST;10023;120 W  70 ST;True;False;True;False;False;0.537909351;53.79093514
Manhattan;Hell's Kitchen;1026981;5;;;;;;True;True;True;False;False;0.184876806;18.48768061
Manhattan;Gramercy;1019658;4;240;23;E  23 ST;10010;240 E  23 ST;True;False;False;False;True;0.740163301;74.01633007
Manhattan;Midtown South-Flatiron-Union Square;1015314;4;20;16;W  16 ST;10011;20 W  16 ST;True;True;True;True;False;0.201478556;20.14785556
Manhattan;Upper West Side (Central);1031675;3;23;94;W  94 ST;10025;23 W  94 ST;True;True;True;False;False;0.08039435;8.039435031
Manhattan;Hell's Kitchen;1027142;3;604;52;W  52 ST;10019;604 W  52 ST;True;False;False;True;True;0.556121501;55.61215013
Manhattan;Chelsea-Hudson Yards;1012636;4;405;21;W  21 ST;10011;405 W  21 ST;True;True;True;False;False;0.106576057;10.65760566
Manhattan;Chelsea-Hudson Yards;1014025;5;229;20;W  20 ST;10011;229 W  20 ST;True;True;True;False;False;0.215077141;21.50771408
Manhattan;Chelsea-Hudson Yards;1013079;1;149;8;8 AVE;10011;149 8 AVE;True;False;False;False;True;0.783052228;78.30522283
Manhattan;Midtown-Times Square;1022653;4;1550;BROADWAY;BROADWAY;10036;1550 BROADWAY;True;False;False;False;True;0.795446107;79.54461067
Manhattan;Gramercy;1018083;7;130;25;E  25 ST;10010;130 E  25 ST;True;False;False;False;True;0.505443042;50.54430416
Manhattan;Midtown-Times Square;1014440;16;241;36;W  36 ST;10018;241 W  36 ST;True;False;False;False;True;0.907850854;90.78508539
Manhattan;Chelsea-Hudson Yards;1013021;5;313;14;W  14 ST;10014;313 W  14 ST;True;True;True;False;False;0.149378946;14.93789464
Manhattan;Hell's Kitchen;1026592;4;425;48;W  48 ST;10036;425 W  48 ST;True;False;True;True;True;0.184092507;18.40925075
Manhattan;Midtown South-Flatiron-Union Square;1016119;5;19;17;E  17 ST;10003;19 E  17 ST;True;False;False;False;True;0.702051279;70.20512794
Manhattan;Hell's Kitchen;1026923;7;543;43;W  43 ST;10036;543 W  43 ST;True;False;True;False;True;0.740866377;74.08663772
Manhattan;Hell's Kitchen;1026564;5;;;;;;True;False;False;False;True;0.120220738;12.0220738
Manhattan;Gramercy;1018129;3;;;;;;True;True;True;False;False;0.063359184;6.335918384
Manhattan;Hell's Kitchen;1025046;3;355;46;W  46 ST;10036;355 W  46 ST;True;True;True;False;False;0.729817341;72.98173411
Manhattan;Midtown South-Flatiron-Union Square;1016070;19;75;5;5 AVE;10003;75 5 AVE;True;False;False;False;True;0.88550662;88.550662
Manhattan;Chelsea-Hudson Yards;1014520;5;139;14;W  14 ST;10011;139 W  14 ST;True;False;False;False;True;0.631926399;63.19263985
Manhattan;Chelsea-Hudson Yards;1013539;8;350;31;W  31 ST;10001;350 W  31 ST;True;False;False;False;True;0.819607747;81.96077465
Manhattan;Hell's Kitchen;1026471;5;450;46;W  46 ST;10036;450 W  46 ST;True;True;True;False;False;0.215668985;21.56689849
Manhattan;Hell's Kitchen;1026665;5;728;10;10 AVE;10019;728 10 AVE;True;False;False;False;True;0.147796331;14.77963306
Manhattan;Chelsea-Hudson Yards;1013563;5;367;35;W  35 ST;10001;367 W  35 ST;True;True;True;False;False;0.641924708;64.19247085
Manhattan;Midtown South-Flatiron-Union Square;1016930;4;35;29;E  29 ST;10016;35 E  29 ST;True;True;True;False;False;0.176800188;17.68001878
Manhattan;Hell's Kitchen;1026452;6;;;;;;True;False;True;False;False;0.184387199;18.43871991
Manhattan;Gramercy;1017930;3;28;GRAMERCY;GRAMERCY PARK S;10003;28 GRAMERCY PARK S;True;False;True;False;False;0.239257045;23.92570447
Manhattan;Hell's Kitchen;1025185;5;360;51;W  51 ST;10019;360 W  51 ST;True;True;True;False;False;0.240636845;24.06368448
Manhattan;Chelsea-Hudson Yards;1013965;5;188;8;8 AVE;10011;188 8 AVE;True;False;False;False;True;0.18414657;18.414657
Manhattan;Upper West Side-Lincoln Square;1028604;5;241;COLUMBUS;COLUMBUS AVE;10023;241 COLUMBUS AVE;True;False;False;False;True;0.57091376;57.09137604
Manhattan;Gramercy;1020395;5;;;;;;True;False;False;False;True;0.603390347;60.33903466
Manhattan;Chelsea-Hudson Yards;1013606;27;350;37;W  37 ST;10018;350 W  37 ST;True;False;False;False;True;0.884595298;88.45952984
Manhattan;Chelsea-Hudson Yards;1012597;5;440;20;W  20 ST;10011;440 W  20 ST;True;True;True;False;False;0.06955613;6.955612983
Manhattan;Hell's Kitchen;1025086;5;355;47;W  47 ST;10036;355 W  47 ST;True;True;True;False;False;0.223398375;22.3398375
Manhattan;Midtown-Times Square;1015944;5;18;37;W  37 ST;10018;18 W  37 ST;True;False;False;False;True;0.634732816;63.47328157
Manhattan;Chelsea-Hudson Yards;1014013;5;202;8;8 AVE;10011;202 8 AVE;True;False;False;False;True;0.626269301;62.62693008
Manhattan;Upper West Side (Central);1028807;4;33;76;W  76 ST;10023;33 W  76 ST;True;True;False;False;False;0.104760419;10.47604189
Manhattan;Gramercy;1018182;3;386;3;3 AVE;10016;386 3 AVE;True;False;True;False;False;0.778023689;77.80236886
Manhattan;Midtown South-Flatiron-Union Square;1015078;5;801;OF THE AMERICAS;AVE OF THE AMERICAS;10001;801 AVE OF THE AMERICAS;True;False;False;False;True;0.741526065;74.15260647
Manhattan;Upper West Side (Central);1031125;3;387;END;W  END AVE;10024;387 W  END AVE;True;True;False;False;False;0.104798173;10.47981733
Manhattan;Upper West Side (Central);1030199;4;133;77;W  77 ST;10024;133 W  77 ST;True;True;True;False;False;0.054735851;5.473585107
Manhattan;Upper West Side (Central);1031092;15.5;50;RIVERSIDE;RIVERSIDE DR;10024;50 RIVERSIDE DR;True;False;False;False;True;0.672587636;67.25876361
Manhattan;Upper West Side (Central);1030221;4;126;78;W  78 ST;10024;126 W  78 ST;True;True;True;False;False;0.087492429;8.749242914
Manhattan;Upper West Side-Lincoln Square;1028596;5;48;71;W  71 ST;10023;48 W  71 ST;True;True;True;False;False;0.117007822;11.70078217
Manhattan;Hell's Kitchen;1026687;5;;;;;;True;True;False;False;False;0.548191801;54.81918012
Manhattan;Chelsea-Hudson Yards;1014996;4;;;;;;True;True;True;False;False;0.658504732;65.8504732
Manhattan;Hell's Kitchen;1026643;5;459;49;W  49 ST;10019;459 W  49 ST;True;True;False;False;False;0.201229929;20.12299286
Manhattan;Upper West Side (Central);1031189;4;;;;;;True;True;True;False;False;0.122034831;12.20348308
Manhattan;Upper West Side-Lincoln Square;1029923;5;151;72;W  72 ST;10023;151 W  72 ST;True;False;False;False;True;0.597929655;59.79296547
Manhattan;Upper West Side (Central);1030155;4;156;76;W  76 ST;10023;156 W  76 ST;True;True;True;False;False;0.156073944;15.60739445
Manhattan;Upper West Side (Central);1031599;4;;;;;;True;True;True;False;False;0.112379545;11.23795453
Manhattan;Hell's Kitchen;1026057;5;370;58;W  58 ST;10019;370 W  58 ST;True;False;False;False;True;0.673508669;67.35086691
Manhattan;Upper West Side (Central);1028714;28;1;74;W  74 ST;10023;1 W  74 ST;True;True;False;False;False;0.634760364;63.47603644
Manhattan;Gramercy;1019771;22;217;23;E  23 ST;10010;217 E  23 ST;True;False;False;False;True;0.882341534;88.23415341
Manhattan;Chelsea-Hudson Yards;1013486;4;301;29;W  29 ST;10001;301 W  29 ST;True;False;True;False;False;0.193519295;19.35192949
Manhattan;Midtown South-Flatiron-Union Square;1015548;6;48;22;W  22 ST;10010;48 W  22 ST;True;False;False;False;True;0.786071031;78.60710312
Manhattan;Chelsea-Hudson Yards;1013197;3;365;19;W  19 ST;10011;365 W  19 ST;True;True;True;False;False;0.148284645;14.82846452
Manhattan;Hell's Kitchen;1027099;6;628;45;W  45 ST;10036;628 W  45 ST;False;False;False;False;False;0.68066286;68.06628598
Manhattan;Upper West Side-Lincoln Square;1029633;6;143;69;W  69 ST;10023;143 W  69 ST;True;True;True;False;False;0.636413864;63.64138636
Manhattan;Chelsea-Hudson Yards;1013275;4;352;21;W  21 ST;10011;352 W  21 ST;True;True;False;False;False;0.120730044;12.07300437
Manhattan;Hell's Kitchen;1026782;4;451;54;W  54 ST;10019;451 W  54 ST;True;False;False;False;True;0.663807781;66.38077811
Manhattan;Chelsea-Hudson Yards;1012858;20;433;34;W  34 ST;10001;433 W  34 ST;True;False;False;False;True;0.729688607;72.96886074
Manhattan;Gramercy;1018152;5;134;27;E  27 ST;10016;134 E  27 ST;True;False;False;True;True;0.681516004;68.15160044
Manhattan;Chelsea-Hudson Yards;1014101;4;236;8;8 AVE;10011;236 8 AVE;True;False;False;False;True;0.71946398;71.94639801
Manhattan;Midtown South-Flatiron-Union Square;1016118;8;17;17;E  17 ST;10003;17 E  17 ST;True;False;False;False;True;0.739233783;73.92337825
Manhattan;Upper West Side (Central);1031005;4;307;74;W  74 ST;10023;307 W  74 ST;True;True;True;False;False;0.10593001;10.59300096
Manhattan;Upper West Side-Lincoln Square;1028621;5;30;72;W  72 ST;10023;30 W  72 ST;True;True;True;False;False;0.197433514;19.74335136
Manhattan;Chelsea-Hudson Yards;1012555;5;136;10;10 AVE;10011;136 10 AVE;True;False;False;False;True;0.822104793;82.21047928
Manhattan;Midtown South-Flatiron-Union Square;1016094;9;;;;;;True;False;False;False;True;0.806492538;80.6492538
Manhattan;Midtown South-Flatiron-Union Square;1015105;7;131;28;W  28 ST;10001;131 W  28 ST;True;False;False;False;True;0.841873623;84.18736226
Manhattan;Upper West Side-Lincoln Square;1028680;5;32;74;W  74 ST;10023;32 W  74 ST;True;True;True;True;False;0.517820593;51.78205929
Manhattan;Upper West Side (Central);1031174;4;19;82;W  82 ST;10024;19 W  82 ST;True;False;True;True;True;0.134057902;13.4057902
Manhattan;Midtown-Times Square;1015244;16;104;37;W  37 ST;10018;104 W  37 ST;True;False;False;False;True;0.85215336;85.21533597
Manhattan;Upper West Side (Central);1031693;4;44;95;W  95 ST;10025;44 W  95 ST;True;True;True;False;False;0.106561606;10.65616057
Manhattan;Hell's Kitchen;1026882;16;457;57;W  57 ST;10019;457 W  57 ST;True;False;False;False;True;0.627854487;62.78544874
Manhattan;Hell's Kitchen;1027135;5;;;;;;True;False;False;False;True;0.708819661;70.88196609
Manhattan;Gramercy;1018027;3;156;23;E  23 ST;10010;156 E  23 ST;True;False;False;False;True;0.765692766;76.56927663
Manhattan;Chelsea-Hudson Yards;1013506;4;360;30;W  30 ST;10001;360 W  30 ST;True;True;True;False;False;0.20773038;20.773038
Manhattan;Hell's Kitchen;1025401;4;357;53;W  53 ST;10019;357 W  53 ST;True;True;True;False;False;0.190153069;19.01530689
Manhattan;Midtown-Times Square;1014502;7;552;7;7 AVE;10018;552 7 AVE;True;False;False;False;True;0.859365104;85.93651035
Manhattan;Midtown-Times Square;1015249;14;148;37;W  37 ST;10018;148 W  37 ST;True;False;False;False;True;0.90383524;90.38352396
Manhattan;Midtown-Times Square;1017177;5;9;36;E  36 ST;10016;9 E  36 ST;True;False;False;False;True;0.745683308;74.56833076
Manhattan;Upper West Side (Central);1031587;4;29;89;W  89 ST;10024;29 W  89 ST;True;True;True;False;False;0.139640707;13.96407072
Manhattan;Chelsea-Hudson Yards;1013378;3;358;23;W  23 ST;10011;358 W  23 ST;True;False;True;False;True;0.720133662;72.01336619
Manhattan;Chelsea-Hudson Yards;1013552;33;304;34;W  34 ST;10001;304 W  34 ST;True;False;False;False;True;0.923453284;92.34532844
Manhattan;Midtown South-Flatiron-Union Square;1016956;14;118;MADISON;MADISON AVE;10016;118 MADISON AVE;True;False;False;False;True;0.83677207;83.67720698
Manhattan;Chelsea-Hudson Yards;1013464;1;361;29;W  29 ST;10001;361 W  29 ST;True;False;True;False;True;0.784112536;78.41125362
Manhattan;Chelsea-Hudson Yards;1013770;5;;;;;;True;False;True;True;True;0.189974706;18.99747064
Manhattan;Upper West Side-Lincoln Square;1028941;5;188;COLUMBUS;COLUMBUS AVE;10023;188 COLUMBUS AVE;True;True;False;False;False;0.563518137;56.35181373
Manhattan;Midtown South-Flatiron-Union Square;1015865;4;40;34;W  34 ST;10001;40 W  34 ST;True;False;False;False;True;0.814677872;81.4677872
Manhattan;Hell's Kitchen;1025138;4;;;;;;True;True;False;False;False;0.629920643;62.99206431
Manhattan;Midtown South-Flatiron-Union Square;1015786;12;;;;;;True;False;False;False;True;0.797807621;79.78076214
Manhattan;Gramercy;1017844;4;;;;;;True;False;True;False;True;0.33057894;33.05789405
Manhattan;Midtown-Times Square;1017190;8.5;2;37;E  37 ST;10016;2 E  37 ST;True;False;False;False;True;0.759318611;75.93186113
Manhattan;Midtown South-Flatiron-Union Square;1016919;7;;;;;;True;False;True;False;False;0.209700403;20.97004034
Manhattan;Chelsea-Hudson Yards;1012808;6;412;25;W  25 ST;10001;412 W  25 ST;True;False;False;False;True;0.529926954;52.9926954
Manhattan;Upper West Side-Lincoln Square;1029874;7;167;71;W  71 ST;10023;167 W  71 ST;True;True;True;True;False;0.479723719;47.97237189
Manhattan;Chelsea-Hudson Yards;1013235;4;;;;;;True;True;True;False;False;0.124390852;12.43908522
Manhattan;Upper West Side (Central);1030266;4;168;79;W  79 ST;10024;168 W  79 ST;True;True;False;False;False;0.350881299;35.08812986
Manhattan;Midtown-Times Square;1015256;4;1011;OF THE AMERICAS;AVE OF THE AMERICAS;10018;1011 AVE OF THE AMERICAS;True;False;False;False;True;0.736146635;73.6146635
Manhattan;Midtown-Times Square;1015918;2;972;OF THE AMERICAS;AVE OF THE AMERICAS;10018;972 AVE OF THE AMERICAS;True;False;False;False;True;0.835128165;83.51281646
Manhattan;Midtown-Times Square;1023723;22;145;57;W  57 ST;10019;145 W  57 ST;True;False;False;False;True;0.918975624;91.89756237
Manhattan;Hell's Kitchen;1013682;12;323;39;W  39 ST;10018;323 W  39 ST;True;False;False;False;True;0.793832276;79.3832276
Manhattan;Chelsea-Hudson Yards;1013257;5;;;;;;True;True;True;False;False;0.109912808;10.99128081
Manhattan;Chelsea-Hudson Yards;1013788;6;242;16;W  16 ST;10011;242 W  16 ST;True;True;False;False;False;0.651849546;65.18495461
Manhattan;Midtown South-Flatiron-Union Square;1015703;1;;;;;;True;False;False;False;True;0.775080041;77.50800406
Manhattan;Upper West Side-Lincoln Square;1029648;5;200;COLUMBUS;COLUMBUS AVE;10023;200 COLUMBUS AVE;False;False;False;False;False;0.545654296;54.56542963
Manhattan;Midtown South-Flatiron-Union Square;1016221;4;28;21;E  21 ST;10010;28 E  21 ST;True;True;False;False;False;0.098687273;9.868727314
Manhattan;Hell's Kitchen;1027117;5;622;47;W  47 ST;10036;622 W  47 ST;True;False;False;False;True;0.795687612;79.56876122
Manhattan;Hell's Kitchen;1026373;6;;;;;;True;False;False;False;True;0.539231666;53.9231666
Manhattan;Gramercy;1020463;4;314;2;2 AVE;10003;314 2 AVE;True;True;False;True;False;0.119783873;11.97838731
Manhattan;Upper West Side-Lincoln Square;1028565;5;6;71;W  71 ST;10023;6 W  71 ST;True;True;True;False;False;0.117434338;11.74343382
Manhattan;Hell's Kitchen;1026583;5;451;48;W  48 ST;10036;451 W  48 ST;True;True;True;False;False;0.148895814;14.88958139
Manhattan;Midtown South-Flatiron-Union Square;1015210;5;142;34;W  34 ST;10001;142 W  34 ST;True;False;False;False;True;0.786304161;78.63041607
Manhattan;Midtown South-Flatiron-Union Square;1015495;9;;;;;;True;False;False;False;True;0.70800595;70.80059498
Manhattan;Midtown South-Flatiron-Union Square;1015754;6;47;29;W  29 ST;10001;47 W  29 ST;True;False;False;False;True;0.871296526;87.12965257
Manhattan;Chelsea-Hudson Yards;1014975;4;;;;;;True;False;False;False;True;0.814897055;81.4897055
Manhattan;Upper West Side (Central);1030161;4;145;75;W  75 ST;10023;145 W  75 ST;True;True;True;False;False;0.159827359;15.9827359
Manhattan;Upper West Side (Central);1030253;3;115;78;W  78 ST;10024;115 W  78 ST;True;True;True;False;False;0.135224342;13.52243421
Manhattan;Chelsea-Hudson Yards;1012333;1;;;;;;True;True;False;False;False;0.706150606;70.61506057
Manhattan;Hell's Kitchen;1027042;5;550;50;W  50 ST;10019;550 W  50 ST;True;True;True;False;False;0.234883776;23.48837757
Manhattan;Upper West Side (Central);1031743;5;39;95;W  95 ST;10025;39 W  95 ST;True;True;True;False;False;0.059175075;5.917507547
Manhattan;Hell's Kitchen;1025256;3;320;53;W  53 ST;10019;320 W  53 ST;True;True;True;False;False;0.134298169;13.42981686
Manhattan;Midtown-Times Square;1024746;5;;;;;;True;False;False;False;True;0.826948253;82.69482528
Manhattan;Midtown-Times Square;1017116;8;373;5;5 AVE;10016;373 5 AVE;True;False;False;False;True;0.505741023;50.57410226
Manhattan;Chelsea-Hudson Yards;1014667;2;;;;;;True;False;False;False;True;0.693235817;69.32358167
Manhattan;Midtown South-Flatiron-Union Square;1016129;2;36;18;E  18 ST;10003;36 E  18 ST;True;False;False;True;True;0.830079676;83.00796762
Manhattan;Midtown South-Flatiron-Union Square;1015154;22;363;7;7 AVE;10001;363 7 AVE;True;False;False;False;True;0.76207135;76.20713504
Manhattan;Chelsea-Hudson Yards;1013998;4;;;;;;True;False;False;True;True;0.142150144;14.21501437
Manhattan;Upper West Side (Central);1031209;3;6;83;W  83 ST;10024;6 W  83 ST;True;True;False;False;False;0.093619298;9.361929819
Manhattan;Upper West Side (Central);1031462;5;7;87;W  87 ST;10024;7 W  87 ST;True;True;True;False;False;0.457407972;45.74079719
Manhattan;Hell's Kitchen;1027045;5;539;49;W  49 ST;10019;539 W  49 ST;True;True;True;False;False;0.217282704;21.7282704
Manhattan;Midtown-Times Square;1017597;43;22;40;E  40 ST;10016;22 E  40 ST;True;False;False;False;True;0.883173375;88.31733745
Manhattan;Hell's Kitchen;1025178;5;314;51;W  51 ST;10019;314 W  51 ST;True;True;True;True;False;0.213509169;21.35091692
Manhattan;Chelsea-Hudson Yards;1013773;5;219;15;W  15 ST;10011;219 W  15 ST;True;True;True;False;False;0.204957489;20.49574888
Manhattan;Gramercy;1020437;4;333;17;E  17 ST;10003;333 E  17 ST;True;False;True;True;True;0.208010849;20.80108493
Manhattan;Chelsea-Hudson Yards;1013015;4;325;14;W  14 ST;10014;325 W  14 ST;True;True;True;False;False;0.763359393;76.33593932
Manhattan;Upper West Side-Lincoln Square;1028574;4;36;71;W  71 ST;10023;36 W  71 ST;True;True;False;False;False;0.103899993;10.38999933
Manhattan;Upper West Side (Central);1031757;16;145;79;W  79 ST;10024;145 W  79 ST;True;True;False;False;False;0.692214779;69.22147787
Manhattan;Upper West Side-Lincoln Square;1028828;7;;;;;;True;False;True;True;True;0.511472055;51.14720552
Manhattan;Midtown-Times Square;1022619;3;140;44;W  44 ST;10036;140 W  44 ST;True;True;True;False;False;0.819152178;81.9152178
Manhattan;Chelsea-Hudson Yards;1012298;1;506;21;W  21 ST;10011;506 W  21 ST;False;False;False;False;False;0.726704549;72.67045492
Manhattan;Upper West Side-Lincoln Square;1029946;13;126;73;W  73 ST;10023;126 W  73 ST;True;False;False;False;True;0.597046433;59.70464331
Manhattan;Chelsea-Hudson Yards;1014119;4;215;22;W  22 ST;10011;215 W  22 ST;True;True;True;False;False;0.201145113;20.11451134
Manhattan;Gramercy;1019636;5;213;21;E  21 ST;10010;213 E  21 ST;True;True;True;False;False;0.264153669;26.41536692
Manhattan;Upper West Side (Central);1030103;4;141;74;W  74 ST;10023;141 W  74 ST;True;True;True;False;False;0.16294782;16.29478197
Manhattan;Midtown-Times Square;1015895;2;21;35;W  35 ST;10001;21 W  35 ST;True;False;False;False;True;0.728058919;72.80589189
Manhattan;Gramercy;1020436;4;;;;;;True;True;True;False;False;0.127689164;12.7689164
Manhattan;Hell's Kitchen;1026447;5;425;45;W  45 ST;10036;425 W  45 ST;True;True;True;False;False;0.204065202;20.40652024
Manhattan;Chelsea-Hudson Yards;1013748;6;250;15;W  15 ST;10011;250 W  15 ST;True;False;True;False;True;0.585897767;58.5897767
Manhattan;Gramercy;1020455;4;314;18;E  18 ST;10003;314 E  18 ST;True;True;True;False;False;0.083685004;8.368500427
Manhattan;Upper West Side-Lincoln Square;1029969;12.5;105;72;W  72 ST;10023;105 W  72 ST;True;False;False;False;True;0.808821865;80.88218651
Manhattan;Midtown South-Flatiron-Union Square;1015732;12;260;5;5 AVE;10001;260 5 AVE;True;False;False;False;True;0.858072072;85.80720719
Manhattan;Upper West Side (Central);1031177;4;13;82;W  82 ST;10024;13 W  82 ST;True;False;True;True;True;0.135233836;13.52338356
Manhattan;Chelsea-Hudson Yards;1013221;4;306;20;W  20 ST;10011;306 W  20 ST;True;True;True;False;False;0.173108508;17.31085084
Manhattan;Upper West Side (Central);1031063;4;345;END;W  END AVE;10024;345 W  END AVE;True;True;False;False;False;0.095129696;9.512969578
Manhattan;Midtown South-Flatiron-Union Square;1015644;5;11;26;W  26 ST;10010;11 W  26 ST;True;False;False;False;True;0.576497113;57.64971132
Manhattan;Midtown South-Flatiron-Union Square;1015030;4;;;;;;True;False;False;False;True;0.727932053;72.79320532
Manhattan;Midtown-Times Square;1024854;12.5;850;7;7 AVE;10019;850 7 AVE;True;False;False;False;True;0.859026903;85.90269029
Manhattan;Hell's Kitchen;1026633;5;;;;;;True;True;True;False;False;0.135262573;13.52625731
Manhattan;Midtown-Times Square;1017244;11;2;39;E  39 ST;10016;2 E  39 ST;True;False;False;False;True;0.848069984;84.80699843
Manhattan;Hell's Kitchen;1027059;14;530;55;W  55 ST;10019;530 W  55 ST;True;False;True;False;True;0.570518524;57.05185237
Manhattan;Chelsea-Hudson Yards;1014182;5;264;25;W  25 ST;10001;264 W  25 ST;True;True;False;False;False;0.253447706;25.34477062
Manhattan;Chelsea-Hudson Yards;1013624;3;300;38;W  38 ST;10018;300 W  38 ST;True;False;False;False;True;0.836848892;83.68488923
Manhattan;Chelsea-Hudson Yards;1014813;6;119;22;W  22 ST;10011;119 W  22 ST;True;True;False;True;False;0.600261539;60.02615394
Manhattan;Hell's Kitchen;1025079;3;369;46;W  46 ST;10036;369 W  46 ST;True;True;True;False;False;0.726653496;72.66534959
Manhattan;Midtown South-Flatiron-Union Square;1016244;5;15;21;E  21 ST;10010;15 E  21 ST;True;True;True;False;False;0.527538178;52.75381782
Manhattan;Upper West Side-Lincoln Square;1030331;8;247;63;W  63 ST;10023;247 W  63 ST;True;True;False;False;False;0.619400351;61.94003509
Manhattan;Hell's Kitchen;1026581;5;690;10;10 AVE;10019;690 10 AVE;True;False;False;False;True;0.627801228;62.78012278
Manhattan;Hell's Kitchen;1025071;5;346;47;W  47 ST;10036;346 W  47 ST;True;True;True;False;False;0.254208713;25.42087125
Manhattan;Chelsea-Hudson Yards;1013790;5;250;16;W  16 ST;10011;250 W  16 ST;True;True;True;False;False;0.569365975;56.93659749
Manhattan;Chelsea-Hudson Yards;1013236;4;350;20;W  20 ST;10011;350 W  20 ST;True;True;True;False;False;0.109522478;10.95224782
Manhattan;Chelsea-Hudson Yards;1014069;5;221;21;W  21 ST;10011;221 W  21 ST;True;True;False;False;False;0.560133056;56.01330563
Manhattan;Chelsea-Hudson Yards;1014993;12;152;25;W  25 ST;10001;152 W  25 ST;True;True;True;False;False;0.889634767;88.96347675
Manhattan;Gramercy;1020471;3;313;18;E  18 ST;10003;313 E  18 ST;True;True;True;False;False;0.081068898;8.106889777
Manhattan;Chelsea-Hudson Yards;1013848;6;249;17;W  17 ST;10011;249 W  17 ST;True;False;False;False;True;0.839636811;83.96368114
Manhattan;Chelsea-Hudson Yards;1013523;4;325;30;W  30 ST;10001;325 W  30 ST;True;True;True;False;False;0.230591372;23.0591372
Manhattan;Midtown South-Flatiron-Union Square;1016168;4;41;19;E  19 ST;10003;41 E  19 ST;True;True;False;False;False;0.10037532;10.037532
Manhattan;Chelsea-Hudson Yards;1013812;4;207;16;W  16 ST;10011;207 W  16 ST;True;False;True;False;True;0.182595442;18.25954423
Manhattan;Hell's Kitchen;1025045;4;357;46;W  46 ST;10036;357 W  46 ST;True;True;True;False;False;0.693578448;69.35784478
Manhattan;Chelsea-Hudson Yards;1012289;2;512;20;W  20 ST;10011;512 W  20 ST;True;False;True;False;True;0.436576207;43.65762069
Manhattan;Midtown-Times Square;1017246;6;433;5;5 AVE;10016;433 5 AVE;True;True;False;False;False;0.847796258;84.7796258
Manhattan;Upper West Side-Lincoln Square;1028454;4;23;68;W  68 ST;10023;23 W  68 ST;True;True;False;False;False;0.157610913;15.7610913
Manhattan;Midtown South-Flatiron-Union Square;1016164;8;;;;;;True;False;False;False;True;0.800419079;80.04190786
Manhattan;Hell's Kitchen;1024995;12;330;45;W  45 ST;10036;330 W  45 ST;True;False;True;False;True;0.822054639;82.20546392
Manhattan;Midtown South-Flatiron-Union Square;1015547;5;46;22;W  22 ST;10010;46 W  22 ST;True;False;False;False;True;0.634039936;63.40399356
Manhattan;Chelsea-Hudson Yards;1013291;6;337;21;W  21 ST;10011;337 W  21 ST;True;True;False;False;False;0.301739896;30.17398955
Manhattan;Midtown-Times Square;1017594;5;;;;;;True;False;False;True;True;0.511901447;51.19014471
Manhattan;Midtown-Times Square;1014471;20;580;8;8 AVE;10018;580 8 AVE;True;False;False;False;True;0.751882879;75.18828795
Manhattan;Midtown South-Flatiron-Union Square;1015376;12;43;16;W  16 ST;10011;43 W  16 ST;True;False;False;False;True;0.675055139;67.50551387
Manhattan;Hell's Kitchen;1026467;5;430;46;W  46 ST;10036;430 W  46 ST;True;False;True;False;False;0.184413372;18.44133724
Manhattan;Upper West Side (Central);1028813;4;19;76;W  76 ST;10023;19 W  76 ST;True;True;True;False;False;0.156207693;15.62076925
Manhattan;Upper West Side (Central);1031202;5;475;COLUMBUS;COLUMBUS AVE;10024;475 COLUMBUS AVE;True;True;True;False;False;0.572053422;57.20534218
Manhattan;Midtown South-Flatiron-Union Square;1016958;12;121;MADISON;MADISON AVE;10016;121 MADISON AVE;True;False;False;False;True;0.7353883;73.53883001
Manhattan;Midtown South-Flatiron-Union Square;1015512;12;54;21;W  21 ST;10010;54 W  21 ST;True;False;False;False;True;0.837265344;83.72653439
Manhattan;Midtown South-Flatiron-Union Square;1015490;4;35;20;W  20 ST;10011;35 W  20 ST;True;True;True;False;False;0.633340194;63.33401936
Manhattan;Gramercy;1019602;16;201;19;E  19 ST;10003;201 E  19 ST;True;False;True;False;False;0.847964313;84.7964313
Manhattan;Chelsea-Hudson Yards;1014169;6;253;24;W  24 ST;10011;253 W  24 ST;True;True;True;False;False;0.426290791;42.62907908
Manhattan;Hell's Kitchen;1026690;5;402;51;W  51 ST;10019;402 W  51 ST;True;False;False;False;True;0.622963539;62.29635389
Manhattan;Midtown-Times Square;1024867;5;259;55;W  55 ST;10019;259 W  55 ST;True;False;False;False;True;0.663377864;66.3377864
Manhattan;Midtown South-Flatiron-Union Square;1015716;4;51;28;W  28 ST;10001;51 W  28 ST;True;True;False;False;False;0.751397847;75.13978472
Manhattan;Midtown South-Flatiron-Union Square;1015679;7;39;27;W  27 ST;10001;39 W  27 ST;True;False;True;False;False;0.550668967;55.06689666
Manhattan;Hell's Kitchen;1026481;5;451;46;W  46 ST;10036;451 W  46 ST;True;True;True;False;False;0.648015491;64.80154906
Manhattan;Midtown-Times Square;1024767;2;782;8;8 AVE;10036;782 8 AVE;True;False;False;False;True;0.884305755;88.43057554
Manhattan;Upper West Side (Central);1031060;4;303;76;W  76 ST;10023;303 W  76 ST;True;True;True;False;False;0.095587674;9.558767435
Manhattan;Upper West Side (Central);1030868;5;264;77;W  77 ST;10024;264 W  77 ST;True;True;True;False;False;0.152007587;15.20075872
Manhattan;Hell's Kitchen;1026779;6;;;;;;True;True;True;False;False;0.180269872;18.02698723
Manhattan;Midtown South-Flatiron-Union Square;1015217;3;435;7;7 AVE;10001;435 7 AVE;True;False;False;True;True;0.845582899;84.55828994
Manhattan;Chelsea-Hudson Yards;1013009;7;337;14;W  14 ST;10014;337 W  14 ST;True;True;True;False;False;0.790026469;79.00264685
Manhattan;Midtown-Times Square;1015267;12;109;38;W  38 ST;10018;109 W  38 ST;True;False;False;False;True;0.861193013;86.11930125
Manhattan;Hell's Kitchen;1025439;14;;;;;;True;False;True;False;True;0.766082366;76.60823657
Manhattan;Upper West Side (Central);1031291;5;57;84;W  84 ST;10024;57 W  84 ST;True;True;False;False;True;0.554782199;55.47821989
Manhattan;Midtown-Times Square;1017221;16;20;38;E  38 ST;10016;20 E  38 ST;True;False;False;False;True;0.597963902;59.79639025
Manhattan;Midtown-Times Square;1022561;12;1431;BROADWAY;BROADWAY;10018;1431 BROADWAY;False;False;False;False;False;0.854101266;85.41012656
Manhattan;Midtown South-Flatiron-Union Square;1015054;7;154;27;W  27 ST;10001;154 W  27 ST;True;False;False;False;True;0.809467103;80.94671028
Manhattan;Upper West Side (Central);1031350;4;75;85;W  85 ST;10024;75 W  85 ST;True;True;True;False;False;0.133496242;13.34962418
Manhattan;Hell's Kitchen;1027011;5;527;48;W  48 ST;10036;527 W  48 ST;True;True;True;False;False;0.213375275;21.33752748
Manhattan;Chelsea-Hudson Yards;1013609;1;356;37;W  37 ST;10018;356 W  37 ST;True;False;False;False;True;0.785908794;78.59087945
Manhattan;Gramercy;1018087;12;;;;;;False;False;False;False;False;0.820973204;82.09732039
Manhattan;Upper West Side-Lincoln Square;1028518;4;40;70;W  70 ST;10023;40 W  70 ST;True;True;True;False;False;0.157556553;15.75565527
Manhattan;Upper West Side-Lincoln Square;1030042;4;114;74;W  74 ST;10023;114 W  74 ST;True;True;True;False;False;0.097028749;9.702874927
Manhattan;Upper West Side-Lincoln Square;1028546;5;53;70;W  70 ST;10023;53 W  70 ST;True;True;True;False;False;0.175362137;17.53621371
Manhattan;Hell's Kitchen;1024965;14;311;43;W  43 ST;10036;311 W  43 ST;True;False;False;False;True;0.618908813;61.89088129
Manhattan;Upper West Side-Lincoln Square;1028460;4;16;69;W  69 ST;10023;16 W  69 ST;True;True;False;False;False;0.168012406;16.80124057
Manhattan;Upper West Side-Lincoln Square;1030337;7;80;END;W  END AVE;10023;80 W  END AVE;True;False;False;False;True;0.520595966;52.05959656
Manhattan;Midtown South-Flatiron-Union Square;1014332;3;267;30;W  30 ST;10001;267 W  30 ST;True;False;False;False;True;0.598939342;59.89393425
Manhattan;Hell's Kitchen;1024967;3;301;43;W  43 ST;10036;301 W  43 ST;True;False;False;False;True;0.726659831;72.66598305
Manhattan;Chelsea-Hudson Yards;1013094;5;134;9;9 AVE;10011;134 9 AVE;True;False;False;False;True;0.702673747;70.2673747
Manhattan;Upper West Side (Central);1031605;12;35;90;W  90 ST;10024;35 W  90 ST;True;False;False;True;True;0.545734477;54.57344773
Manhattan;Chelsea-Hudson Yards;1014016;3;;;;;;True;True;True;False;False;0.160140411;16.01404114
Manhattan;Upper West Side-Lincoln Square;1028648;4;44;73;W  73 ST;10023;44 W  73 ST;True;True;True;False;False;0.157616558;15.76165576
Manhattan;Upper West Side (Central);1031473;4;30;88;W  88 ST;10024;30 W  88 ST;True;True;True;False;False;0.145605379;14.56053788
Manhattan;Gramercy;1020507;5;314;19;E  19 ST;10003;314 E  19 ST;True;True;True;False;False;0.321323902;32.13239022
Manhattan;Midtown-Times Square;1017229;12;11;38;E  38 ST;10016;11 E  38 ST;True;False;False;False;True;0.867649928;86.76499277
Manhattan;Upper West Side-Lincoln Square;1030349;1;190;AMSTERDAM;AMSTERDAM AVE;10023;190 AMSTERDAM AVE;True;False;False;False;True;0.417557968;41.75579684
Manhattan;Upper West Side-Lincoln Square;1029942;4;116;73;W  73 ST;10023;116 W  73 ST;True;False;True;False;False;0.147526242;14.75262423
Manhattan;Hell's Kitchen;1025236;6;365;52;W  52 ST;10019;365 W  52 ST;True;False;True;False;False;0.600022611;60.00226114
Manhattan;Chelsea-Hudson Yards;1012821;3;258;10;10 AVE;10001;258 10 AVE;True;False;False;True;True;0.693952755;69.39527547
Manhattan;Gramercy;1017996;6;145;21;E  21 ST;10010;145 E  21 ST;True;False;True;False;False;0.591180961;59.11809608
Manhattan;Chelsea-Hudson Yards;1014951;5;123;23;W  23 ST;10011;123 W  23 ST;True;True;False;False;False;0.532415174;53.24151739
Manhattan;Upper West Side-Lincoln Square;1028246;5;20;68;W  68 ST;10023;20 W  68 ST;True;True;True;True;False;0.17768933;17.76893304
Manhattan;Hell's Kitchen;1026935;3;502;44;W  44 ST;10036;502 W  44 ST;True;False;True;False;False;0.162621244;16.26212439
Manhattan;Hell's Kitchen;1026969;5;661;10;10 AVE;10036;661 10 AVE;True;False;False;False;True;0.182926038;18.29260376
Manhattan;Hell's Kitchen;1026877;4;856;10;10 AVE;10019;856 10 AVE;True;False;False;False;True;0.695827107;69.58271073
Manhattan;Midtown South-Flatiron-Union Square;1016902;12;31;28;E  28 ST;10016;31 E  28 ST;True;False;False;False;True;0.86804549;86.80454896
Manhattan;Midtown-Times Square;1016043;6;21;39;W  39 ST;10018;21 W  39 ST;True;False;True;False;True;0.843927299;84.39272994
Manhattan;Chelsea-Hudson Yards;1012599;2;444;20;W  20 ST;10011;444 W  20 ST;True;True;True;False;False;0.124633984;12.46339842
Manhattan;Chelsea-Hudson Yards;1014771;12;133;21;W  21 ST;10011;133 W  21 ST;True;False;False;False;True;0.604860693;60.48606933
Manhattan;Upper West Side-Lincoln Square;1030550;9;244;74;W  74 ST;10023;244 W  74 ST;True;False;False;False;True;0.752925057;75.29250574
Manhattan;Midtown-Times Square;1015223;1;155;35;W  35 ST;10001;155 W  35 ST;True;False;False;False;True;0.727913073;72.7913073
Manhattan;Chelsea-Hudson Yards;1013518;4;;;;;;True;True;True;False;False;0.119285602;11.92856024
Manhattan;Upper West Side-Lincoln Square;1030530;4;262;73;W  73 ST;10023;262 W  73 ST;True;True;True;False;False;0.15593723;15.59372296
Manhattan;Hell's Kitchen;1026652;5;;;;;;True;True;True;False;False;0.56662473;56.66247296
Manhattan;Hell's Kitchen;1026895;5;446;58;W  58 ST;10019;446 W  58 ST;True;True;True;False;False;0.187945643;18.79456428
Manhattan;Gramercy;1017923;4;141;19;E  19 ST;10003;141 E  19 ST;False;False;False;False;False;0.100894639;10.08946395
Manhattan;Upper West Side-Lincoln Square;1029927;5;;;;;;True;False;False;False;True;0.550439882;55.04398824
Manhattan;Midtown South-Flatiron-Union Square;1016158;6;5;19;E  19 ST;10003;5 E  19 ST;True;False;False;False;True;0.818337218;81.83372179
Manhattan;Chelsea-Hudson Yards;1014592;5;144;17;W  17 ST;10011;144 W  17 ST;True;False;False;False;True;0.662267191;66.22671914
Manhattan;Upper West Side (Central);1031447;4;53;87;W  87 ST;10024;53 W  87 ST;True;True;True;False;False;0.070637173;7.063717262
Manhattan;Midtown-Times Square;1024684;3;217;42;W  42 ST;10036;217 W  42 ST;True;True;True;False;False;0.699152148;69.91521481
Manhattan;Upper West Side (Central);1030212;5;370;COLUMBUS;COLUMBUS AVE;10024;370 COLUMBUS AVE;True;False;False;False;True;0.739296012;73.92960125
Manhattan;Hell's Kitchen;1026881;5;463;57;W  57 ST;10019;463 W  57 ST;True;False;True;False;True;0.139080252;13.90802522
Manhattan;Chelsea-Hudson Yards;1014150;3;209;23;W  23 ST;10011;209 W  23 ST;True;False;False;False;False;0.334122548;33.41225476
Manhattan;Midtown-Times Square;1015911;4;;;;;;True;False;False;False;True;0.655064939;65.50649388
Manhattan;Chelsea-Hudson Yards;1013106;3;;;;;;True;False;False;False;True;0.637733177;63.77331774
Manhattan;Chelsea-Hudson Yards;1013504;3;356;30;W  30 ST;10001;356 W  30 ST;True;True;True;False;False;0.190301202;19.03012024
Manhattan;Midtown-Times Square;1024901;24;229;57;W  57 ST;10019;229 W  57 ST;True;False;False;False;True;0.797171117;79.71711174
Manhattan;Chelsea-Hudson Yards;1014549;3;;;;;;True;True;True;False;False;0.109878618;10.98786177
Manhattan;Upper West Side-Lincoln Square;1029785;4;152;71;W  71 ST;10023;152 W  71 ST;True;False;True;False;True;0.311651536;31.16515358
Manhattan;Midtown-Times Square;1014504;3;200;40;W  40 ST;10018;200 W  40 ST;True;False;False;False;True;0.775545449;77.55454493
Manhattan;Upper West Side (Central);1031139;16;15;81;W  81 ST;10024;15 W  81 ST;True;False;False;False;True;0.592731407;59.27314065
Manhattan;Upper West Side (Central);1030725;2;2131;BROADWAY;BROADWAY;10023;2131 BROADWAY;True;False;False;False;True;0.711637467;71.16374671
Manhattan;Upper West Side-Lincoln Square;1030547;4;234;74;W  74 ST;10023;234 W  74 ST;True;True;False;False;False;0.167263028;16.72630284
Manhattan;Upper West Side (Central);1028787;5;;;;;;True;True;False;False;False;0.102681865;10.26818647
Manhattan;Hell's Kitchen;1025060;5;320;47;W  47 ST;10036;320 W  47 ST;True;True;True;False;False;0.174557164;17.4557164
Manhattan;Chelsea-Hudson Yards;1012549;1;;;;;;True;False;False;False;True;0.69574441;69.57444096
Manhattan;Gramercy;1020390;5;309;14;E  14 ST;10003;309 E  14 ST;True;True;False;True;True;0.692856341;69.28563408
Manhattan;Gramercy;1018153;14;128;27;E  27 ST;10016;128 E  27 ST;True;True;True;False;False;0.674937889;67.49378887
Manhattan;Midtown-Times Square;1017120;33;1;35;E  35 ST;10016;1 E  35 ST;True;False;False;False;True;0.966097679;96.60976792
Manhattan;Midtown South-Flatiron-Union Square;1016277;5;8;22;E  22 ST;10010;8 E  22 ST;True;False;False;False;False;0.683891575;68.38915749
Manhattan;Upper West Side (Central);1028733;4;50;75;W  75 ST;10023;50 W  75 ST;True;True;True;False;False;0.154520218;15.45202184
Manhattan;Chelsea-Hudson Yards;1013429;21;249;8;8 AVE;10011;249 8 AVE;True;False;False;False;True;0.890139659;89.01396586
Manhattan;Midtown-Times Square;1017240;4;28;39;E  39 ST;10016;28 E  39 ST;True;True;True;True;False;0.600556773;60.05567733
Manhattan;Chelsea-Hudson Yards;1014557;5;121;15;W  15 ST;10011;121 W  15 ST;True;True;True;False;False;0.112380835;11.23808353
Manhattan;Midtown South-Flatiron-Union Square;1015531;12;15;21;W  21 ST;10010;15 W  21 ST;True;False;False;False;True;0.832434386;83.24343857
Manhattan;Upper West Side (Central);1030090;4;150;75;W  75 ST;10023;150 W  75 ST;True;True;True;False;False;0.107654119;10.76541187
Manhattan;Gramercy;1018122;13;101;26;E  26 ST;10010;101 E  26 ST;True;False;False;False;True;0.885647687;88.56476866
Manhattan;Gramercy;1019557;4;217;17;E  17 ST;10003;217 E  17 ST;True;True;True;False;False;0.058000423;5.800042337
Manhattan;Upper West Side-Lincoln Square;1028948;12.5;140;69;W  69 ST;10023;140 W  69 ST;True;False;True;False;False;0.546677782;54.66777816
Manhattan;Hell's Kitchen;1026390;3;426;44;W  44 ST;10036;426 W  44 ST;True;True;True;False;False;0.175430796;17.54307962
Manhattan;Upper West Side (Central);1031094;4;321;77;W  77 ST;10024;321 W  77 ST;True;True;False;False;False;0.115514449;11.55144491
Manhattan;Midtown South-Flatiron-Union Square;1016062;21;7;14;E  14 ST;10003;7 E  14 ST;True;False;False;False;True;0.820783359;82.07833585
Manhattan;Hell's Kitchen;1026636;4;408;49;W  49 ST;10019;408 W  49 ST;True;False;False;False;True;0.155531867;15.55318669
Manhattan;Upper West Side (Central);1031398;5;55;86;W  86 ST;10024;55 W  86 ST;True;False;False;False;True;0.615074107;61.50741067
Manhattan;Midtown-Times Square;1014420;1;490;8;8 AVE;10001;490 8 AVE;True;False;False;False;True;0.863328743;86.33287432
Manhattan;Upper West Side (Central);1031674;3;25;94;W  94 ST;10025;25 W  94 ST;True;False;True;False;True;0.127456387;12.74563871
Manhattan;Gramercy;1017833;5;116;17;E  17 ST;10003;116 E  17 ST;True;True;True;False;False;0.180011057;18.00110565
Manhattan;Upper West Side (Central);1030910;4;206;79;W  79 ST;10024;206 W  79 ST;True;True;False;False;False;0.526413871;52.64138712
Manhattan;Upper West Side-Lincoln Square;1030389;3;274;71;W  71 ST;10023;274 W  71 ST;True;False;True;False;False;0.102149412;10.21494115
Manhattan;Chelsea-Hudson Yards;1013597;1;305;36;W  36 ST;10018;305 W  36 ST;True;True;True;False;False;0.804558929;80.45589286
Manhattan;Gramercy;1020497;4;340;19;E  19 ST;10003;340 E  19 ST;True;True;True;False;False;0.094542113;9.454211276
Manhattan;Midtown South-Flatiron-Union Square;1014300;14;232;30;W  30 ST;10001;232 W  30 ST;True;True;False;False;False;0.870793242;87.07932422
Manhattan;Chelsea-Hudson Yards;1012281;4;512;19;W  19 ST;10011;512 W  19 ST;True;False;False;False;True;0.89199063;89.19906301
Manhattan;Upper West Side-Lincoln Square;1030359;17;230;END;W  END AVE;10023;230 W  END AVE;True;False;True;False;True;0.783463953;78.34639525
Manhattan;Upper West Side (Central);1028802;4;43;76;W  76 ST;10023;43 W  76 ST;True;True;False;False;False;0.148094728;14.80947276
Manhattan;Gramercy;1019731;17;235;22;E  22 ST;10010;235 E  22 ST;True;False;False;False;True;0.89564258;89.56425798
Manhattan;Upper West Side-Lincoln Square;1030013;9;115;73;W  73 ST;10023;115 W  73 ST;True;False;True;False;False;0.755130814;75.51308139
Manhattan;Upper West Side (Central);1030268;4;157;78;W  78 ST;10024;157 W  78 ST;True;True;False;False;False;0.098125363;9.812536274
Manhattan;Upper West Side-Lincoln Square;1028940;5;182;COLUMBUS;COLUMBUS AVE;10023;182 COLUMBUS AVE;True;False;False;False;True;0.561306689;56.13066885
Manhattan;Chelsea-Hudson Yards;1012718;4;464;23;W  23 ST;10011;464 W  23 ST;True;True;True;False;False;0.105743316;10.57433156
Manhattan;Midtown South-Flatiron-Union Square;1014349;7;412;8;8 AVE;10001;412 8 AVE;True;False;True;False;False;0.817132234;81.71322342
Manhattan;Hell's Kitchen;1025240;14;333;52;W  52 ST;10019;333 W  52 ST;True;False;False;False;True;0.829795154;82.97951536
Manhattan;Hell's Kitchen;1027161;2;;;;;;True;False;True;False;False;0.56066067;56.06606699
Manhattan;Midtown South-Flatiron-Union Square;1015063;4;149;27;W  27 ST;10001;149 W  27 ST;True;False;False;True;True;0.848007463;84.80074632
Manhattan;Upper West Side (Central);1031053;5;317;76;W  76 ST;10023;317 W  76 ST;True;True;True;True;False;0.102328335;10.23283347
Manhattan;Midtown South-Flatiron-Union Square;1016896;24;2;28;E  28 ST;10016;2 E  28 ST;True;False;False;False;True;0.76411016;76.41101604
Manhattan;Chelsea-Hudson Yards;1013461;3;348;26;W  26 ST;10001;348 W  26 ST;True;False;False;False;True;0.333886215;33.38862146
Manhattan;Upper West Side (Central);1030251;4;121;78;W  78 ST;10024;121 W  78 ST;True;True;True;False;False;0.099644291;9.964429132
Manhattan;Chelsea-Hudson Yards;1013771;4;223;15;W  15 ST;10011;223 W  15 ST;True;True;True;False;False;0.142522889;14.25228885
Manhattan;Chelsea-Hudson Yards;1014090;5;244;22;W  22 ST;10011;244 W  22 ST;True;True;True;False;False;0.21688499;21.68849902
Manhattan;Midtown South-Flatiron-Union Square;1014242;2;;;;;;False;False;False;False;False;0.753879084;75.38790845
Manhattan;Midtown-Times Square;1015926;13;29;36;W  36 ST;10018;29 W  36 ST;True;False;False;False;True;0.881835127;88.18351266
Manhattan;Midtown-Times Square;1022647;5;136;46;W  46 ST;10036;136 W  46 ST;True;False;False;False;True;0.8475779;84.75779004
Manhattan;Upper West Side-Lincoln Square;1030413;9;235;71;W  71 ST;10023;235 W  71 ST;True;False;False;False;True;0.549977714;54.99777135
Manhattan;Upper West Side-Lincoln Square;1030940;3;336;71;W  71 ST;10023;336 W  71 ST;True;True;True;False;False;0.111716698;11.17166984
Manhattan;Hell's Kitchen;1013689;4;;;;;;True;False;True;False;False;0.751682143;75.16821431
Manhattan;Midtown South-Flatiron-Union Square;1016207;5;;;;;;True;False;False;False;True;0.736051906;73.60519062
Manhattan;Upper West Side-Lincoln Square;1030385;4;254;71;W  71 ST;10023;254 W  71 ST;True;True;True;False;False;0.112154548;11.21545476
Manhattan;Chelsea-Hudson Yards;1013974;5;;;;;;True;False;False;False;True;0.58076661;58.07666105
Manhattan;Chelsea-Hudson Yards;1012530;3;440;15;W  15 ST;10011;440 W  15 ST;False;False;False;False;False;0.496567442;49.65674423
Manhattan;Midtown South-Flatiron-Union Square;1014286;2.5;223;29;W  29 ST;10001;223 W  29 ST;True;False;False;False;True;0.318350439;31.83504389
Manhattan;Upper West Side (Central);1030154;4;154;76;W  76 ST;10023;154 W  76 ST;True;True;False;True;False;0.156179781;15.6179781
Manhattan;Hell's Kitchen;1025123;4;686;9;9 AVE;10036;686 9 AVE;True;False;False;False;True;0.704524358;70.45243579
Manhattan;Upper West Side (Central);1031568;6;292;CENTRAL;CENTRAL PARK W;10024;292 CENTRAL PARK W;True;True;True;False;False;0.606480919;60.64809189
Manhattan;Chelsea-Hudson Yards;1013851;8;227;17;W  17 ST;10011;227 W  17 ST;True;False;False;False;True;0.85155738;85.15573804
Manhattan;Midtown South-Flatiron-Union Square;1014347;15;254;31;W  31 ST;10001;254 W  31 ST;False;False;False;False;False;0.910830579;91.08305786
Manhattan;Upper West Side-Lincoln Square;1029636;4;;;;;;True;True;False;False;False;0.093378706;9.337870607
Manhattan;Chelsea-Hudson Yards;1013377;4;351;22;W  22 ST;10011;351 W  22 ST;True;True;True;False;False;0.14892417;14.89241696
Manhattan;Upper West Side (Central);1031223;3;;;;;;True;False;True;False;True;0.098092892;9.80928918
Manhattan;Midtown South-Flatiron-Union Square;1015190;12;100;33;W  33 ST;10001;100 W  33 ST;True;False;False;False;True;0.811682765;81.16827652
Manhattan;Chelsea-Hudson Yards;1013083;4;308;18;W  18 ST;10011;308 W  18 ST;True;True;True;False;False;0.160618787;16.0618787
Manhattan;Midtown South-Flatiron-Union Square;1017101;36;47;34;E  34 ST;10016;47 E  34 ST;True;False;False;False;True;0.925042207;92.50422068
Manhattan;Midtown-Times Square;1015241;6;1356;BROADWAY;BROADWAY;10018;1356 BROADWAY;True;False;False;True;True;0.837665858;83.76658577
Manhattan;Upper West Side-Lincoln Square;1030443;5;;;;;;True;True;False;False;False;0.585688618;58.56886179
Manhattan;Chelsea-Hudson Yards;1013801;3;;;;;;True;True;True;False;False;0.118269797;11.82697973
Manhattan;Upper West Side (Central);1031537;4;;;;;;True;True;False;True;False;0.079486063;7.948606302
Manhattan;Midtown South-Flatiron-Union Square;1014288;4;205;29;W  29 ST;10001;205 W  29 ST;True;False;False;False;True;0.856072563;85.60725633
Manhattan;Chelsea-Hudson Yards;1013608;4;356;37;W  37 ST;10018;356 W  37 ST;True;False;False;False;True;0.699810224;69.98102242
Manhattan;Gramercy;1018147;12;160;27;E  27 ST;10016;160 E  27 ST;True;False;False;False;True;0.772858355;77.28583551
Manhattan;Hell's Kitchen;1013648;5;;;;;;True;False;False;False;True;0.185529409;18.55294086
Manhattan;Chelsea-Hudson Yards;1012683;4;;;;;;True;True;False;False;False;0.117782827;11.77828274
Manhattan;Midtown South-Flatiron-Union Square;1016951;19;295;5;5 AVE;10016;295 5 AVE;True;False;False;False;True;0.888081712;88.80817123
Manhattan;Midtown South-Flatiron-Union Square;1015875;6;;;;;;True;False;False;False;True;0.72646979;72.64697898
Manhattan;Chelsea-Hudson Yards;1013472;4;347;29;W  29 ST;10001;347 W  29 ST;True;True;True;True;False;0.088740266;8.874026578
Manhattan;Midtown-Times Square;1017126;20;20;PARK;PARK AVE;10016;20 PARK AVE;True;False;False;False;True;0.901432913;90.14329132
Manhattan;Gramercy;1020414;12;318;15;E  15 ST;10003;318 E  15 ST;True;True;False;True;True;0.741056323;74.10563231
Manhattan;Gramercy;1017858;8;122;18;E  18 ST;10003;122 E  18 ST;True;False;True;False;False;0.677369485;67.73694855
Manhattan;Midtown South-Flatiron-Union Square;1015710;5;818;OF THE AMERICAS;AVE OF THE AMERICAS;10001;818 AVE OF THE AMERICAS;True;False;False;False;True;0.846429045;84.64290452
Manhattan;Midtown-Times Square;1015894;4;23;35;W  35 ST;10001;23 W  35 ST;True;False;True;False;False;0.754571963;75.45719626
Manhattan;Hell's Kitchen;1026976;5;528;47;W  47 ST;10036;528 W  47 ST;True;True;False;False;False;0.639956361;63.99563606
Manhattan;Upper West Side (Central);1031107;5;316;78;W  78 ST;10024;316 W  78 ST;True;False;True;True;True;0.120379003;12.03790026
Manhattan;Gramercy;1019571;4;224;18;E  18 ST;10003;224 E  18 ST;True;True;True;False;False;0.113776171;11.37761714
Manhattan;Upper West Side-Lincoln Square;1030378;14;228;71;W  71 ST;10023;228 W  71 ST;True;False;False;False;True;0.701065613;70.10656133
Manhattan;Upper West Side-Lincoln Square;1030942;7;342;71;W  71 ST;10023;342 W  71 ST;True;False;False;False;True;0.664738281;66.47382813
Manhattan;Hell's Kitchen;1025416;19;300;55;W  55 ST;10019;300 W  55 ST;True;False;False;False;True;0.84115322;84.115322
Manhattan;Upper West Side-Lincoln Square;1028522;4;48;70;W  70 ST;10023;48 W  70 ST;True;True;True;False;False;0.06023025;6.023024985
Manhattan;Midtown South-Flatiron-Union Square;1015652;6;224;5;5 AVE;10001;224 5 AVE;True;False;False;False;True;0.810482341;81.04823407
Manhattan;Upper West Side (Central);1031381;5;34;86;W  86 ST;10024;34 W  86 ST;True;True;True;False;False;0.49656622;49.65662203
Manhattan;Midtown South-Flatiron-Union Square;1015103;3;137;28;W  28 ST;10001;137 W  28 ST;True;False;False;True;True;0.750286026;75.02860255
Manhattan;Upper West Side (Central);1031328;4;52;85;W  85 ST;10024;52 W  85 ST;True;True;True;False;False;0.073757966;7.37579663
Manhattan;Upper West Side-Lincoln Square;1028232;15;30;67;W  67 ST;10023;30 W  67 ST;True;False;False;True;True;0.720330051;72.03300511
Manhattan;Midtown-Times Square;1024736;43;247;46;W  46 ST;10036;247 W  46 ST;True;False;False;False;True;0.975761276;97.57612762
Manhattan;Chelsea-Hudson Yards;1012601;4;448;20;W  20 ST;10011;448 W  20 ST;True;True;True;False;False;0.11686896;11.68689599
Manhattan;Upper West Side (Central);1031153;4;72;82;W  82 ST;10024;72 W  82 ST;True;True;True;False;False;0.153331213;15.33312131
Manhattan;Upper West Side (Central);1031122;3;381;END;W  END AVE;10024;381 W  END AVE;True;False;True;True;False;0.135444989;13.54449895
Manhattan;Hell's Kitchen;1025162;5;348;49;W  49 ST;10019;348 W  49 ST;True;False;True;False;True;0.240245776;24.02457765
Manhattan;Midtown South-Flatiron-Union Square;1016988;12;135;MADISON;MADISON AVE;10016;135 MADISON AVE;True;False;False;False;True;0.834089676;83.40896755
Manhattan;Gramercy;1017871;5;72;IRVING;IRVING PL;10003;72 IRVING PL;True;True;True;False;False;0.177273193;17.72731927
Manhattan;Chelsea-Hudson Yards;1014159;6;220;24;W  24 ST;10011;220 W  24 ST;True;True;False;False;False;0.501337099;50.13370988
Manhattan;Hell's Kitchen;1026351;3;443;43;W  43 ST;10036;443 W  43 ST;True;True;True;False;False;0.118600067;11.86000671
Manhattan;Hell's Kitchen;1024957;1;359;43;W  43 ST;10036;359 W  43 ST;True;False;False;False;True;0.741475437;74.14754367
Manhattan;Midtown South-Flatiron-Union Square;1015121;4;825;OF THE AMERICAS;AVE OF THE AMERICAS;10001;825 AVE OF THE AMERICAS;True;False;False;False;True;0.755627807;75.56278073
Manhattan;Midtown South-Flatiron-Union Square;1015104;5;135;28;W  28 ST;10001;135 W  28 ST;True;False;False;False;True;0.247490144;24.74901441
Manhattan;Midtown South-Flatiron-Union Square;1016996;16;32;32;E  32 ST;10016;32 E  32 ST;True;False;False;False;True;0.792810375;79.28103746
Manhattan;Hell's Kitchen;1026728;7;432;52;W  52 ST;10019;432 W  52 ST;True;False;False;False;True;0.670149617;67.01496169
Manhattan;Hell's Kitchen;1027034;5;522;50;W  50 ST;10019;522 W  50 ST;True;True;False;True;True;0.162104496;16.21044956
Manhattan;Midtown South-Flatiron-Union Square;1015193;3;425;7;7 AVE;10001;425 7 AVE;True;False;False;False;True;0.751325972;75.13259719
Manhattan;Midtown South-Flatiron-Union Square;1016201;20;20;21;E  21 ST;10010;20 E  21 ST;True;False;False;False;True;0.672425634;67.24256341
Manhattan;Upper West Side-Lincoln Square;1030980;9;338;72;W  72 ST;10023;338 W  72 ST;True;False;False;False;True;0.583271475;58.32714747
Manhattan;Hell's Kitchen;1024953;4;;;;;;True;False;False;False;True;0.68889809;68.88980901
Manhattan;Midtown-Times Square;1024859;4;240;55;W  55 ST;10019;240 W  55 ST;True;False;False;False;True;0.734140796;73.41407964
Manhattan;Chelsea-Hudson Yards;1012665;4;487;22;W  22 ST;10011;487 W  22 ST;True;True;True;False;False;0.061072967;6.107296673
Manhattan;Midtown-Times Square;1024765;4.5;244;48;W  48 ST;10036;244 W  48 ST;True;False;False;False;True;0.611477592;61.1477592
Manhattan;Upper West Side-Lincoln Square;1030541;5;284;END;W  END AVE;10023;284 W  END AVE;True;True;True;False;False;0.110908213;11.09082129
Manhattan;Chelsea-Hudson Yards;1013844;3;;;;;;True;False;False;False;True;0.766958872;76.69588716
Manhattan;Upper West Side-Lincoln Square;1029916;12;175;72;W  72 ST;10023;175 W  72 ST;True;False;False;False;True;0.659081567;65.90815674
Manhattan;Upper West Side-Lincoln Square;1030396;10;220;71;W  71 ST;10023;220 W  71 ST;True;True;True;False;False;0.737070277;73.70702771
Manhattan;Upper West Side (Central);1031716;3;;;;;;True;True;False;False;False;0.111341287;11.13412866
Manhattan;Hell's Kitchen;1025405;4;828;9;9 AVE;10019;828 9 AVE;True;False;False;False;True;0.755429951;75.54299506
Manhattan;Midtown-Times Square;1016058;16;58;40;W  40 ST;10018;58 W  40 ST;True;False;False;False;True;0.850200033;85.02000331
Manhattan;Midtown South-Flatiron-Union Square;1015152;20;144;30;W  30 ST;10001;144 W  30 ST;True;False;False;False;True;0.713227445;71.32274453
Manhattan;Hell's Kitchen;1013698;5;536;9;9 AVE;10018;536 9 AVE;True;False;True;False;False;0.671539076;67.15390764
Manhattan;Upper West Side-Lincoln Square;1028535;4;;;;;;True;True;False;False;False;0.126147589;12.6147589
Manhattan;Midtown South-Flatiron-Union Square;1016196;12;137;5;5 AVE;10010;137 5 AVE;True;False;False;False;True;0.838678854;83.86788541
Manhattan;Hell's Kitchen;1026753;5;424;53;W  53 ST;10019;424 W  53 ST;True;False;True;True;True;0.194446804;19.44468044
Manhattan;Midtown South-Flatiron-Union Square;1016981;20;303;5;5 AVE;10016;303 5 AVE;True;False;False;False;False;0.674087372;67.40873717
Manhattan;Midtown South-Flatiron-Union Square;1016151;12;222;PARK;PARK AVE S;10003;222 PARK AVE S;True;False;False;False;True;0.822540316;82.25403162
Manhattan;Upper West Side (Central);1031336;5;72;85;W  85 ST;10024;72 W  85 ST;True;True;True;False;False;0.156409728;15.64097284
Manhattan;Chelsea-Hudson Yards;1012784;2.5;461;24;W  24 ST;10011;461 W  24 ST;True;True;True;False;False;0.144856894;14.48568942
Manhattan;Hell's Kitchen;1025042;3;367;46;W  46 ST;10036;367 W  46 ST;True;False;True;False;False;0.69528332;69.52833199
Manhattan;Midtown-Times Square;1024917;5;211;58;W  58 ST;10019;211 W  58 ST;True;True;False;False;False;0.626104481;62.61044806
Manhattan;Midtown-Times Square;1014454;18;247;37;W  37 ST;10018;247 W  37 ST;True;False;False;False;True;0.871029307;87.10293065
Manhattan;Hell's Kitchen;1025433;5;305;55;W  55 ST;10019;305 W  55 ST;True;True;False;False;False;0.161668714;16.16687144
Manhattan;Hell's Kitchen;1027162;5;614;56;W  56 ST;10019;614 W  56 ST;True;False;True;False;False;0.764640011;76.46400109
Manhattan;Upper West Side (Central);1031131;9;320;79;W  79 ST;10024;320 W  79 ST;True;True;True;False;False;0.538088033;53.80880329
Manhattan;Gramercy;1018126;3;119;26;E  26 ST;10010;119 E  26 ST;True;True;True;False;False;0.182557381;18.2557381
Manhattan;Midtown-Times Square;1024665;15;234;42;W  42 ST;10036;234 W  42 ST;True;False;False;False;True;0.747102263;74.71022628
Manhattan;Hell's Kitchen;1026497;5;416;47;W  47 ST;10036;416 W  47 ST;True;True;True;False;False;0.21132778;21.13277803
Manhattan;Midtown South-Flatiron-Union Square;1015534;12;1;21;W  21 ST;10010;1 W  21 ST;True;False;False;False;True;0.797380469;79.73804695
Manhattan;Gramercy;1020482;4;337;18;E  18 ST;10003;337 E  18 ST;True;True;True;False;False;0.1602647;16.02647
Manhattan;Midtown-Times Square;1015902;13;16;36;W  36 ST;10018;16 W  36 ST;True;False;False;False;True;0.884506581;88.45065812
Manhattan;Hell's Kitchen;1026400;6;461;44;W  44 ST;10036;461 W  44 ST;True;False;False;False;True;0.625213638;62.52136381
Manhattan;Gramercy;1017818;2;100;16;E  16 ST;10003;100 E  16 ST;True;False;False;False;False;0.814064079;81.40640792
Manhattan;Hell's Kitchen;1026857;5;;;;;;True;False;False;False;True;0.573894282;57.38942819
Manhattan;Upper West Side (Central);1031219;4;65;83;W  83 ST;10024;65 W  83 ST;True;True;True;False;False;0.096438734;9.643873352
Manhattan;Upper West Side-Lincoln Square;1030938;4;326;71;W  71 ST;10023;326 W  71 ST;True;True;True;False;False;0.244205306;24.42053057
Manhattan;Chelsea-Hudson Yards;1012280;10;555;18;W  18 ST;10011;555 W  18 ST;True;False;False;False;True;0.869163944;86.91639441
Manhattan;Upper West Side (Central);1031090;5;;;;;;True;True;False;False;False;0.095776471;9.577647141
Manhattan;Upper West Side-Lincoln Square;1027193;12;1855;BROADWAY;BROADWAY;10023;1855 BROADWAY;True;False;False;False;True;0.589920256;58.9920256
Manhattan;Hell's Kitchen;1013677;4;;;;;;True;False;True;False;False;0.674159509;67.4159509
Manhattan;Midtown-Times Square;1024706;32;1501;BROADWAY;BROADWAY;10036;1501 BROADWAY;True;False;False;False;False;0.791450789;79.14507894
Manhattan;Hell's Kitchen;1027158;2;621;55;W  55 ST;10019;621 W  55 ST;True;False;False;True;False;0.773391831;77.33918305
Manhattan;Chelsea-Hudson Yards;1013581;8;330;36;W  36 ST;10018;330 W  36 ST;True;True;False;False;False;0.687087617;68.70876168
Manhattan;Gramercy;1017945;6;245;PARK;PARK AVE S;10003;245 PARK AVE S;True;False;False;False;True;0.592445562;59.24455618
Manhattan;Midtown South-Flatiron-Union Square;1016113;8;5;17;E  17 ST;10003;5 E  17 ST;True;False;False;False;True;0.81238252;81.23825203
Manhattan;Hell's Kitchen;1025174;4;309;50;W  50 ST;10019;309 W  50 ST;True;False;False;False;True;0.778562654;77.85626543
Manhattan;Upper West Side (Central);1031750;5;36;96;W  96 ST;10025;36 W  96 ST;True;True;True;True;False;0.111102825;11.11028246
Manhattan;Midtown-Times Square;1015971;4;18;38;W  38 ST;10018;18 W  38 ST;True;False;False;False;True;0.716998704;71.69987043
Manhattan;Upper West Side-Lincoln Square;1030540;5;282;END;W  END AVE;10023;282 W  END AVE;True;True;True;False;False;0.113416948;11.34169479
Manhattan;Midtown-Times Square;1017124;2;207;MADISON;MADISON AVE;10016;207 MADISON AVE;True;True;True;False;False;0.086713722;8.67137218
Manhattan;Upper West Side-Lincoln Square;1028538;5;23;69;W  69 ST;10023;23 W  69 ST;True;True;True;False;False;0.327867284;32.78672845
Manhattan;Midtown South-Flatiron-Union Square;1016973;13;;;;;;True;False;False;False;True;0.785154903;78.51549026
Manhattan;Midtown-Times Square;1014414;17;224;35;W  35 ST;10001;224 W  35 ST;True;False;False;False;True;0.878934681;87.89346807
Manhattan;Chelsea-Hudson Yards;1012375;4;514;25;W  25 ST;10001;514 W  25 ST;True;False;False;False;True;0.764950549;76.49505494
Manhattan;Midtown South-Flatiron-Union Square;1015290;2;;;;;;True;False;False;False;True;0.692012901;69.20129012
Manhattan;Midtown-Times Square;1022622;12;156;44;W  44 ST;10036;156 W  44 ST;True;False;False;False;True;0.743347644;74.33476445
Manhattan;Hell's Kitchen;1026806;3;456;55;W  55 ST;10019;456 W  55 ST;True;True;False;True;True;0.602879857;60.2879857
Manhattan;Gramercy;1017893;7;;;;;;True;True;True;False;False;0.527999969;52.79999694
Manhattan;Upper West Side (Central);1031068;4;355;END;W  END AVE;10024;355 W  END AVE;True;True;False;False;False;0.109235136;10.92351361
Manhattan;Chelsea-Hudson Yards;1014658;3;599;OF THE AMERICAS;AVE OF THE AMERICAS;10011;599 AVE OF THE AMERICAS;False;False;False;False;False;0.724413833;72.44138331
Manhattan;Gramercy;1020426;4;;;;;;True;False;True;False;True;0.667372807;66.73728071
Manhattan;Upper West Side (Central);1030232;4;128;78;W  78 ST;10024;128 W  78 ST;True;True;False;False;False;0.095230699;9.523069908
Manhattan;Upper West Side (Central);1030172;4;167;76;W  76 ST;10023;167 W  76 ST;True;True;False;True;False;0.155029696;15.50296959
Manhattan;Gramercy;1019534;3;171;3;3 AVE;10003;171 3 AVE;True;True;True;False;False;0.517790564;51.77905641
Manhattan;Upper West Side (Central);1031687;4;26;95;W  95 ST;10025;26 W  95 ST;True;True;True;False;False;0.155272827;15.52728273
Manhattan;Chelsea-Hudson Yards;1014517;5;147;14;W  14 ST;10011;147 W  14 ST;True;False;False;False;True;0.60473671;60.47367102
Manhattan;Midtown South-Flatiron-Union Square;1016148;10;37;18;E  18 ST;10003;37 E  18 ST;True;False;False;False;True;0.853105954;85.31059539
Manhattan;Midtown-Times Square;1017199;5;19;37;E  37 ST;10016;19 E  37 ST;True;True;True;True;True;0.698475204;69.84752041
Manhattan;Hell's Kitchen;1024961;1;;;;;;True;True;True;False;False;0.16446264;16.44626401
Manhattan;Midtown-Times Square;1024903;15;209;57;W  57 ST;10019;209 W  57 ST;True;False;False;False;True;0.569472152;56.94721521
Manhattan;Upper West Side-Lincoln Square;1028625;18;50;72;W  72 ST;10023;50 W  72 ST;True;False;False;False;True;0.8551352;85.51351999
Manhattan;Upper West Side-Lincoln Square;1030952;14;351;71;W  71 ST;10023;351 W  71 ST;True;True;True;False;True;0.72858874;72.85887395
Manhattan;Upper West Side (Central);1031196;8;46;83;W  83 ST;10024;46 W  83 ST;True;True;False;False;False;0.514786394;51.47863945
Manhattan;Chelsea-Hudson Yards;1013762;5;243;15;W  15 ST;10011;243 W  15 ST;True;True;False;False;False;0.208731302;20.87313018
Manhattan;Midtown-Times Square;1017117;6;375;5;5 AVE;10016;375 5 AVE;True;False;False;False;True;0.82848647;82.84864696
Manhattan;Midtown-Times Square;1024704;5;;;;;;True;False;False;False;True;0.685210626;68.52106259
Manhattan;Chelsea-Hudson Yards;1013782;5;226;16;W  16 ST;10011;226 W  16 ST;True;True;True;False;False;0.219091402;21.9091402
Manhattan;Upper West Side-Lincoln Square;1028482;5;74;69;W  69 ST;10023;74 W  69 ST;True;True;True;False;False;0.42540401;42.54040096
Manhattan;Midtown South-Flatiron-Union Square;1015853;15;2;33;W  33 ST;10001;2 W  33 ST;True;False;False;False;True;0.848999492;84.89994916
Manhattan;Hell's Kitchen;1026996;5;699;10;10 AVE;10036;699 10 AVE;False;False;False;False;False;0.618116263;61.81162634
Manhattan;Upper West Side (Central);1030223;4;134;78;W  78 ST;10024;134 W  78 ST;True;True;True;False;False;0.10048218;10.04821805
Manhattan;Upper West Side (Central);1031166;4;;;;;;True;True;True;False;False;0.125640883;12.56408829
Manhattan;Upper West Side-Lincoln Square;1030034;4;150;74;W  74 ST;10023;150 W  74 ST;True;True;True;False;False;0.299291196;29.92911963
Manhattan;Chelsea-Hudson Yards;1013266;5;205;8;8 AVE;10011;205 8 AVE;True;False;False;False;True;0.214954611;21.4954611
Manhattan;Gramercy;1018120;5;73;LEXINGTON;LEXINGTON AVE;10010;73 LEXINGTON AVE;True;False;True;False;True;0.551719942;55.17199417
Manhattan;Midtown South-Flatiron-Union Square;1015758;5;1204;BROADWAY;BROADWAY;10001;1204 BROADWAY;True;False;True;False;False;0.903225292;90.32252916
Manhattan;Midtown South-Flatiron-Union Square;1015062;12;153;27;W  27 ST;10001;153 W  27 ST;True;False;False;False;True;0.837843288;83.78432883
Manhattan;Upper West Side-Lincoln Square;1028235;7;149;COLUMBUS;COLUMBUS AVE;10023;149 COLUMBUS AVE;True;False;False;False;True;0.531158764;53.11587643
Manhattan;Gramercy;1018061;5;126;24;E  24 ST;10010;126 E  24 ST;True;False;False;False;True;0.225668554;22.56685539
Manhattan;Upper West Side-Lincoln Square;1030990;5;308;73;W  73 ST;10023;308 W  73 ST;True;False;True;True;True;0.122191632;12.21916324
Manhattan;Midtown-Times Square;1024748;4;266;47;W  47 ST;10036;266 W  47 ST;True;False;False;False;True;0.771590934;77.15909343
Manhattan;Upper West Side-Lincoln Square;1028844;5;156;COLUMBUS;COLUMBUS AVE;10023;156 COLUMBUS AVE;True;False;False;False;True;0.59090068;59.09006795
Manhattan;Midtown-Times Square;1023157;51;152;52;W  52 ST;10019;152 W  52 ST;False;False;False;False;False;0.899033794;89.9033794
Manhattan;Upper West Side-Lincoln Square;1028514;4;24;70;W  70 ST;10023;24 W  70 ST;True;True;False;False;False;0.101232145;10.12321453
Manhattan;Midtown South-Flatiron-Union Square;1015308;10;29;15;W  15 ST;10011;29 W  15 ST;True;True;False;True;True;0.826054349;82.60543491
Manhattan;Chelsea-Hudson Yards;1012422;5;315;10;10 AVE;10001;315 10 AVE;True;False;False;False;True;0.642997999;64.29979993
Manhattan;Upper West Side (Central);1031394;5;;;;;;True;True;True;False;False;0.146997248;14.69972484
Manhattan;Upper West Side (Central);1031127;16;300;79;W  79 ST;10024;300 W  79 ST;True;False;False;True;True;0.839082392;83.90823922
Manhattan;Hell's Kitchen;1025008;6;341;45;W  45 ST;10036;341 W  45 ST;True;False;True;False;True;0.566704523;56.67045233
Manhattan;Chelsea-Hudson Yards;1014664;3;126;18;W  18 ST;10011;126 W  18 ST;True;False;False;False;True;0.812276462;81.22764616
Manhattan;Upper West Side-Lincoln Square;1028144;6;56;65;W  65 ST;10023;56 W  65 ST;True;False;False;False;True;0.561058487;56.10584872
Manhattan;Upper West Side (Central);1028765;12.5;1;75;W  75 ST;10023;1 W  75 ST;False;False;False;False;False;0.537581766;53.75817662
Manhattan;Upper West Side (Central);1031123;3;383;END;W  END AVE;10024;383 W  END AVE;True;True;False;False;False;0.056395917;5.63959171
Manhattan;Chelsea-Hudson Yards;1012646;4.5;408;22;W  22 ST;10011;408 W  22 ST;True;True;True;False;False;0.629511161;62.95111611
Manhattan;Midtown-Times Square;1017125;13;35;35;E  35 ST;10016;35 E  35 ST;True;True;False;True;True;0.769032402;76.9032402
Manhattan;Midtown South-Flatiron-Union Square;1015475;10;1;19;W  19 ST;10011;1 W  19 ST;True;False;False;False;True;0.801776743;80.17767434
Manhattan;Hell's Kitchen;1025114;5;348;48;W  48 ST;10036;348 W  48 ST;True;True;True;False;False;0.172039159;17.20391593
Manhattan;Upper West Side (Central);1030084;5;132;75;W  75 ST;10023;132 W  75 ST;True;True;False;True;False;0.122099816;12.20998159
Manhattan;Upper West Side (Central);1031228;3;35;83;W  83 ST;10024;35 W  83 ST;True;True;False;False;False;0.086059839;8.605983861
Manhattan;Midtown-Times Square;1022669;9;132;47;W  47 ST;10036;132 W  47 ST;True;True;False;False;False;0.62060611;62.06061096
Manhattan;Upper West Side (Central);1031066;4;;;;;;True;True;True;False;False;0.053390647;5.339064743
Manhattan;Chelsea-Hudson Yards;1012645;4.5;406;22;W  22 ST;10011;406 W  22 ST;True;True;False;False;False;0.169395465;16.93954655
Manhattan;Hell's Kitchen;1013642;16;325;38;W  38 ST;10018;325 W  38 ST;True;False;False;False;True;0.870639677;87.06396766
Manhattan;Chelsea-Hudson Yards;1013194;4;152;9;9 AVE;10011;152 9 AVE;True;False;True;False;True;0.575089841;57.50898412
Manhattan;Chelsea-Hudson Yards;1013722;5;225;14;W  14 ST;10011;225 W  14 ST;True;False;False;False;True;0.781823808;78.18238085
Manhattan;Upper West Side-Lincoln Square;1030529;5;;;;;;True;True;True;False;False;0.10337293;10.33729297
Manhattan;Hell's Kitchen;1025092;5;328;48;W  48 ST;10036;328 W  48 ST;True;True;True;False;False;0.441330419;44.13304188
Manhattan;Chelsea-Hudson Yards;1014026;5;227;20;W  20 ST;10011;227 W  20 ST;True;True;False;False;False;0.660774502;66.07745023
Manhattan;Gramercy;1018055;9;144;24;E  24 ST;10010;144 E  24 ST;True;False;False;False;True;0.76329939;76.32993897
Manhattan;Gramercy;1020530;4;;;;;;True;True;True;False;False;0.214278496;21.42784959
Manhattan;Midtown South-Flatiron-Union Square;1015799;4;58;31;W  31 ST;10001;58 W  31 ST;True;False;False;False;True;0.742762313;74.27623128
Manhattan;Midtown-Times Square;1015235;17;155;36;W  36 ST;10018;155 W  36 ST;True;False;False;False;True;0.917968379;91.79683794
Manhattan;Midtown-Times Square;1017228;12;10;39;E  39 ST;10016;10 E  39 ST;True;False;True;False;False;0.824997557;82.49975566
Manhattan;Midtown South-Flatiron-Union Square;1015453;1;136;5;5 AVE;10011;136 5 AVE;True;False;False;False;True;0.676446289;67.64462894
Manhattan;Midtown-Times Square;1022612;7;141;43;W  43 ST;10036;141 W  43 ST;True;False;False;True;True;0.803628729;80.36287292
Manhattan;Midtown-Times Square;1017602;7;455;5;5 AVE;10016;455 5 AVE;True;False;False;False;False;0.335712114;33.5712114
Manhattan;Gramercy;1017869;12;67;IRVING;IRVING PL;10003;67 IRVING PL;True;False;False;False;True;0.865594111;86.55941115
Manhattan;Chelsea-Hudson Yards;1012768;4;468;23;W  23 ST;10011;468 W  23 ST;True;True;True;False;False;0.385054804;38.50548036
Manhattan;Midtown-Times Square;1015271;4;1027;OF THE AMERICAS;AVE OF THE AMERICAS;10018;1027 AVE OF THE AMERICAS;True;True;True;False;False;0.732039742;73.20397418
Manhattan;Midtown-Times Square;1024843;17;254;54;W  54 ST;10019;254 W  54 ST;True;False;False;False;True;0.903278087;90.32780871
Manhattan;Chelsea-Hudson Yards;1014579;9;101;16;W  16 ST;10011;101 W  16 ST;True;False;False;False;True;0.818878759;81.88787586
Manhattan;Upper West Side (Central);1031534;4;59;88;W  88 ST;10024;59 W  88 ST;True;True;True;False;False;0.365551654;36.55516541
Manhattan;Chelsea-Hudson Yards;1013505;3;358;30;W  30 ST;10001;358 W  30 ST;True;True;False;False;False;0.145015276;14.5015276
Manhattan;Gramercy;1019639;3;225;21;E  21 ST;10010;225 E  21 ST;True;True;False;False;False;0.689447586;68.94475859
Manhattan;Gramercy;1017852;1;143;17;E  17 ST;10003;143 E  17 ST;True;False;True;False;True;0.321127271;32.11272712
Manhattan;Upper West Side-Lincoln Square;1029964;4;104;73;W  73 ST;10023;104 W  73 ST;True;True;False;False;False;0.595295752;59.52957517
Manhattan;Hell's Kitchen;1025198;4;353;51;W  51 ST;10019;353 W  51 ST;True;True;True;False;False;0.121931892;12.19318922
Manhattan;Hell's Kitchen;1026944;4;524;46;W  46 ST;10036;524 W  46 ST;False;False;False;False;False;0.323194966;32.31949661
Manhattan;Gramercy;1019541;5;2;RUTHERFORD;RUTHERFORD PL;10003;2 RUTHERFORD PL;True;True;True;False;False;0.06469313;6.469312971
Manhattan;Chelsea-Hudson Yards;1014102;4;238;8;8 AVE;10011;238 8 AVE;True;False;True;False;True;0.754941244;75.49412444
Manhattan;Gramercy;1019532;1;247;2;2 AVE;10003;247 2 AVE;True;False;True;False;False;0.247621053;24.76210526
Manhattan;Hell's Kitchen;1025142;3;795;8;8 AVE;10019;795 8 AVE;True;False;False;False;True;0.748374203;74.83742033
Manhattan;Midtown-Times Square;1014514;3;;;;;;True;False;False;False;True;0.740748739;74.07487385
Manhattan;Upper West Side (Central);1031455;4;33;87;W  87 ST;10024;33 W  87 ST;True;False;True;False;True;0.144948479;14.49484793
Manhattan;Upper West Side (Central);1030259;6;102;79;W  79 ST;10024;102 W  79 ST;True;False;False;False;True;0.783595041;78.35950407
Manhattan;Midtown-Times Square;1022693;51;120;49;W  49 ST;10019;120 W  49 ST;True;False;False;False;True;0.922386326;92.23863259
Manhattan;Hell's Kitchen;1026847;6;;;;;;True;False;False;False;True;0.106828447;10.68284474
Manhattan;Hell's Kitchen;1013683;16;;;;;;True;False;False;False;True;0.836582257;83.65822566
Manhattan;Upper West Side (Central);1031466;5;;;;;;True;True;True;False;False;0.12947606;12.94760599
Manhattan;Midtown South-Flatiron-Union Square;1015682;6;;;;;;True;False;False;False;True;0.628858422;62.88584221
Manhattan;Chelsea-Hudson Yards;1026905;5;502;41;W  41 ST;10036;502 W  41 ST;True;False;False;False;True;0.320470171;32.04701709
Manhattan;Upper West Side-Lincoln Square;1028649;5;281;COLUMBUS;COLUMBUS AVE;10023;281 COLUMBUS AVE;True;False;False;False;True;0.549713327;54.9713327
Manhattan;Midtown South-Flatiron-Union Square;1016292;6;;;;;;True;False;False;False;True;0.822694992;82.26949923
Manhattan;Upper West Side-Lincoln Square;1028439;5.5;73;68;W  68 ST;10023;73 W  68 ST;True;True;False;False;False;0.177640965;17.76409653
Manhattan;Upper West Side-Lincoln Square;1030020;4;106;74;W  74 ST;10023;106 W  74 ST;True;True;False;True;True;0.134124113;13.41241131
Manhattan;Upper West Side (Central);1031360;5;43;85;W  85 ST;10024;43 W  85 ST;True;True;True;False;False;0.167709399;16.77093986
Manhattan;Gramercy;1017897;6;76;IRVING;IRVING PL;10003;76 IRVING PL;True;True;False;False;False;0.434415348;43.44153482
Manhattan;Midtown South-Flatiron-Union Square;1015693;4;;;;;;True;False;False;False;True;0.806201369;80.62013695
Manhattan;Gramercy;1020394;5;;;;;;True;False;False;False;True;0.599567204;59.95672043
Manhattan;Upper West Side (Central);1031786;4;162;80;W  80 ST;10024;162 W  80 ST;True;True;True;False;False;0.537154405;53.71544048
Manhattan;Midtown-Times Square;1023164;4;160;54;W  54 ST;10019;160 W  54 ST;True;True;False;False;False;0.72337916;72.33791604
Manhattan;Hell's Kitchen;1025192;5;764;9;9 AVE;10019;764 9 AVE;True;False;False;False;True;0.639295979;63.92959786
Manhattan;Midtown South-Flatiron-Union Square;1015706;5;42;28;W  28 ST;10001;42 W  28 ST;True;False;False;False;True;0.846329757;84.63297573
Manhattan;Midtown South-Flatiron-Union Square;1016967;12;460;PARK;PARK AVE S;10016;460 PARK AVE S;True;False;False;False;True;0.831419526;83.14195263
Manhattan;Upper West Side (Central);1031155;5;76;82;W  82 ST;10024;76 W  82 ST;True;True;True;False;False;0.12781658;12.781658
Manhattan;Upper West Side (Central);1031491;5;5;87;W  87 ST;10024;5 W  87 ST;True;True;True;False;False;0.085164055;8.516405518
Manhattan;Upper West Side (Central);1030120;4;141;75;W  75 ST;10023;141 W  75 ST;True;True;True;False;False;0.160229204;16.02292038
Manhattan;Midtown South-Flatiron-Union Square;1016287;12;304;PARK;PARK AVE S;10010;304 PARK AVE S;True;False;False;False;True;0.833321877;83.3321877
Manhattan;Chelsea-Hudson Yards;1013223;3;310;20;W  20 ST;10011;310 W  20 ST;True;True;True;False;False;0.21707551;21.70755099
Manhattan;Upper West Side (Central);1031000;5;317;74;W  74 ST;10023;317 W  74 ST;True;False;False;False;True;0.370147586;37.01475862
Manhattan;Chelsea-Hudson Yards;1012664;4;489;22;W  22 ST;10011;489 W  22 ST;True;True;True;False;False;0.13663428;13.66342802
Manhattan;Hell's Kitchen;1026603;5;705;9;9 AVE;10019;705 9 AVE;True;False;False;False;True;0.61071101;61.07110102
Manhattan;Gramercy;1019514;6;231;2;2 AVE;10003;231 2 AVE;True;False;False;False;True;0.778893283;77.88932829
Manhattan;Hell's Kitchen;1025250;6;362;53;W  53 ST;10019;362 W  53 ST;True;False;False;False;True;0.830248175;83.02481752
Manhattan;Upper West Side-Lincoln Square;1030521;1;;;;;;True;True;False;True;False;0.289549195;28.95491952
Manhattan;Upper West Side (Central);1031547;3.5;63;89;W  89 ST;10024;63 W  89 ST;True;True;True;False;False;0.099549827;9.954982656
Manhattan;Upper West Side (Central);1031589;4;;;;;;True;True;True;False;False;0.0846355;8.463549954
Manhattan;Gramercy;1017948;4;1;GRAMERCY;GRAMERCY PARK W;10003;1 GRAMERCY PARK W;True;True;True;False;False;0.416041715;41.6041715
Manhattan;Chelsea-Hudson Yards;1013719;5;233;14;W  14 ST;10011;233 W  14 ST;True;True;True;False;False;0.259580799;25.95807994
Manhattan;Hell's Kitchen;1026677;3;423;50;W  50 ST;10019;423 W  50 ST;True;True;True;False;False;0.265203541;26.52035406
Manhattan;Gramercy;1019546;4;;;;;;True;False;False;False;True;0.134284422;13.42844215
Manhattan;Chelsea-Hudson Yards;1012612;3;465;21;W  21 ST;10011;465 W  21 ST;True;True;True;False;False;0.058452581;5.845258065
Manhattan;Upper West Side (Central);1030152;4;150;76;W  76 ST;10023;150 W  76 ST;True;True;True;False;False;0.156189444;15.61894436
Manhattan;Hell's Kitchen;1026457;4;400;46;W  46 ST;10036;400 W  46 ST;True;False;True;False;False;0.710362086;71.03620856
Manhattan;Midtown South-Flatiron-Union Square;1017091;5;177;MADISON;MADISON AVE;10016;177 MADISON AVE;True;False;False;False;True;0.653240181;65.3240181
Manhattan;Upper West Side (Central);1031459;4;23;87;W  87 ST;10024;23 W  87 ST;True;True;True;False;False;0.139971055;13.99710548
Manhattan;Hell's Kitchen;1026794;4;819;9;9 AVE;10019;819 9 AVE;True;False;False;False;True;0.667735998;66.77359984
Manhattan;Upper West Side-Lincoln Square;1030394;5;221;70;W  70 ST;10023;221 W  70 ST;True;True;True;True;False;0.129673942;12.96739422
Manhattan;Midtown South-Flatiron-Union Square;1016282;6;25;22;E  22 ST;10010;25 E  22 ST;True;True;True;False;False;0.66327303;66.32730297
Manhattan;Chelsea-Hudson Yards;1012623;3;443;21;W  21 ST;10011;443 W  21 ST;True;True;True;False;False;0.107340859;10.73408591
Manhattan;Upper West Side (Central);1030871;4;356;END;W  END AVE;10024;356 W  END AVE;True;True;True;False;False;0.113581945;11.35819454
Manhattan;Gramercy;1017942;4;11;GRAMERCY;GRAMERCY PARK S;10003;11 GRAMERCY PARK S;True;True;True;False;False;0.144999453;14.49994533
Manhattan;Hell's Kitchen;1025074;4;676;9;9 AVE;10036;676 9 AVE;True;False;False;False;True;0.718415283;71.84152832
Manhattan;Hell's Kitchen;1026492;4;679;9;9 AVE;10036;679 9 AVE;True;False;False;False;True;0.686334126;68.6334126
Manhattan;Chelsea-Hudson Yards;1014972;;157;24;W  24 ST;10011;157 W  24 ST;True;False;True;False;False;0.395094799;39.50947989
Manhattan;Chelsea-Hudson Yards;1012284;8;550;20;W  20 ST;10011;550 W  20 ST;True;False;False;False;False;0.606023794;60.60237937
Manhattan;Hell's Kitchen;1026408;4;431;44;W  44 ST;10036;431 W  44 ST;True;False;True;False;False;0.127629818;12.76298182
Manhattan;Chelsea-Hudson Yards;1012378;11;210;11;11 AVE;10001;210 11 AVE;True;False;False;True;True;0.81411873;81.41187305
Manhattan;Midtown-Times Square;1022688;13;169;48;W  48 ST;10036;169 W  48 ST;True;False;True;False;False;0.856131992;85.61319921
Manhattan;Midtown South-Flatiron-Union Square;1015659;12;18;27;W  27 ST;10001;18 W  27 ST;True;False;True;False;True;0.799938246;79.99382464
Manhattan;Upper West Side (Central);1031080;4;324;77;W  77 ST;10024;324 W  77 ST;True;True;True;False;False;0.110448554;11.0448554
Manhattan;Upper West Side (Central);1031353;4;63;85;W  85 ST;10024;63 W  85 ST;True;True;True;False;False;0.128486157;12.84861569
Manhattan;Hell's Kitchen;1025408;4;345;54;W  54 ST;10019;345 W  54 ST;True;False;False;False;True;0.146555963;14.65559633
Manhattan;Upper West Side (Central);1031630;3;67;92;W  92 ST;10025;67 W  92 ST;True;True;True;False;False;0.120303767;12.03037669
Manhattan;Gramercy;1019563;4;239;17;E  17 ST;10003;239 E  17 ST;True;True;True;False;False;0.09994839;9.994838979
Manhattan;Chelsea-Hudson Yards;1014066;4;251;21;W  21 ST;10011;251 W  21 ST;True;True;True;False;False;0.188539548;18.85395475
Manhattan;Gramercy;1017989;16;120;22;E  22 ST;10010;120 E  22 ST;True;False;False;False;True;0.667309553;66.73095529
Manhattan;Chelsea-Hudson Yards;1014724;2;150;19;W  19 ST;10011;150 W  19 ST;True;False;False;False;True;0.886135449;88.61354491
Manhattan;Midtown-Times Square;1016048;23;6;40;W  40 ST;10018;6 W  40 ST;True;False;False;False;True;0.77874233;77.87423301
Manhattan;Hell's Kitchen;1026424;5;438;45;W  45 ST;10036;438 W  45 ST;True;True;False;False;False;0.235688369;23.56883695
Manhattan;Hell's Kitchen;1026928;4;500;44;W  44 ST;10036;500 W  44 ST;True;True;True;False;False;0.725867174;72.58671736
Manhattan;Hell's Kitchen;1026451;6;411;45;W  45 ST;10036;411 W  45 ST;True;False;True;False;True;0.167959538;16.79595376
Manhattan;Midtown South-Flatiron-Union Square;1015553;4;60;22;W  22 ST;10010;60 W  22 ST;True;False;False;False;True;0.781316275;78.13162746
Manhattan;Midtown-Times Square;1015264;22;141;38;W  38 ST;10018;141 W  38 ST;False;False;False;False;False;0.702241097;70.22410973
Manhattan;Chelsea-Hudson Yards;1014563;11;;;;;;True;True;True;False;False;0.879308719;87.93087189
Manhattan;Upper West Side-Lincoln Square;1028483;5;191;COLUMBUS;COLUMBUS AVE;10023;191 COLUMBUS AVE;False;False;False;False;False;0.431806181;43.18061805
Manhattan;Upper West Side (Central);1030205;4;;;;;;True;False;True;False;False;0.080879096;8.087909595
Manhattan;Hell's Kitchen;1025428;8;321;55;W  55 ST;10019;321 W  55 ST;True;False;True;False;True;0.57973262;57.97326203
Manhattan;Hell's Kitchen;1026780;7;814;10;10 AVE;10019;814 10 AVE;True;False;False;False;True;0.79555975;79.55597504
Manhattan;Midtown South-Flatiron-Union Square;1015133;4;156;29;W  29 ST;10001;156 W  29 ST;False;False;False;False;False;0.847421021;84.74210207
Manhattan;Upper West Side-Lincoln Square;1028826;4;445;59;W  59 ST;10019;445 W  59 ST;True;False;False;False;True;0.48349572;48.34957199
Manhattan;Hell's Kitchen;1026645;7;449;49;W  49 ST;10019;449 W  49 ST;True;True;False;False;False;0.570153386;57.01533861
Manhattan;Chelsea-Hudson Yards;1013828;9;252;17;W  17 ST;10011;252 W  17 ST;True;False;False;False;True;0.67282918;67.28291795
Manhattan;Upper West Side-Lincoln Square;1028612;5;35;71;W  71 ST;10023;35 W  71 ST;True;True;True;False;False;0.110122924;11.01229239
Manhattan;Hell's Kitchen;1013639;12;;;;;;True;False;False;False;True;0.842311338;84.23113377
Manhattan;Upper West Side (Central);1030264;12;150;79;W  79 ST;10024;150 W  79 ST;True;False;False;False;True;0.670671139;67.06711388
Manhattan;Upper West Side (Central);1031673;4;27;94;W  94 ST;10025;27 W  94 ST;True;False;True;False;False;0.110064295;11.0064295
Manhattan;Upper West Side (Central);1031075;4;312;77;W  77 ST;10024;312 W  77 ST;True;True;False;False;False;0.105567399;10.55673991
Manhattan;Chelsea-Hudson Yards;1014669;2;138;18;W  18 ST;10011;138 W  18 ST;True;False;False;False;True;0.734333276;73.43332757
Manhattan;Chelsea-Hudson Yards;1014002;5;248;20;W  20 ST;10011;248 W  20 ST;True;True;True;False;False;0.21368551;21.36855096
Manhattan;Upper West Side-Lincoln Square;1028480;4;70;69;W  69 ST;10023;70 W  69 ST;True;True;True;True;False;0.115972113;11.5972113
Manhattan;Chelsea-Hudson Yards;1013061;5;334;17;W  17 ST;10011;334 W  17 ST;True;True;True;False;False;0.16672718;16.67271795
Manhattan;Midtown-Times Square;1022613;13;127;43;W  43 ST;10036;127 W  43 ST;True;False;False;False;True;0.652216531;65.22165305
Manhattan;Midtown South-Flatiron-Union Square;1015094;7;146;28;W  28 ST;10001;146 W  28 ST;False;False;False;False;False;0.842578098;84.25780983
Manhattan;Chelsea-Hudson Yards;1013588;12;361;36;W  36 ST;10018;361 W  36 ST;True;False;False;False;True;0.882548522;88.25485224
Manhattan;Midtown South-Flatiron-Union Square;1015297;7;34;15;W  15 ST;10011;34 W  15 ST;True;False;False;False;True;0.831896857;83.18968565
Manhattan;Upper West Side (Central);1031079;4;322;77;W  77 ST;10024;322 W  77 ST;True;True;True;False;False;0.106705806;10.67058063
Manhattan;Midtown South-Flatiron-Union Square;1015725;17;1182;BROADWAY;BROADWAY;10001;1182 BROADWAY;True;False;False;False;True;0.854618857;85.46188574
Manhattan;Upper West Side-Lincoln Square;1028597;4;;;;;;True;True;False;False;False;0.120083713;12.00837133
Manhattan;Hell's Kitchen;1025391;5;333;53;W  53 ST;10019;333 W  53 ST;True;False;False;False;False;0.740486631;74.04866308
Manhattan;Upper West Side-Lincoln Square;1029783;4;;;;;;True;True;True;False;False;0.121949608;12.19496083
Manhattan;Midtown-Times Square;1024717;4;252;45;W  45 ST;10036;252 W  45 ST;True;False;True;True;True;0.742992945;74.29929455
Manhattan;Hell's Kitchen;1026560;4;429;47;W  47 ST;10036;429 W  47 ST;True;False;True;False;True;0.266858515;26.68585155
Manhattan;Upper West Side (Central);1031713;3;35;95;W  95 ST;10025;35 W  95 ST;True;True;True;False;False;0.047997486;4.79974862
Manhattan;Hell's Kitchen;1025065;5;330;47;W  47 ST;10036;330 W  47 ST;True;True;True;False;False;0.221569416;22.15694161
Manhattan;Midtown-Times Square;1023395;27;106;56;W  56 ST;10019;106 W  56 ST;True;False;False;False;True;0.851325718;85.13257177
Manhattan;Hell's Kitchen;1026377;1;432;44;W  44 ST;10036;432 W  44 ST;True;True;True;False;False;0.438990578;43.8990578
Manhattan;Hell's Kitchen;1026393;3;437;43;W  43 ST;10036;437 W  43 ST;True;True;True;False;False;0.192823091;19.28230913
Manhattan;Midtown-Times Square;1022649;5;144;46;W  46 ST;10036;144 W  46 ST;True;False;False;False;True;0.76280208;76.28020798
Manhattan;Chelsea-Hudson Yards;1014030;5;219;20;W  20 ST;10011;219 W  20 ST;True;True;True;False;False;0.214118372;21.41183725
Manhattan;Upper West Side-Lincoln Square;1030039;4;;;;;;True;True;False;False;False;0.083988563;8.39885628
Manhattan;Chelsea-Hudson Yards;1012828;12;426;27;W  27 DR;10001;426 W  27 DR;True;True;True;False;False;0.702890114;70.28901138
Manhattan;Gramercy;1018179;5;380;3;3 AVE;10016;380 3 AVE;True;False;False;False;True;0.685154507;68.51545065
Manhattan;Upper West Side-Lincoln Square;1028837;21;140;67;W  67 ST;10023;140 W  67 ST;True;False;False;False;True;0.799915034;79.99150341
Manhattan;Chelsea-Hudson Yards;1014111;6;;;;;;True;False;True;True;True;0.494594623;49.45946232
Manhattan;Upper West Side-Lincoln Square;1028240;13;17;67;W  67 ST;10023;17 W  67 ST;True;False;True;False;True;0.716450402;71.64504022
Manhattan;Hell's Kitchen;1027044;6;554;50;W  50 ST;10019;554 W  50 ST;True;False;False;True;True;0.675663394;67.56633939
Manhattan;Upper West Side (Central);1031391;4;59;85;W  85 ST;10024;59 W  85 ST;True;True;True;False;False;0.091255684;9.125568428
Manhattan;Hell's Kitchen;1026420;5;637;9;9 AVE;10036;637 9 AVE;False;False;False;False;False;0.685748163;68.5748163
Manhattan;Midtown South-Flatiron-Union Square;1015404;5;44;17;W  17 ST;10011;44 W  17 ST;True;False;False;False;True;0.692852601;69.28526011
Manhattan;Midtown South-Flatiron-Union Square;1015489;12;37;20;W  20 ST;10011;37 W  20 ST;True;False;False;False;True;0.835589708;83.5589708
Manhattan;Chelsea-Hudson Yards;1014011;5;198;8;8 AVE;10011;198 8 AVE;True;False;False;False;True;0.696772944;69.67729442
Manhattan;Hell's Kitchen;1026729;5;;;;;;True;True;True;False;False;0.175531646;17.55316461
Manhattan;Upper West Side (Central);1030870;5;358;END;W  END AVE;10024;358 W  END AVE;True;True;True;False;False;0.112219364;11.22193641
Manhattan;Midtown South-Flatiron-Union Square;1015530;12;19;21;W  21 ST;10010;19 W  21 ST;True;False;False;False;True;0.827536093;82.75360931
Manhattan;Chelsea-Hudson Yards;1012711;6;450;23;W  23 ST;10011;450 W  23 ST;True;True;True;False;False;0.128701063;12.87010632
Manhattan;Upper West Side (Central);1031690;3;34;95;W  95 ST;10025;34 W  95 ST;True;True;True;False;False;0.069577347;6.957734657
Manhattan;Upper West Side (Central);1031216;5;487;COLUMBUS;COLUMBUS AVE;10024;487 COLUMBUS AVE;True;False;True;False;False;0.574056184;57.40561842
Manhattan;Upper West Side (Central);1030258;5;100;79;W  79 ST;10024;100 W  79 ST;True;False;False;False;True;0.507791846;50.77918465
Manhattan;Hell's Kitchen;1026989;5;515;47;W  47 ST;10036;515 W  47 ST;True;False;False;False;True;0.631348182;63.13481824
Manhattan;Gramercy;1018137;5;;;;;;True;False;False;False;True;0.457515076;45.7515076
Manhattan;Upper West Side-Lincoln Square;1029891;15;116;72;W  72 ST;10023;116 W  72 ST;True;False;False;False;True;0.701755184;70.17551836
Manhattan;Chelsea-Hudson Yards;1012414;5;301;10;10 AVE;10001;301 10 AVE;True;False;False;False;True;0.683301132;68.3301132
Manhattan;Upper West Side-Lincoln Square;1028667;6;9;73;W  73 ST;10023;9 W  73 ST;True;False;True;False;False;0.363278299;36.32782989
Manhattan;Chelsea-Hudson Yards;1014106;4;277;22;W  22 ST;10011;277 W  22 ST;True;True;False;False;True;0.698533522;69.8533522
Manhattan;Upper West Side-Lincoln Square;1030315;9;243;60;W  60 ST;10023;243 W  60 ST;True;False;False;False;True;0.841592756;84.15927555
Manhattan;Midtown-Times Square;1014426;17;;;;;;True;False;False;True;True;0.888008915;88.80089153
Manhattan;Hell's Kitchen;1026051;16;305;57;W  57 ST;10019;305 W  57 ST;True;False;False;False;True;0.777973954;77.79739536
Manhattan;Upper West Side (Central);1030182;4;152;77;W  77 ST;10024;152 W  77 ST;True;True;False;False;False;0.101553247;10.15532465
Manhattan;Upper West Side (Central);1031751;5;42;96;W  96 ST;10025;42 W  96 ST;True;False;False;False;True;0.136036903;13.60369026
Manhattan;Upper West Side (Central);1028721;4;20;75;W  75 ST;10023;20 W  75 ST;True;True;True;False;False;0.087159423;8.715942279
Manhattan;Upper West Side (Central);1031324;5;44;85;W  85 ST;10024;44 W  85 ST;True;True;True;False;False;0.168160058;16.8160058
Manhattan;Hell's Kitchen;1025238;4;357;52;W  52 ST;10019;357 W  52 ST;True;True;False;False;False;0.706775902;70.67759021
Manhattan;Midtown-Times Square;1015258;4;1015;OF THE AMERICAS;AVE OF THE AMERICAS;10018;1015 AVE OF THE AMERICAS;True;False;True;False;False;0.737522039;73.75220388
Manhattan;Midtown South-Flatiron-Union Square;1015306;6;552;OF THE AMERICAS;AVE OF THE AMERICAS;10011;552 AVE OF THE AMERICAS;True;True;True;False;False;0.687581998;68.7581998
Manhattan;Gramercy;1018190;5;136;28;E  28 ST;10016;136 E  28 ST;True;False;False;False;True;0.682313241;68.23132414
Manhattan;Upper West Side-Lincoln Square;1030953;4;349;71;W  71 ST;10023;349 W  71 ST;True;True;True;False;False;0.117067006;11.70670059
Manhattan;Hell's Kitchen;1026940;5;639;10;10 AVE;10036;639 10 AVE;True;False;False;False;True;0.661120835;66.11208347
Manhattan;Upper West Side (Central);1031339;7.5;513;COLUMBUS;COLUMBUS AVE;10024;513 COLUMBUS AVE;True;False;False;False;True;0.737958367;73.79583668
Manhattan;Upper West Side-Lincoln Square;1028476;4;62;69;W  69 ST;10023;62 W  69 ST;True;True;True;False;False;0.155311235;15.53112347
Manhattan;Hell's Kitchen;1026641;4;720;10;10 AVE;10019;720 10 AVE;True;False;False;False;True;0.690574465;69.05744649
Manhattan;Midtown South-Flatiron-Union Square;1016252;13;55;21;E  21 ST;10010;55 E  21 ST;True;False;False;False;True;0.732857195;73.28571954
Manhattan;Midtown South-Flatiron-Union Square;1015034;12;159;26;W  26 ST;10001;159 W  26 ST;True;False;False;False;True;0.833431183;83.34311826
Manhattan;Upper West Side-Lincoln Square;1030537;4;264;73;W  73 ST;10023;264 W  73 ST;True;True;True;False;False;0.157842256;15.78422561
Manhattan;Hell's Kitchen;1026642;5;461;49;W  49 ST;10019;461 W  49 ST;True;True;True;False;False;0.611312771;61.13127708
Manhattan;Upper West Side-Lincoln Square;1030991;5;310;73;W  73 ST;10023;310 W  73 ST;True;True;True;False;False;0.371978591;37.19785909
Manhattan;Upper West Side (Central);1031737;5;40;96;W  96 ST;10025;40 W  96 ST;True;True;False;True;False;0.16535081;16.53508097
Manhattan;Midtown-Times Square;1024707;11;234;44;W  44 ST;10036;234 W  44 ST;True;False;False;False;True;0.84316977;84.31697704
Manhattan;Hell's Kitchen;1025080;4;365;46;W  46 ST;10036;365 W  46 ST;False;False;False;False;False;0.747166897;74.71668969
Manhattan;Hell's Kitchen;1026712;5;756;10;10 AVE;10019;756 10 AVE;True;False;False;False;True;0.205319864;20.53198635
Manhattan;Chelsea-Hudson Yards;1014960;5;120;24;W  24 ST;10011;120 W  24 ST;True;False;True;False;False;0.531925651;53.19256506
Manhattan;Chelsea-Hudson Yards;1013288;4;347;21;W  21 ST;10011;347 W  21 ST;True;True;True;False;False;0.114688091;11.46880912
Manhattan;Chelsea-Hudson Yards;1012533;4;;;;;;True;False;False;False;True;0.770981401;77.09814012
Manhattan;Chelsea-Hudson Yards;1012591;5;422;20;W  20 ST;10011;422 W  20 ST;True;True;True;False;False;0.747144574;74.71445737
Manhattan;Upper West Side (Central);1030096;6;311;AMSTERDAM;AMSTERDAM AVE;10023;311 AMSTERDAM AVE;True;False;False;False;True;0.718912165;71.89121646
Manhattan;Hell's Kitchen;1025033;3;360;46;W  46 ST;10036;360 W  46 ST;True;True;True;False;False;0.605293351;60.52933515
Manhattan;Gramercy;1019629;7;;;;;;True;False;False;False;True;0.533100747;53.31007468
Manhattan;Upper West Side (Central);1030170;4;;;;;;True;True;True;False;False;0.094880373;9.488037272
Manhattan;Midtown South-Flatiron-Union Square;1015535;4;164;5;5 AVE;10010;164 5 AVE;True;False;False;False;True;0.761729149;76.17291489
Manhattan;Hell's Kitchen;1026733;5;462;52;W  52 ST;10019;462 W  52 ST;True;False;False;False;True;0.648057687;64.80576865
Manhattan;Upper West Side-Lincoln Square;1028500;5;35;69;W  69 ST;10023;35 W  69 ST;True;True;False;True;False;0.160263863;16.02638626
Manhattan;Midtown-Times Square;1024831;9;1674;BROADWAY;BROADWAY;10019;1674 BROADWAY;True;False;False;False;True;0.862662487;86.26624874
Manhattan;Upper West Side (Central);1030908;4;207;78;W  78 ST;10024;207 W  78 ST;True;True;False;False;False;0.22944677;22.94467698
Manhattan;Midtown-Times Square;1015917;3;78;36;W  36 ST;10018;78 W  36 ST;True;False;False;False;True;0.751020616;75.10206155
Manhattan;Upper West Side (Central);1028774;6;22;76;W  76 ST;10023;22 W  76 ST;True;True;False;False;False;0.457473308;45.74733082
Manhattan;Chelsea-Hudson Yards;1014674;6;112;18;W  18 ST;10011;112 W  18 ST;True;False;False;False;True;0.74167152;74.167152
Manhattan;Midtown-Times Square;1014411;4;;;;;;True;False;False;False;True;0.437007124;43.70071236
Manhattan;Midtown-Times Square;1015974;6;26;38;W  38 ST;10018;26 W  38 ST;False;False;False;False;False;0.773824609;77.3824609
Manhattan;Hell's Kitchen;1026863;17;423;56;W  56 ST;10019;423 W  56 ST;True;False;False;False;True;0.849981556;84.9981556
Manhattan;Chelsea-Hudson Yards;1014146;7;241;23;W  23 ST;10011;241 W  23 ST;True;False;False;False;True;0.811372597;81.13725969
Manhattan;Upper West Side-Lincoln Square;1030534;13;270;END;W  END AVE;10023;270 W  END AVE;True;True;False;False;False;0.706408972;70.64089722
Manhattan;Upper West Side (Central);1031655;3;42;94;W  94 ST;10025;42 W  94 ST;True;True;True;False;False;0.132635397;13.2635397
Manhattan;Upper West Side-Lincoln Square;1030505;16;269;72;W  72 ST;10023;269 W  72 ST;True;False;False;False;True;0.71323149;71.32314898
Manhattan;Gramercy;1018170;5;106;LEXINGTON;LEXINGTON AVE;10016;106 LEXINGTON AVE;True;False;False;False;True;0.623763588;62.37635879
Manhattan;Midtown South-Flatiron-Union Square;1015207;5;136;34;W  34 ST;10001;136 W  34 ST;True;False;True;False;False;0.776648729;77.66487285
Manhattan;Gramercy;1020571;7;;;;;;True;False;False;False;True;0.56465816;56.46581599
Manhattan;Hell's Kitchen;1012986;5;;;;;;True;False;False;False;True;0.597467241;59.74672408
Manhattan;Upper West Side (Central);1031401;4;45;86;W  86 ST;10024;45 W  86 ST;True;True;True;False;False;0.155884031;15.58840307
Manhattan;Upper West Side (Central);1031740;15;50;96;W  96 ST;10025;50 W  96 ST;True;False;False;False;True;0.644284173;64.42841733
Manhattan;Chelsea-Hudson Yards;1012979;5;434;38;W  38 ST;10018;434 W  38 ST;True;False;False;False;True;0.223876294;22.38762938
Manhattan;Chelsea-Hudson Yards;1013040;3;60;9;9 AVE;10011;60 9 AVE;True;False;False;False;True;0.714670205;71.46702053
Manhattan;Midtown South-Flatiron-Union Square;1015053;12;152;27;W  27 ST;10001;152 W  27 ST;True;False;False;False;True;0.859253344;85.9253344
Manhattan;Upper West Side (Central);1031431;4;62;87;W  87 ST;10024;62 W  87 ST;True;True;True;False;False;0.096906212;9.690621161
Manhattan;Upper West Side (Central);1031204;5;471;COLUMBUS;COLUMBUS AVE;10024;471 COLUMBUS AVE;False;False;False;False;False;0.560618931;56.06189306
Manhattan;Midtown South-Flatiron-Union Square;1014285;2;225;29;W  29 ST;10001;225 W  29 ST;True;False;True;False;False;0.591344694;59.13446941
Manhattan;Upper West Side-Lincoln Square;1030009;4;159;73;W  73 ST;10023;159 W  73 ST;True;True;True;False;False;0.155694793;15.56947933
Manhattan;Chelsea-Hudson Yards;1014574;6;;;;;;True;False;False;False;True;0.557447227;55.74472273
Manhattan;Upper West Side (Central);1031449;4;49;87;W  87 ST;10024;49 W  87 ST;True;True;True;False;False;0.096555984;9.655598438
Manhattan;Hell's Kitchen;1025215;5;346;52;W  52 ST;10019;346 W  52 ST;False;False;False;False;False;0.642831771;64.28317708
Manhattan;Gramercy;1020566;5;312;22;E  22 ST;10010;312 E  22 ST;True;False;False;True;True;0.531669184;53.16691844
Manhattan;Chelsea-Hudson Yards;1013781;5;224;16;W  16 ST;10011;224 W  16 ST;True;True;True;False;False;0.216695133;21.66951334
Manhattan;Hell's Kitchen;1026965;5;515;46;W  46 ST;10036;515 W  46 ST;True;False;False;False;True;0.609427997;60.9427997
Manhattan;Chelsea-Hudson Yards;1014572;19;101;7;7 AVE;10011;101 7 AVE;True;False;False;False;True;0.879436358;87.94363584
Manhattan;Upper West Side-Lincoln Square;1028466;4;32;69;W  69 ST;10023;32 W  69 ST;True;True;True;False;False;0.159124341;15.91243411
Manhattan;Midtown-Times Square;1024801;2;;;;;;True;False;False;False;True;0.674362787;67.43627874
Manhattan;Upper West Side (Central);1031611;4;52;91;W  91 ST;10024;52 W  91 ST;True;True;True;True;False;0.135793466;13.57934661
Manhattan;Upper West Side-Lincoln Square;1030412;4;239;71;W  71 ST;10023;239 W  71 ST;True;False;False;True;True;0.108335602;10.83356015
Manhattan;Hell's Kitchen;1027143;2;601;51;W  51 ST;10019;601 W  51 ST;True;False;False;False;False;0.871219114;87.12191143
Manhattan;Hell's Kitchen;1025423;1;852;9;9 AVE;10019;852 9 AVE;True;False;False;False;True;0.75286971;75.28697099
Manhattan;Upper West Side (Central);1028703;4;35;74;W  74 ST;10023;35 W  74 ST;True;True;True;False;False;0.145823009;14.58230087
Manhattan;Upper West Side (Central);1031583;5;50;90;W  90 ST;10024;50 W  90 ST;True;False;True;False;False;0.44812184;44.81218402
Manhattan;Hell's Kitchen;1026661;4;465;49;W  49 ST;10019;465 W  49 ST;True;True;True;False;False;0.182245628;18.22456281
Manhattan;Upper West Side (Central);1030086;4;;;;;;True;True;False;False;False;0.136062068;13.60620682
Manhattan;Midtown South-Flatiron-Union Square;1016749;43;1;MADISON;MADISON SQ  PLAZA;10010;1 MADISON SQ  PLAZA;True;False;False;False;True;0.898338055;89.83380553
Manhattan;Upper West Side (Central);1030132;4;111;75;W  75 ST;10023;111 W  75 ST;True;True;True;False;False;0.155852669;15.58526694
Manhattan;Upper West Side (Central);1031403;16;;;;;;True;False;False;False;True;0.700499341;70.04993408
Manhattan;Midtown South-Flatiron-Union Square;1015525;5;43;21;W  21 ST;10010;43 W  21 ST;True;False;False;False;True;0.740612942;74.06129417
Manhattan;Hell's Kitchen;1026924;6;521;43;W  43 ST;10036;521 W  43 ST;True;False;False;False;True;0.541106029;54.11060289
Manhattan;Gramercy;1017995;5;143;21;E  21 ST;10010;143 E  21 ST;True;False;True;False;True;0.150420912;15.04209123
Manhattan;Midtown South-Flatiron-Union Square;1015508;12;38;21;W  21 ST;10010;38 W  21 ST;True;False;False;False;True;0.881565436;88.15654357
Manhattan;Gramercy;1017863;5;113;18;E  18 ST;10003;113 E  18 ST;True;False;False;False;True;0.780728494;78.07284944
Manhattan;Chelsea-Hudson Yards;1013285;3;353;21;W  21 ST;10011;353 W  21 ST;True;True;True;False;False;0.131811783;13.18117831
Manhattan;Upper West Side (Central);1028699;4;45;74;W  74 ST;10023;45 W  74 ST;True;True;True;False;False;0.154563129;15.45631294
Manhattan;Midtown South-Flatiron-Union Square;1015601;5;7;24;W  24 ST;10010;7 W  24 ST;True;False;False;False;True;0.774949818;77.49498183
Manhattan;Hell's Kitchen;1026721;4;763;9;9 AVE;10019;763 9 AVE;True;False;True;True;True;0.677636932;67.7636932
Manhattan;Gramercy;1020516;4;345;19;E  19 ST;10003;345 E  19 ST;True;True;True;False;False;0.163934345;16.39343451
Manhattan;Chelsea-Hudson Yards;1012256;2;;;;;;True;False;False;True;True;0.859768079;85.97680791
Manhattan;Midtown South-Flatiron-Union Square;1015175;26;152;32;W  32 ST;10001;152 W  32 ST;True;False;False;False;False;0.705225303;70.52253032
Manhattan;Gramercy;1019539;1;4;RUTHERFORD;RUTHERFORD PL;10003;4 RUTHERFORD PL;True;True;True;False;False;0.296832112;29.68321118
Manhattan;Chelsea-Hudson Yards;1014654;5;111;17;W  17 ST;10011;111 W  17 ST;False;False;False;False;False;0.853832645;85.38326446
Manhattan;Upper West Side (Central);1031061;4;301;76;W  76 ST;10023;301 W  76 ST;True;True;False;True;False;0.099366576;9.936657633
Manhattan;Upper West Side-Lincoln Square;1030510;7;245;72;W  72 ST;10023;245 W  72 ST;True;False;False;False;True;0.676372702;67.63727018
Manhattan;Midtown South-Flatiron-Union Square;1016242;12;17;21;E  21 ST;10010;17 E  21 ST;True;False;False;False;True;0.8904725;89.04725
Manhattan;Chelsea-Hudson Yards;1012531;3;421;14;W  14 ST;10014;421 W  14 ST;True;False;False;False;True;0.84080282;84.08028199
Manhattan;Upper West Side-Lincoln Square;1028577;4;44;71;W  71 ST;10023;44 W  71 ST;True;True;True;False;False;0.114376168;11.43761678
Manhattan;Midtown-Times Square;1024727;50;1535;BROADWAY;BROADWAY;10036;1535 BROADWAY;True;False;False;False;True;0.977457225;97.74572253
Manhattan;Gramercy;1019770;6;209;23;E  23 ST;10010;209 E  23 ST;True;False;False;False;True;0.776089547;77.60895466
Manhattan;Upper West Side-Lincoln Square;1028463;9;24;69;W  69 ST;10023;24 W  69 ST;True;False;True;False;True;0.583239167;58.32391674
Manhattan;Upper West Side-Lincoln Square;1028243;15;75;CENTRAL;CENTRAL PARK W;10023;75 CENTRAL PARK W;True;False;False;False;True;0.605772942;60.57729423
Manhattan;Hell's Kitchen;1024962;5;327;43;W  43 ST;10036;327 W  43 ST;True;True;True;False;False;0.222074859;22.2074859
Manhattan;Hell's Kitchen;1025111;5;342;48;W  48 ST;10036;342 W  48 ST;True;True;True;False;False;0.175893795;17.58937955
Manhattan;Upper West Side (Central);1031775;4;128;80;W  80 ST;10024;128 W  80 ST;True;True;True;False;False;0.417400062;41.74000616
Manhattan;Hell's Kitchen;1026468;5;444;46;W  46 ST;10036;444 W  46 ST;True;False;True;False;True;0.206344803;20.63448026
Manhattan;Hell's Kitchen;1024984;5;351;44;W  44 ST;10036;351 W  44 ST;True;True;True;False;False;0.238202198;23.82021975
Manhattan;Upper West Side (Central);1028749;4;43;75;W  75 ST;10023;43 W  75 ST;True;True;True;False;False;0.15760179;15.76017902
Manhattan;Upper West Side-Lincoln Square;1027466;5;33;63;W  63 ST;10023;33 W  63 ST;True;False;False;False;True;0.440609668;44.06096675
Manhattan;Chelsea-Hudson Yards;1013258;4;329;20;W  20 ST;10011;329 W  20 ST;True;True;True;False;False;0.157329276;15.73292757
Manhattan;Midtown-Times Square;1014432;3;478;7;7 AVE;10018;478 7 AVE;True;False;True;False;False;0.727681018;72.76810184
Manhattan;Midtown-Times Square;1023161;46;118;53;W  53 ST;10019;118 W  53 ST;True;False;False;False;True;0.883122356;88.31223558
Manhattan;Hell's Kitchen;1024964;5;323;43;W  43 ST;10036;323 W  43 ST;True;True;True;True;False;0.170406578;17.04065781
Manhattan;Upper West Side (Central);1030896;4;236;78;W  78 ST;10024;236 W  78 ST;True;False;False;False;True;0.778302034;77.83020337
Manhattan;Chelsea-Hudson Yards;1013984;5;208;20;W  20 ST;10011;208 W  20 ST;True;False;True;False;True;0.590579856;59.0579856
Manhattan;Chelsea-Hudson Yards;1012617;4;455;21;W  21 ST;10011;455 W  21 ST;True;True;True;False;False;0.087853892;8.785389226
Manhattan;Upper West Side-Lincoln Square;1030372;5;211;70;W  70 ST;10023;211 W  70 ST;True;True;True;False;False;0.111503554;11.15035541
Manhattan;Midtown-Times Square;1016046;29;442;5;5 AVE;10018;442 5 AVE;True;False;False;False;True;0.64892346;64.89234602
Manhattan;Hell's Kitchen;1013697;1;360;40;W  40 ST;10018;360 W  40 ST;True;False;False;False;True;0.786777629;78.67776286
Manhattan;Midtown South-Flatiron-Union Square;1015122;4;;;;;;True;False;True;False;False;0.758364011;75.83640106
Manhattan;Midtown-Times Square;1016010;14;32;39;W  39 ST;10018;32 W  39 ST;True;False;False;False;True;0.851692518;85.16925175
Manhattan;Midtown South-Flatiron-Union Square;1016156;5;123;5;5 AVE;10003;123 5 AVE;True;False;False;False;True;0.79280987;79.28098699
Manhattan;Hell's Kitchen;1026717;3;449;51;W  51 ST;10019;449 W  51 ST;True;True;True;False;False;0.554175296;55.41752961
Manhattan;Upper West Side-Lincoln Square;1030437;3;269;71;W  71 ST;10023;269 W  71 ST;True;False;True;False;True;0.105637381;10.56373814
Manhattan;Midtown South-Flatiron-Union Square;1015848;5;;;;;;False;False;False;False;False;0.716920114;71.69201142
Manhattan;Hell's Kitchen;1025151;5;322;49;W  49 ST;10019;322 W  49 ST;True;False;False;False;True;0.650575807;65.05758073
Manhattan;Upper West Side-Lincoln Square;1029944;3;120;73;W  73 ST;10023;120 W  73 ST;True;True;True;False;False;0.138629354;13.86293538
Manhattan;Gramercy;1019576;3;214;18;E  18 ST;10003;214 E  18 ST;True;True;True;False;False;0.051357324;5.135732365
Manhattan;Upper West Side-Lincoln Square;1028137;12;1;64;W  64 ST;10023;1 W  64 ST;True;False;True;False;False;0.54728625;54.72862496
Manhattan;Upper West Side (Central);1031720;4;;;;;;True;True;True;False;False;0.128164396;12.81643962
Manhattan;Midtown South-Flatiron-Union Square;1016986;8;15;31;E  31 ST;10016;15 E  31 ST;True;False;False;False;True;0.768321764;76.83217644
Manhattan;Upper West Side (Central);1031435;5;551;COLUMBUS;COLUMBUS AVE;10024;551 COLUMBUS AVE;True;False;False;False;True;0.563243373;56.32433735
Manhattan;Chelsea-Hudson Yards;1012805;5;406;25;W  25 ST;10001;406 W  25 ST;True;True;True;False;False;0.235777875;23.57778754
Manhattan;Chelsea-Hudson Yards;1012286;1;;;;;;True;True;True;False;False;0.826828967;82.68289675
Manhattan;Midtown-Times Square;1016059;16;70;40;W  40 ST;10018;70 W  40 ST;True;False;False;False;True;0.888042021;88.80420209
Manhattan;Midtown South-Flatiron-Union Square;1014301;2;234;30;W  30 ST;10001;234 W  30 ST;True;False;False;False;True;0.771462289;77.14622887
Manhattan;Upper West Side-Lincoln Square;1030987;22.5;263;END;W  END AVE;10023;263 W  END AVE;True;True;False;False;False;0.747751447;74.77514475
Manhattan;Midtown-Times Square;1015898;10;1;35;W  35 ST;10001;1 W  35 ST;True;False;False;False;True;0.786079815;78.6079815
Manhattan;Midtown-Times Square;1024719;4;728;8;8 AVE;10036;728 8 AVE;True;False;True;False;True;0.761651002;76.16510015
Manhattan;Upper West Side-Lincoln Square;1028563;5;9;70;W  70 ST;10023;9 W  70 ST;True;True;True;False;False;0.159128959;15.91289593
Manhattan;Midtown South-Flatiron-Union Square;1015718;4;47;28;W  28 ST;10001;47 W  28 ST;True;True;False;False;False;0.835544058;83.55440576
Manhattan;Gramercy;1017879;4;145;18;E  18 ST;10003;145 E  18 ST;True;True;False;False;False;0.107769185;10.77691854
Manhattan;Upper West Side-Lincoln Square;1030033;5;140;74;W  74 ST;10023;140 W  74 ST;True;True;False;False;False;0.482671137;48.26711367
Manhattan;Hell's Kitchen;1026931;2;520;44;W  44 ST;10036;520 W  44 ST;True;False;False;False;True;0.714614709;71.46147093
Manhattan;Midtown South-Flatiron-Union Square;1015477;7;146;5;5 AVE;10011;146 5 AVE;True;False;False;False;True;0.698804472;69.88044724
Manhattan;Midtown-Times Square;1016003;5;13;38;W  38 ST;10018;13 W  38 ST;True;False;True;False;False;0.768391133;76.83911328
Manhattan;Midtown South-Flatiron-Union Square;1016092;8;16;17;E  17 ST;10003;16 E  17 ST;True;False;True;False;False;0.783037626;78.30376261
Manhattan;Midtown South-Flatiron-Union Square;1015550;5;52;22;W  22 ST;10010;52 W  22 ST;True;True;False;False;True;0.158552037;15.85520374
Manhattan;Midtown South-Flatiron-Union Square;1017029;5;18;33;E  33 ST;10016;18 E  33 ST;True;False;False;False;True;0.654251841;65.42518405
Manhattan;Chelsea-Hudson Yards;1014737;5;134;20;W  20 ST;10011;134 W  20 ST;True;True;False;False;False;0.161892244;16.18922443
Manhattan;Hell's Kitchen;1026571;5;;;;;;True;False;True;False;False;0.565092399;56.5092399
Manhattan;Gramercy;1020496;4;;;;;;True;True;True;False;False;0.193881639;19.3881639
Manhattan;Midtown South-Flatiron-Union Square;1014229;5;247;26;W  26 ST;10001;247 W  26 ST;True;False;False;False;True;0.63565434;63.565434
Manhattan;Chelsea-Hudson Yards;1013592;25;341;36;W  36 ST;10018;341 W  36 ST;True;False;False;False;True;0.951851731;95.18517309
Manhattan;Upper West Side (Central);1030067;4;109;74;W  74 ST;10023;109 W  74 ST;True;True;True;True;False;0.15175317;15.17531704
Manhattan;Upper West Side (Central);1031696;3;45;94;W  94 ST;10025;45 W  94 ST;True;True;True;False;False;0.089899901;8.989990056
Manhattan;Upper West Side-Lincoln Square;1029637;4;133;69;W  69 ST;10023;133 W  69 ST;True;True;False;False;False;0.059484962;5.948496177
Manhattan;Upper West Side-Lincoln Square;1028664;4;15;73;W  73 ST;10023;15 W  73 ST;True;True;True;False;False;0.14504712;14.50471198
Manhattan;Midtown-Times Square;1014459;17;207;37;W  37 ST;10018;207 W  37 ST;True;True;False;True;True;0.845618899;84.56188988
Manhattan;Chelsea-Hudson Yards;1014028;5;223;20;W  20 ST;10011;223 W  20 ST;True;True;False;False;False;0.209560091;20.95600915
Manhattan;Hell's Kitchen;1025116;5;352;48;W  48 ST;10036;352 W  48 ST;True;True;True;False;False;0.175076706;17.50767061
Manhattan;Upper West Side (Central);1028713;5;13;74;W  74 ST;10023;13 W  74 ST;True;True;True;False;False;0.060336926;6.033692641
Manhattan;Chelsea-Hudson Yards;1013457;1;359;24;W  24 ST;10011;359 W  24 ST;True;False;True;False;False;0.406517517;40.65175173
Manhattan;Hell's Kitchen;1025149;5;318;49;W  49 ST;10019;318 W  49 ST;True;True;True;False;False;0.228389317;22.83893167
Manhattan;Hell's Kitchen;1025098;5;309;47;W  47 ST;10036;309 W  47 ST;True;True;True;False;False;0.225293436;22.5293436
Manhattan;Gramercy;1018172;5;103;LEXINGTON;LEXINGTON AVE;10016;103 LEXINGTON AVE;True;False;False;False;True;0.703895913;70.38959128
Manhattan;Chelsea-Hudson Yards;1012819;4;460;25;W  25 ST;10001;460 W  25 ST;True;False;False;True;True;0.169200898;16.92008981
Manhattan;Midtown South-Flatiron-Union Square;1015109;4;117;28;W  28 ST;10001;117 W  28 ST;True;False;False;False;False;0.758712668;75.87126681
Manhattan;Chelsea-Hudson Yards;1014089;5;242;22;W  22 ST;10011;242 W  22 ST;True;False;False;False;True;0.207552981;20.75529808
Manhattan;Chelsea-Hudson Yards;1013041;3;58;9;9 AVE;10011;58 9 AVE;True;False;False;False;True;0.706314719;70.63147193
Manhattan;Midtown-Times Square;1014455;12;241;37;W  37 ST;10018;241 W  37 ST;True;False;True;False;False;0.826142465;82.61424651
Manhattan;Upper West Side (Central);1031390;3;67;85;W  85 ST;10024;67 W  85 ST;True;True;True;False;False;0.125598802;12.55988025
Manhattan;Hell's Kitchen;1026997;4;701;10;10 AVE;10036;701 10 AVE;False;False;False;False;False;0.707217799;70.72177993
Manhattan;Gramercy;1019520;5;220;15;E  15 ST;10003;220 E  15 ST;True;False;True;True;True;0.359201184;35.92011836
Manhattan;Chelsea-Hudson Yards;1013037;6;352;15;W  15 ST;10011;352 W  15 ST;True;True;True;False;False;0.207211621;20.72116208
Manhattan;Upper West Side-Lincoln Square;1029960;12;269;AMSTERDAM;AMSTERDAM AVE;10023;269 AMSTERDAM AVE;True;False;False;False;True;0.667509685;66.75096852
Manhattan;Upper West Side (Central);1031404;16;31;86;W  86 ST;10024;31 W  86 ST;True;False;True;True;True;0.7500227;75.00226996
Manhattan;Midtown South-Flatiron-Union Square;1015505;12;22;21;W  21 ST;10010;22 W  21 ST;True;False;True;False;False;0.831129927;83.11299275
Manhattan;Hell's Kitchen;1027003;3;;;;;;True;False;False;False;True;0.457705942;45.77059424
Manhattan;Gramercy;1020476;3;;;;;;True;True;True;False;False;0.124260087;12.42600872
Manhattan;Hell's Kitchen;1025007;5;;;;;;True;True;True;False;False;0.189673483;18.96734826
Manhattan;Upper West Side (Central);1031029;6;302;76;W  76 ST;10023;302 W  76 ST;True;True;True;False;False;0.42206878;42.20687798
Manhattan;Chelsea-Hudson Yards;1014548;3;;;;;;True;True;True;False;False;0.124013721;12.40137212
Manhattan;Midtown-Times Square;1023727;6;115;57;W  57 ST;10019;115 W  57 ST;True;False;False;False;True;0.625869656;62.58696556
Manhattan;Upper West Side (Central);1030148;4;140;76;W  76 ST;10023;140 W  76 ST;True;True;True;False;False;0.159512525;15.95125248
Manhattan;Chelsea-Hudson Yards;1013080;5;151;8;8 AVE;10011;151 8 AVE;True;False;False;False;False;0.229658017;22.96580166
Manhattan;Chelsea-Hudson Yards;1013342;4;;;;;;True;True;True;False;False;0.101529582;10.1529582
Manhattan;Upper West Side-Lincoln Square;1028675;5;20;74;W  74 ST;10023;20 W  74 ST;True;True;True;True;False;0.09519646;9.519646035
Manhattan;Chelsea-Hudson Yards;1014577;6;111;16;W  16 ST;10011;111 W  16 ST;True;False;True;False;False;0.680337833;68.03378335
Manhattan;Hell's Kitchen;1027075;3;515;57;W  57 ST;10019;515 W  57 ST;True;False;False;False;True;0.611499087;61.14990874
Manhattan;Upper West Side (Central);1031309;4;9;84;W  84 ST;10024;9 W  84 ST;True;True;True;False;False;0.094654104;9.465410448
Manhattan;Midtown-Times Square;1024898;11;1758;BROADWAY;BROADWAY;10019;1758 BROADWAY;True;False;True;False;False;0.763807838;76.38078379
Manhattan;Hell's Kitchen;1026625;4;450;49;W  49 ST;10019;450 W  49 ST;True;True;True;False;False;0.197608021;19.76080207
Manhattan;Gramercy;1020542;6;346;21;E  21 ST;10010;346 E  21 ST;True;False;True;False;True;0.797909711;79.79097108
Manhattan;Upper West Side (Central);1031147;4;54;82;W  82 ST;10024;54 W  82 ST;True;True;True;False;False;0.109058451;10.90584514
Manhattan;Chelsea-Hudson Yards;1012580;5;400;20;W  20 ST;10011;400 W  20 ST;True;True;True;False;False;0.678048204;67.80482042
Manhattan;Upper West Side (Central);1030075;5;108;75;W  75 ST;10023;108 W  75 ST;True;True;False;False;False;0.156965147;15.69651472
Manhattan;Upper West Side-Lincoln Square;1028562;4;;;;;;True;True;False;False;False;0.129509984;12.95099841
Manhattan;Midtown South-Flatiron-Union Square;1015134;12;158;29;W  29 ST;10001;158 W  29 ST;True;False;False;False;True;0.874691486;87.46914857
Manhattan;Midtown-Times Square;1017247;13;35;38;E  38 ST;10016;35 E  38 ST;True;False;False;True;True;0.651126744;65.11267442
Manhattan;Chelsea-Hudson Yards;1012783;6;248;10;10 AVE;10001;248 10 AVE;True;False;False;False;True;0.669747696;66.97476956
Manhattan;Chelsea-Hudson Yards;1013119;6;328;19;W  19 ST;10011;328 W  19 ST;True;False;True;False;True;0.288027229;28.80272288
Manhattan;Upper West Side-Lincoln Square;1028678;5;26;74;W  74 ST;10023;26 W  74 ST;True;True;True;True;False;0.671119107;67.11191069
Manhattan;Chelsea-Hudson Yards;1014170;3;247;24;W  24 ST;10011;247 W  24 ST;True;True;True;False;False;0.493540967;49.35409675
Manhattan;Chelsea-Hudson Yards;1012978;5;;;;;;True;False;True;False;False;0.61574408;61.57440798
Manhattan;Midtown-Times Square;1015924;5;41;36;W  36 ST;10018;41 W  36 ST;True;False;True;False;True;0.861069887;86.10698868
Manhattan;Midtown-Times Square;1024919;23;210;CENTRAL;CENTRAL PARK S;10019;210 CENTRAL PARK S;True;False;False;False;True;0.860815925;86.08159251
Manhattan;Upper West Side-Lincoln Square;1028656;4;49;73;W  73 ST;10023;49 W  73 ST;True;True;False;False;False;0.143716905;14.37169055
Manhattan;Upper West Side (Central);1031608;3;44;91;W  91 ST;10024;44 W  91 ST;True;True;False;False;False;0.110384032;11.03840317
Manhattan;Chelsea-Hudson Yards;1012714;5;456;23;W  23 ST;10011;456 W  23 ST;True;True;True;False;False;0.12317795;12.31779499
Manhattan;Midtown-Times Square;1024838;13;1697;BROADWAY;BROADWAY;10019;1697 BROADWAY;True;False;False;False;True;0.835558293;83.55582934
Manhattan;Hell's Kitchen;1024952;4;594;9;9 AVE;10036;594 9 AVE;True;False;False;False;True;0.726126999;72.61269991
Manhattan;Midtown South-Flatiron-Union Square;1015834;7;1271;BROADWAY;BROADWAY;10001;1271 BROADWAY;True;False;False;False;True;0.844696204;84.46962036
Manhattan;Chelsea-Hudson Yards;1012789;3;451;24;W  24 ST;10011;451 W  24 ST;True;True;True;False;False;0.09802585;9.802584964
Manhattan;Midtown South-Flatiron-Union Square;1015667;4;;;;;;True;False;True;False;False;0.714282128;71.42821276
Manhattan;Gramercy;1017875;4;137;18;E  18 ST;10003;137 E  18 ST;True;True;False;False;False;0.104582618;10.45826182
Manhattan;Chelsea-Hudson Yards;1012628;5;425;21;W  21 ST;10011;425 W  21 ST;True;True;False;False;False;0.119372952;11.93729523
Manhattan;Upper West Side-Lincoln Square;1028515;4;;;;;;True;True;False;False;False;0.071199572;7.119957247
Manhattan;Chelsea-Hudson Yards;1013112;3;308;19;W  19 ST;10011;308 W  19 ST;True;True;True;False;False;0.092852229;9.285222939
Manhattan;Gramercy;1018136;6;141;26;E  26 ST;10010;141 E  26 ST;True;True;True;False;False;0.190382292;19.03822916
Manhattan;Chelsea-Hudson Yards;1012574;3;443;19;W  19 ST;10011;443 W  19 ST;True;False;True;False;False;0.091959214;9.19592144
Manhattan;Midtown South-Flatiron-Union Square;1015100;12;145;28;W  28 ST;10001;145 W  28 ST;True;False;False;False;True;0.8693701;86.93701
Manhattan;Gramercy;1017878;4;143;18;E  18 ST;10003;143 E  18 ST;True;True;False;False;False;0.105758801;10.57588009
Manhattan;Hell's Kitchen;1025027;3;;;;;;True;True;True;False;False;0.633219595;63.32195948
Manhattan;Midtown South-Flatiron-Union Square;1015768;5;18;30;W  30 ST;10001;18 W  30 ST;False;False;False;False;False;0.706611409;70.66114086
Manhattan;Chelsea-Hudson Yards;1013090;4;304;18;W  18 ST;10011;304 W  18 ST;True;False;True;False;False;0.159549639;15.95496387
Manhattan;Midtown-Times Square;1022565;35;1065;OF THE AMERICAS;AVE OF THE AMERICAS;10018;1065 AVE OF THE AMERICAS;True;False;False;False;True;0.861573616;86.15736157
Manhattan;Chelsea-Hudson Yards;1013062;5;;;;;;True;True;True;False;False;0.195431503;19.54315033
Manhattan;Midtown South-Flatiron-Union Square;1015029;6;171;26;W  26 ST;10001;171 W  26 ST;True;False;False;False;True;0.648531903;64.85319033
Manhattan;Gramercy;1017884;3;216;3;3 AVE;10003;216 3 AVE;True;False;False;False;True;0.726732155;72.67321549
Manhattan;Midtown South-Flatiron-Union Square;1017004;11;315;5;5 AVE;10016;315 5 AVE;True;False;False;False;True;0.855479191;85.54791906
Manhattan;Upper West Side (Central);1030166;4;116;76;W  76 ST;10023;116 W  76 ST;True;True;True;False;False;0.104005133;10.40051325
Manhattan;Hell's Kitchen;1013693;32;340;40;W  40 ST;10018;340 W  40 ST;True;False;False;False;True;0.955208254;95.52082544
Manhattan;Chelsea-Hudson Yards;1012421;5;313;10;10 AVE;10001;313 10 AVE;True;True;False;False;False;0.230255147;23.02551467
Manhattan;Midtown South-Flatiron-Union Square;1015310;7;25;15;W  15 ST;10011;25 W  15 ST;True;False;False;False;True;0.591156315;59.11563151
Manhattan;Chelsea-Hudson Yards;1013856;5;244;18;W  18 ST;10011;244 W  18 ST;True;True;True;False;False;0.623870872;62.38708722
Manhattan;Chelsea-Hudson Yards;1013776;19;200;16;W  16 ST;10011;200 W  16 ST;True;False;False;False;True;0.836912402;83.6912402
Manhattan;Upper West Side (Central);1031231;5;3;83;W  83 ST;10024;3 W  83 ST;True;False;False;False;True;0.374277617;37.42776174
Manhattan;Chelsea-Hudson Yards;1014723;6;144;19;W  19 ST;10011;144 W  19 ST;True;False;False;False;True;0.272042143;27.20421428
Manhattan;Upper West Side-Lincoln Square;1030392;4;263;70;W  70 ST;10023;263 W  70 ST;True;True;True;False;False;0.104474062;10.44740624
Manhattan;Chelsea-Hudson Yards;1012353;4;505;23;W  23 ST;10011;505 W  23 ST;True;False;False;False;True;0.772820966;77.28209663
Manhattan;Midtown South-Flatiron-Union Square;1015874;8;15;34;W  34 ST;10001;15 W  34 ST;True;False;False;False;True;0.803859392;80.38593924
Manhattan;Midtown South-Flatiron-Union Square;1015646;5;;;;;;True;False;False;False;True;0.734071965;73.40719651
Manhattan;Hell's Kitchen;1026361;3;411;43;W  43 ST;10036;411 W  43 ST;True;True;True;False;False;0.141034222;14.10342216
Manhattan;Midtown South-Flatiron-Union Square;1016263;5;18;22;E  22 ST;10010;18 E  22 ST;True;True;True;False;False;0.348592235;34.85922352
Manhattan;Hell's Kitchen;1025020;3;340;46;W  46 ST;10036;340 W  46 ST;True;True;True;False;False;0.617808211;61.78082106
Manhattan;Upper West Side (Central);1031452;4;;;;;;True;True;False;True;True;0.123810525;12.38105255
Manhattan;Upper West Side (Central);1031603;4;43;90;W  90 ST;10024;43 W  90 ST;True;True;True;False;False;0.113730843;11.37308435
Manhattan;Upper West Side-Lincoln Square;1030424;5;222;72;W  72 ST;10023;222 W  72 ST;True;False;False;False;True;0.171230759;17.1230759
Manhattan;Chelsea-Hudson Yards;1013365;5;336;23;W  23 ST;10011;336 W  23 ST;True;True;False;False;False;0.766798304;76.67983039
Manhattan;Upper West Side-Lincoln Square;1030425;5;224;72;W  72 ST;10023;224 W  72 ST;True;False;False;False;True;0.55760683;55.76068295
Manhattan;Midtown South-Flatiron-Union Square;1016965;4;;;;;;True;False;False;False;True;0.657852002;65.78520022
Manhattan;Hell's Kitchen;1025323;6;300;53;W  53 ST;10019;300 W  53 ST;True;False;False;False;True;0.775813068;77.58130681
Manhattan;Midtown-Times Square;1015901;9;8;36;W  36 ST;10018;8 W  36 ST;True;False;False;False;True;0.819731148;81.97311481
Manhattan;Upper West Side (Central);1031424;4;48;87;W  87 ST;10024;48 W  87 ST;True;True;True;True;True;0.150572998;15.05729983
Manhattan;Upper West Side-Lincoln Square;1028672;10;10;74;W  74 ST;10023;10 W  74 ST;True;False;False;True;True;0.495305015;49.53050151
Manhattan;Hell's Kitchen;1026619;5;434;49;W  49 ST;10019;434 W  49 ST;True;True;True;False;False;0.159735102;15.97351021
Manhattan;Chelsea-Hudson Yards;1013110;3;;;;;;True;False;False;False;False;0.670418707;67.04187068
Manhattan;Upper West Side (Central);1031676;3;19;94;W  94 ST;10025;19 W  94 ST;True;True;True;False;False;0.048933855;4.893385535
Manhattan;Hell's Kitchen;1026632;5;694;10;10 AVE;10019;694 10 AVE;False;False;False;False;False;0.629312254;62.93122543
Manhattan;Upper West Side-Lincoln Square;1028231;15;2;67;W  67 ST;10023;2 W  67 ST;True;False;False;False;True;0.593275372;59.32753722
Manhattan;Chelsea-Hudson Yards;1014778;10;136;22;W  22 ST;10011;136 W  22 ST;True;False;False;False;True;0.825630554;82.56305541
Manhattan;Midtown-Times Square;1017195;5;238;MADISON;MADISON AVE;10016;238 MADISON AVE;True;False;False;False;True;0.651560264;65.15602637
Manhattan;Chelsea-Hudson Yards;1012804;6;241;9;9 AVE;10001;241 9 AVE;True;False;False;False;True;0.744232402;74.4232402
Manhattan;Upper West Side-Lincoln Square;1030040;4;157;73;W  73 ST;10023;157 W  73 ST;True;True;True;False;False;0.154781216;15.47812161
Manhattan;Midtown South-Flatiron-Union Square;1015692;5;4;28;W  28 ST;10001;4 W  28 ST;True;False;False;False;True;0.71253968;71.25396796
Manhattan;Midtown-Times Square;1024795;34;1626;BROADWAY;BROADWAY;10019;1626 BROADWAY;True;False;False;False;True;0.836848928;83.68489282
Manhattan;Upper West Side (Central);1028741;5;;;;;;True;True;True;False;False;0.093713604;9.371360427
Manhattan;Upper West Side (Central);1030860;4;215;76;W  76 ST;10023;215 W  76 ST;False;False;False;False;False;0.75646762;75.64676197
Manhattan;Hell's Kitchen;1024942;5;323;42;W  42 ST;10036;323 W  42 ST;True;False;False;False;False;0.643889958;64.38899579
Manhattan;Chelsea-Hudson Yards;1013075;4;;;;;;True;False;True;False;True;0.658577773;65.8577773
Manhattan;Midtown-Times Square;1015245;6;120;37;W  37 ST;10018;120 W  37 ST;True;False;False;False;True;0.873838228;87.38382279
Manhattan;Gramercy;1018176;3;143;27;E  27 ST;10016;143 E  27 ST;True;True;True;False;False;0.498139981;49.81399812
Manhattan;Upper West Side (Central);1031654;4;40;94;W  94 ST;10025;40 W  94 ST;True;False;False;False;True;0.054719438;5.471943821
Manhattan;Midtown-Times Square;1017182;19;37;36;E  36 ST;10016;37 E  36 ST;True;False;False;False;True;0.834193889;83.41938886
Manhattan;Midtown South-Flatiron-Union Square;1015792;13;4;31;W  31 ST;10001;4 W  31 ST;True;False;False;True;True;0.606846134;60.68461345
Manhattan;Chelsea-Hudson Yards;1026907;3;512;42;W  42 ST;10036;512 W  42 ST;True;False;False;False;True;0.764909573;76.49095732
Manhattan;Midtown-Times Square;1022645;17;130;46;W  46 ST;10036;130 W  46 ST;True;False;False;False;True;0.871010189;87.10101886
Manhattan;Hell's Kitchen;1025044;3;359;46;W  46 ST;10036;359 W  46 ST;True;True;True;False;False;0.19520208;19.52020797
Manhattan;Midtown South-Flatiron-Union Square;1016280;12;21;22;E  22 ST;10010;21 E  22 ST;True;False;False;False;True;0.596018487;59.60184871
Manhattan;Upper West Side-Lincoln Square;1030977;5;315;71;W  71 ST;10023;315 W  71 ST;True;False;True;False;False;0.121434027;12.14340273
Manhattan;Chelsea-Hudson Yards;1014060;6;216;8;8 AVE;10011;216 8 AVE;True;True;True;False;False;0.832589978;83.25899783
Manhattan;Upper West Side (Central);1031054;4;315;76;W  76 ST;10023;315 W  76 ST;True;True;True;True;False;0.054873887;5.487388671
Manhattan;Chelsea-Hudson Yards;1012648;2;428;22;W  22 ST;10011;428 W  22 ST;True;True;True;False;False;0.053455426;5.345542576
Manhattan;Midtown-Times Square;1014508;12;;;;;;True;False;False;False;True;0.774881484;77.48814844
Manhattan;Chelsea-Hudson Yards;1014116;3;221;22;W  22 ST;10011;221 W  22 ST;True;False;False;False;True;0.152389939;15.2389939
Manhattan;Gramercy;1017867;5;123;18;E  18 ST;10003;123 E  18 ST;True;False;False;False;True;0.805948817;80.59488169
Manhattan;Chelsea-Hudson Yards;1014806;15;130;23;W  23 ST;10011;130 W  23 ST;True;False;False;False;True;0.901019873;90.10198728
Manhattan;Midtown South-Flatiron-Union Square;1015522;2;57;21;W  21 ST;10010;57 W  21 ST;True;False;False;False;True;0.663458878;66.34588776
Manhattan;Upper West Side (Central);1031663;3;57;94;W  94 ST;10025;57 W  94 ST;True;True;True;False;False;0.092580366;9.258036588
Manhattan;Hell's Kitchen;1025127;5;706;9;9 AVE;10019;706 9 AVE;True;False;False;False;True;0.635989357;63.59893572
Manhattan;Midtown South-Flatiron-Union Square;1016117;6;;;;;;True;False;False;False;True;0.704635574;70.46355743
Manhattan;Chelsea-Hudson Yards;1013198;3;363;19;W  19 ST;10011;363 W  19 ST;True;True;True;False;False;0.143340932;14.3340932
Manhattan;Midtown-Times Square;1015884;2;968;OF THE AMERICAS;AVE OF THE AMERICAS;10001;968 AVE OF THE AMERICAS;True;False;False;False;True;0.752614881;75.26148807
Manhattan;Midtown-Times Square;1022559;4;567;7;7 AVE;10018;567 7 AVE;True;False;False;False;True;0.709901347;70.99013473
Manhattan;Upper West Side (Central);1030171;4;169;76;W  76 ST;10023;169 W  76 ST;True;True;False;True;False;0.157883138;15.7883138
Manhattan;Gramercy;1017909;4;109;19;E  19 ST;10003;109 E  19 ST;True;True;True;False;False;0.207016545;20.70165454
Manhattan;Gramercy;1017934;5;130;20;E  20 ST;10003;130 E  20 ST;True;True;True;False;False;0.076534118;7.653411805
Manhattan;Upper West Side (Central);1030176;4;155;76;W  76 ST;10023;155 W  76 ST;True;True;False;False;False;0.154600766;15.46007657
Manhattan;Chelsea-Hudson Yards;1014808;4;134;23;W  23 ST;10011;134 W  23 ST;True;False;False;False;True;0.700080569;70.00805686
Manhattan;Hell's Kitchen;1026558;3;437;47;W  47 ST;10036;437 W  47 ST;True;True;True;False;False;0.244271465;24.42714649
Manhattan;Hell's Kitchen;1026608;4;400;49;W  49 ST;10019;400 W  49 ST;True;False;True;False;False;0.618314926;61.83149257
Manhattan;Upper West Side (Central);1028750;4;41;75;W  75 ST;10023;41 W  75 ST;True;True;True;False;False;0.107149962;10.71499623
Manhattan;Upper West Side-Lincoln Square;1030361;4;;;;;;True;True;True;False;False;0.094546944;9.454694367
Manhattan;Midtown-Times Square;1024782;15;224;49;W  49 ST;10019;224 W  49 ST;True;False;False;False;True;0.865089661;86.50896611
Manhattan;Gramercy;1018103;5;68;LEXINGTON;LEXINGTON AVE;10010;68 LEXINGTON AVE;True;False;True;False;False;0.416662621;41.6662621
Manhattan;Gramercy;1018020;4;284;3;3 AVE;10010;284 3 AVE;True;False;False;False;True;0.780299226;78.02992258
Manhattan;Midtown-Times Square;1017213;4;;;;;;True;True;True;False;False;0.631380268;63.13802676
Manhattan;Midtown-Times Square;1024669;4;250;42;W  42 ST;10036;250 W  42 ST;True;False;False;False;False;0.600404209;60.04042087
Manhattan;Upper West Side (Central);1031013;5;316;75;W  75 ST;10023;316 W  75 ST;True;True;True;False;False;0.381932681;38.19326805
Manhattan;Upper West Side (Central);1031407;20;5;86;W  86 ST;10024;5 W  86 ST;True;False;True;False;True;0.785473957;78.54739574
Manhattan;Midtown-Times Square;1014434;13;242;36;W  36 ST;10018;242 W  36 ST;True;False;False;False;True;0.852679798;85.26797981
Manhattan;Gramercy;1017953;10;;;;;;True;True;True;False;False;0.479691406;47.96914058
Manhattan;Midtown South-Flatiron-Union Square;1015285;5;47;14;W  14 ST;10011;47 W  14 ST;True;False;False;False;True;0.880256598;88.02565982
Manhattan;Midtown South-Flatiron-Union Square;1015087;2;118;28;W  28 ST;10001;118 W  28 ST;True;False;False;True;True;0.730945593;73.0945593
Manhattan;Upper West Side (Central);1031304;5;27;84;W  84 ST;10024;27 W  84 ST;True;True;True;False;False;0.173567984;17.35679838
Manhattan;Hell's Kitchen;1025156;5;;;;;;True;True;False;False;False;0.186876754;18.68767539
Manhattan;Chelsea-Hudson Yards;1012493;14;475;10;10 AVE;10018;475 10 AVE;True;False;False;False;True;0.810806008;81.08060079
Manhattan;Hell's Kitchen;1024966;5;;;;;;True;True;True;False;False;0.192947117;19.29471167
Manhattan;Gramercy;1020388;4;236;2;2 AVE;10003;236 2 AVE;True;True;True;True;False;0.480845838;48.08458379
Manhattan;Midtown South-Flatiron-Union Square;1017090;5;179;MADISON;MADISON AVE;10016;179 MADISON AVE;True;False;False;False;True;0.668271918;66.8271918
Manhattan;Chelsea-Hudson Yards;1015008;2;117;25;W  25 ST;10001;117 W  25 ST;True;False;False;False;True;0.756817421;75.68174205
Manhattan;Upper West Side (Central);1030841;5;201;75;W  75 ST;10023;201 W  75 ST;True;False;False;False;True;0.639098242;63.90982425
Manhattan;Upper West Side (Central);1030210;5;103;77;W  77 ST;10024;103 W  77 ST;True;True;True;False;False;0.568179334;56.81793342
Manhattan;Hell's Kitchen;1026569;4;;;;;;True;False;False;False;True;0.651378782;65.13787817
Manhattan;Upper West Side-Lincoln Square;1029661;3.5;125;69;W  69 ST;10023;125 W  69 ST;True;True;True;False;False;0.055288846;5.528884629
Manhattan;Gramercy;1019584;3;237;18;E  18 ST;10003;237 E  18 ST;True;False;True;False;False;0.07650807;7.650807024
Manhattan;Upper West Side-Lincoln Square;1028249;3;;;;;;True;True;False;False;False;0.231872396;23.18723958
Manhattan;Midtown South-Flatiron-Union Square;1016124;4;861;BROADWAY;BROADWAY;10003;861 BROADWAY;False;False;False;False;False;0.556869129;55.68691285
Manhattan;Midtown-Times Square;1024922;28;1796;BROADWAY;BROADWAY;10019;1796 BROADWAY;True;False;False;False;True;0.878159445;87.81594446
Manhattan;Upper West Side (Central);1030156;4;158;76;W  76 ST;10023;158 W  76 ST;True;True;True;False;False;0.157507962;15.75079618
Manhattan;Upper West Side (Central);1031298;4.5;41;84;W  84 ST;10024;41 W  84 ST;True;True;True;False;False;0.059643192;5.964319196
Manhattan;Midtown-Times Square;1015892;4;;;;;;True;False;False;False;True;0.74903062;74.90306205
Manhattan;Upper West Side (Central);1031187;3;16;83;W  83 ST;10024;16 W  83 ST;True;True;True;False;False;0.07872705;7.87270497
Manhattan;Upper West Side (Central);1031415;5;;;;;;True;True;False;True;True;0.414465376;41.44653755
Manhattan;Hell's Kitchen;1026684;5;743;9;9 AVE;10019;743 9 AVE;True;False;False;False;True;0.611382034;61.13820337
Manhattan;Midtown South-Flatiron-Union Square;1015557;3;684;OF THE AMERICAS;AVE OF THE AMERICAS;10010;684 AVE OF THE AMERICAS;True;False;False;False;True;0.657828146;65.78281457
Manhattan;Chelsea-Hudson Yards;1012678;5;451;22;W  22 ST;10011;451 W  22 ST;True;True;True;False;False;0.110637183;11.06371828
Manhattan;Hell's Kitchen;1025058;5;;;;;;True;False;False;False;True;0.190642093;19.06420931
Manhattan;Upper West Side (Central);1031732;;28;96;W  96 ST;10025;28 W  96 ST;True;True;True;False;False;0.139363784;13.93637841
Manhattan;Chelsea-Hudson Yards;1012294;11;529;20;W  20 ST;10011;529 W  20 ST;True;False;False;False;True;0.832927897;83.29278974
Manhattan;Midtown-Times Square;1015932;6;11;36;W  36 ST;10018;11 W  36 ST;True;False;False;False;True;0.746683036;74.66830356
Manhattan;Midtown-Times Square;1022690;6;727;7;7 AVE;10019;727 7 AVE;True;False;False;False;True;0.77848097;77.84809703
Manhattan;Midtown South-Flatiron-Union Square;1016950;5;275;5;5 AVE;10016;275 5 AVE;True;False;False;False;True;0.744400367;74.44003668
Manhattan;Chelsea-Hudson Yards;1013555;2;369;34;W  34 ST;10001;369 W  34 ST;True;False;False;False;True;0.772554685;77.25546847
Manhattan;Upper West Side (Central);1031506;4;33;88;W  88 ST;10024;33 W  88 ST;True;True;True;True;False;0.563052847;56.30528471
Manhattan;Midtown-Times Square;1015240;21;121;36;W  36 ST;10018;121 W  36 ST;True;False;False;False;True;0.685643698;68.56436981
Manhattan;Midtown South-Flatiron-Union Square;1015141;12;143;29;W  29 ST;10001;143 W  29 ST;True;False;False;False;True;0.868738407;86.87384073
Manhattan;Upper West Side-Lincoln Square;1028521;4;46;70;W  70 ST;10023;46 W  70 ST;True;True;False;False;False;0.159411595;15.94115948
Manhattan;Midtown-Times Square;1015955;2;1008;OF THE AMERICAS;AVE OF THE AMERICAS;10018;1008 AVE OF THE AMERICAS;True;False;False;False;True;0.736397943;73.6397943
Manhattan;Chelsea-Hudson Yards;1014072;5;211;21;W  21 ST;10011;211 W  21 ST;True;True;False;False;False;0.215736442;21.57364422
Manhattan;Midtown South-Flatiron-Union Square;1015697;4;1179;BROADWAY;BROADWAY;10001;1179 BROADWAY;True;False;False;False;True;0.848975595;84.89755951
Manhattan;Gramercy;1017912;4;115;19;E  19 ST;10003;115 E  19 ST;True;True;True;False;False;0.199590933;19.95909329
Manhattan;Midtown South-Flatiron-Union Square;1015806;16;38;32;W  32 ST;10001;38 W  32 ST;True;False;False;False;True;0.851239189;85.12391888
Manhattan;Upper West Side (Central);1030065;4;113;74;W  74 ST;10023;113 W  74 ST;True;True;True;True;False;0.152113987;15.21139874
Manhattan;Upper West Side-Lincoln Square;1028682;5;38;74;W  74 ST;10023;38 W  74 ST;True;True;True;True;False;0.430249477;43.02494766
Manhattan;Hell's Kitchen;1026893;11;432;58;W  58 ST;10019;432 W  58 ST;False;False;False;False;False;0.351055425;35.10554248
Manhattan;Chelsea-Hudson Yards;1013331;3;350;22;W  22 ST;10011;350 W  22 ST;True;False;False;True;True;0.052646623;5.264662287
Manhattan;Chelsea-Hudson Yards;1014561;6;114;16;W  16 ST;10011;114 W  16 ST;True;False;False;False;True;0.610012899;61.00128992
Manhattan;Upper West Side-Lincoln Square;1028133;9;17;64;W  64 ST;10023;17 W  64 ST;True;True;False;False;False;0.592193506;59.21935063
Manhattan;Midtown South-Flatiron-Union Square;1016228;11;39;20;E  20 ST;10003;39 E  20 ST;True;False;False;False;False;0.766982019;76.69820186
Manhattan;Hell's Kitchen;1027009;5;531;48;W  48 ST;10036;531 W  48 ST;True;False;True;False;False;0.160655715;16.06557145
Manhattan;Upper West Side (Central);1030054;9;151;74;W  74 ST;10023;151 W  74 ST;True;False;False;False;True;0.627744136;62.7744136
Manhattan;Midtown South-Flatiron-Union Square;1015704;5;38;28;W  28 ST;10001;38 W  28 ST;True;False;False;False;True;0.843997753;84.39977528
Manhattan;Hell's Kitchen;1026366;4;;;;;;True;False;False;True;True;0.666461251;66.6461251
Manhattan;Upper West Side (Central);1031645;12;333;CENTRAL;CENTRAL PARK W;10025;333 CENTRAL PARK W;True;False;False;False;True;0.542208642;54.22086418
Manhattan;Midtown-Times Square;1023735;15;134;58;W  58 ST;10019;134 W  58 ST;True;False;False;False;True;0.883400266;88.34002662
Manhattan;Gramercy;1020545;7;315;21;E  21 ST;10010;315 E  21 ST;True;True;True;False;False;0.594297539;59.42975393
Manhattan;Hell's Kitchen;1025017;3;332;46;W  46 ST;10036;332 W  46 ST;True;True;True;False;False;0.138987498;13.89874983
Manhattan;Gramercy;1018193;6;115;LEXINGTON;LEXINGTON AVE;10016;115 LEXINGTON AVE;True;False;False;True;True;0.766050153;76.60501525
Manhattan;Upper West Side (Central);1030052;;157;74;W  74 ST;10023;157 W  74 ST;True;True;True;False;False;0.154511122;15.45111222
Manhattan;Hell's Kitchen;1026703;4;462;51;W  51 ST;10019;462 W  51 ST;True;True;True;False;False;0.179108835;17.91088346
Manhattan;Midtown South-Flatiron-Union Square;1017083;12;33;33;E  33 ST;10016;33 E  33 ST;True;False;False;False;True;0.830784801;83.07848007
Manhattan;Chelsea-Hudson Yards;1013458;22;365;25;W  25 ST;10001;365 W  25 ST;True;False;False;False;True;0.807217202;80.72172018
Manhattan;Chelsea-Hudson Yards;1014950;5;131;23;W  23 ST;10011;131 W  23 ST;True;True;False;False;False;0.557673088;55.76730878
Manhattan;Midtown South-Flatiron-Union Square;1015678;9;43;27;W  27 ST;10001;43 W  27 ST;True;False;False;False;True;0.774573504;77.45735037
Manhattan;Chelsea-Hudson Yards;1013305;5;219;8;8 AVE;10011;219 8 AVE;True;False;True;False;True;0.642252903;64.22529034
Manhattan;Upper West Side-Lincoln Square;1029892;13;118;72;W  72 ST;10023;118 W  72 ST;True;False;False;False;True;0.630533434;63.05334339
Manhattan;Gramercy;1020480;3;333;18;E  18 ST;10003;333 E  18 ST;True;True;True;False;False;0.136961863;13.69618632
Manhattan;Midtown-Times Square;1024868;5;932;8;8 AVE;10019;932 8 AVE;True;False;False;False;True;0.755851317;75.58513166
Manhattan;Midtown South-Flatiron-Union Square;1016121;6;23;17;E  17 ST;10003;23 E  17 ST;True;False;False;False;True;0.744866584;74.48665838
Manhattan;Midtown South-Flatiron-Union Square;1016905;7;41;28;E  28 ST;10016;41 E  28 ST;True;False;False;False;True;0.824109533;82.41095326
Manhattan;Midtown South-Flatiron-Union Square;1015506;15;;;;;;True;False;False;False;True;0.868956372;86.89563716
Manhattan;Upper West Side-Lincoln Square;1028654;4;55;73;W  73 ST;10023;55 W  73 ST;True;False;False;True;True;0.0978651;9.786510029
Manhattan;Hell's Kitchen;1027095;8;575;11;11 AVE;10036;575 11 AVE;True;False;True;False;False;0.540977189;54.09771887
Manhattan;Hell's Kitchen;1026942;5;643;10;10 AVE;10036;643 10 AVE;True;False;False;False;True;0.212739874;21.27398741
Manhattan;Chelsea-Hudson Yards;1013888;6;274;19;W  19 ST;10011;274 W  19 ST;True;True;False;False;False;0.532503649;53.25036486
Manhattan;Midtown South-Flatiron-Union Square;1015835;8;306;5;5 AVE;10001;306 5 AVE;True;False;False;False;True;0.771437885;77.14378845
Manhattan;Midtown South-Flatiron-Union Square;1016990;13;31;31;E  31 ST;10016;31 E  31 ST;True;False;False;False;True;0.722129908;72.21299076
Manhattan;Hell's Kitchen;1025437;4;937;8;8 AVE;10019;937 8 AVE;True;False;False;False;True;0.700100266;70.0100266
Manhattan;Upper West Side (Central);1031624;6;5;91;W  91 ST;10024;5 W  91 ST;True;False;False;False;True;0.425784809;42.57848087
Manhattan;Chelsea-Hudson Yards;1012312;4;193;10;10 AVE;10011;193 10 AVE;True;True;False;False;False;0.542264322;54.22643216
Manhattan;Hell's Kitchen;1026568;4;687;9;9 AVE;10036;687 9 AVE;True;False;False;False;True;0.698399138;69.83991383
Manhattan;Upper West Side-Lincoln Square;1030970;15;330;72;W  72 ST;10023;330 W  72 ST;True;False;False;False;True;0.753042423;75.30424231
Manhattan;Upper West Side (Central);1031446;5;;;;;;True;True;False;False;False;0.120494832;12.04948324
Manhattan;Upper West Side (Central);1030724;4;2121;BROADWAY;BROADWAY;10023;2121 BROADWAY;True;False;False;False;False;0.812293929;81.22939288
Manhattan;Chelsea-Hudson Yards;1012631;3;415;21;W  21 ST;10011;415 W  21 ST;True;True;True;False;False;0.067134461;6.713446058
Manhattan;Chelsea-Hudson Yards;1014811;12;;;;;;True;False;True;False;True;0.526173377;52.61733773
Manhattan;Chelsea-Hudson Yards;1012824;4;;;;;;True;False;True;False;True;0.684938531;68.49385305
Manhattan;Midtown South-Flatiron-Union Square;1014243;3;260;27;W  27 ST;10001;260 W  27 ST;True;False;False;False;True;0.725693745;72.56937446
Manhattan;Upper West Side (Central);1031484;4;58;88;W  88 ST;10024;58 W  88 ST;True;True;False;False;False;0.054777948;5.477794774
Manhattan;Hell's Kitchen;1025118;5;356;48;W  48 ST;10036;356 W  48 ST;True;True;True;False;False;0.23181451;23.18145103
Manhattan;Midtown South-Flatiron-Union Square;1015110;6;115;28;W  28 ST;10001;115 W  28 ST;True;False;False;False;True;0.861856339;86.18563386
Manhattan;Midtown-Times Square;1024904;13;200;58;W  58 ST;10019;200 W  58 ST;True;False;False;False;True;0.706659409;70.66594093
Manhattan;Hell's Kitchen;1025404;6;826;9;9 AVE;10019;826 9 AVE;True;False;False;False;True;0.614786699;61.47866991
Manhattan;Midtown-Times Square;1014398;7;249;34;W  34 ST;10001;249 W  34 ST;True;False;True;False;False;0.827277755;82.72777548
Manhattan;Hell's Kitchen;1026411;5;;;;;;True;False;True;True;True;0.161607171;16.16071711
Manhattan;Chelsea-Hudson Yards;1012426;5;;;;;;True;False;True;False;True;0.236400049;23.6400049
Manhattan;Hell's Kitchen;1013696;6;356;40;W  40 ST;10018;356 W  40 ST;True;False;False;False;True;0.690271125;69.02711247
Manhattan;Hell's Kitchen;1025422;6;357;55;W  55 ST;10019;357 W  55 ST;True;False;True;False;False;0.551078764;55.1078764
Manhattan;Upper West Side (Central);1031656;3;46;94;W  94 ST;10025;46 W  94 ST;True;True;True;False;False;0.092828956;9.282895552
Manhattan;Chelsea-Hudson Yards;1012524;4;528;39;W  39 ST;10018;528 W  39 ST;True;True;False;False;False;0.695387721;69.53877214
Manhattan;Chelsea-Hudson Yards;1013516;3;351;30;W  30 ST;10001;351 W  30 ST;True;True;True;False;False;0.109472066;10.94720661
Manhattan;Hell's Kitchen;1027035;4.5;524;50;W  50 ST;10019;524 W  50 ST;True;True;False;True;False;0.802695476;80.26954765
Manhattan;Upper West Side (Central);1031524;4;42;89;W  89 ST;10024;42 W  89 ST;True;True;True;False;False;0.094400357;9.440035738
Manhattan;Chelsea-Hudson Yards;1013739;4;212;15;W  15 ST;10011;212 W  15 ST;True;True;False;True;True;0.679471848;67.94718484
Manhattan;Gramercy;1018185;4;158;28;E  28 ST;10016;158 E  28 ST;True;False;True;False;True;0.621043124;62.10431237
Manhattan;Upper West Side-Lincoln Square;1026318;54;1;COLUMBUS;COLUMBUS CIR;10019;1 COLUMBUS CIR;True;False;False;False;True;0.96741801;96.74180104
Manhattan;Gramercy;1017998;4;266;3;3 AVE;10010;266 3 AVE;True;False;False;False;True;0.857126951;85.71269508
Manhattan;Midtown-Times Square;1014461;17;228;38;W  38 ST;10018;228 W  38 ST;True;False;False;True;True;0.951859532;95.18595321
Manhattan;Chelsea-Hudson Yards;1014803;5;;;;;;True;True;False;False;False;0.676240723;67.62407228
Manhattan;Midtown South-Flatiron-Union Square;1015537;5;168;5;5 AVE;10010;168 5 AVE;True;False;False;False;True;0.903952435;90.39524353
Manhattan;Chelsea-Hudson Yards;1014058;3;212;8;8 AVE;10011;212 8 AVE;True;False;False;True;True;0.591774479;59.17744785
Manhattan;Gramercy;1018062;6;124;24;E  24 ST;10010;124 E  24 ST;True;True;False;False;False;0.517956309;51.7956309
Manhattan;Midtown South-Flatiron-Union Square;1014231;4;239;26;W  26 ST;10001;239 W  26 ST;True;True;False;False;True;0.210174591;21.01745906
Manhattan;Chelsea-Hudson Yards;1012521;2;;;;;;True;False;False;False;True;0.647648595;64.7648595
Manhattan;Upper West Side (Central);1030873;5;350;END;W  END AVE;10024;350 W  END AVE;True;True;False;False;False;0.065237761;6.523776133
Manhattan;Upper West Side (Central);1031580;3;28;90;W  90 ST;10024;28 W  90 ST;True;True;False;False;False;0.136766079;13.67660792
Manhattan;Midtown South-Flatiron-Union Square;1015691;6;2;28;W  28 ST;10001;2 W  28 ST;True;False;False;False;True;0.893154354;89.31543542
Manhattan;Hell's Kitchen;1026945;4;;;;;;True;False;True;False;False;0.18173828;18.17382805
Manhattan;Midtown-Times Square;1017596;13;;;;;;True;False;False;False;True;0.883474933;88.3474933
Manhattan;Hell's Kitchen;1026770;3;424;54;W  54 ST;10019;424 W  54 ST;True;False;False;False;True;0.647994867;64.79948674
Manhattan;Gramercy;1020551;4;339;21;E  21 ST;10010;339 E  21 ST;True;True;False;False;False;0.232309799;23.23097986
Manhattan;Upper West Side (Central);1030866;10;2175;BROADWAY;BROADWAY;10024;2175 BROADWAY;True;False;False;False;True;0.519602891;51.96028908
Manhattan;Upper West Side (Central);1028781;4;38;76;W  76 ST;10023;38 W  76 ST;True;True;False;False;False;0.106578461;10.65784608
Manhattan;Midtown South-Flatiron-Union Square;1015551;6;54;22;W  22 ST;10010;54 W  22 ST;True;False;False;False;True;0.713024023;71.30240226
Manhattan;Chelsea-Hudson Yards;1012705;6;438;23;W  23 ST;10011;438 W  23 ST;True;True;True;False;False;0.12864065;12.86406502
Manhattan;Midtown South-Flatiron-Union Square;1014297;2;216;30;W  30 ST;10001;216 W  30 ST;True;False;False;False;True;0.807067024;80.70670239
Manhattan;Gramercy;1019775;6;;;;;;True;False;True;False;False;0.383272055;38.32720551
Manhattan;Upper West Side-Lincoln Square;1029928;7;133;72;W  72 ST;10023;133 W  72 ST;True;False;False;False;True;0.781117347;78.11173465
Manhattan;Chelsea-Hudson Yards;1012803;5;239;9;9 AVE;10001;239 9 AVE;True;True;False;False;False;0.65645758;65.64575799
Manhattan;Upper West Side-Lincoln Square;1028528;4;;;;;;True;True;True;False;False;0.132800799;13.28007985
Manhattan;Upper West Side-Lincoln Square;1029931;5;127;72;W  72 ST;10023;127 W  72 ST;True;False;False;False;True;0.611994401;61.19944009
Manhattan;Midtown South-Flatiron-Union Square;1015397;12;16;17;W  17 ST;10011;16 W  17 ST;True;False;False;False;True;0.859003195;85.90031946
Manhattan;Upper West Side-Lincoln Square;1029962;5;147;72;W  72 ST;10023;147 W  72 ST;True;False;False;False;True;0.539111538;53.91115384
Manhattan;Upper West Side-Lincoln Square;1028626;6;249;COLUMBUS;COLUMBUS AVE;10023;249 COLUMBUS AVE;True;False;False;False;True;0.730137764;73.01377638
Manhattan;Hell's Kitchen;1024976;2;352;44;W  44 ST;10036;352 W  44 ST;True;False;False;False;True;0.817505864;81.75058637
Manhattan;Gramercy;1020519;3;351;19;E  19 ST;10003;351 E  19 ST;True;True;True;False;False;0.08392925;8.392925013
Manhattan;Upper West Side (Central);1030897;2;2192;BROADWAY;BROADWAY;10024;2192 BROADWAY;True;False;False;False;True;0.752274894;75.22748939
Manhattan;Gramercy;1020534;4;336;20;E  20 ST;10003;336 E  20 ST;True;True;True;False;False;0.220776966;22.07769662
Manhattan;Chelsea-Hudson Yards;1012267;6;180;12;12 AVE;10011;180 12 AVE;True;False;False;False;False;0.83859917;83.85991697
Manhattan;Midtown South-Flatiron-Union Square;1016147;12;27;18;E  18 ST;10003;27 E  18 ST;True;False;False;False;True;0.821089669;82.10896691
Manhattan;Chelsea-Hudson Yards;1012406;1;;;;;;True;False;False;False;True;0.742268693;74.22686933
Manhattan;Hell's Kitchen;1027167;5;600;57;W  57 ST;10019;600 W  57 ST;True;False;False;False;True;0.879013181;87.90131812
Manhattan;Upper West Side (Central);1030720;10;245;74;W  74 ST;10023;245 W  74 ST;True;False;False;False;True;0.573004203;57.30042031
Manhattan;Upper West Side-Lincoln Square;1030992;19;312;73;W  73 ST;10023;312 W  73 ST;True;False;False;False;True;0.820636673;82.06366732
Manhattan;Chelsea-Hudson Yards;1015019;7;110;26;W  26 ST;10001;110 W  26 ST;True;False;False;False;True;0.633201621;63.32016205
Manhattan;Midtown South-Flatiron-Union Square;1015125;12;104;29;W  29 ST;10001;104 W  29 ST;True;False;False;False;True;0.848982889;84.89828886
Manhattan;Upper West Side (Central);1028706;4;29;74;W  74 ST;10023;29 W  74 ST;True;True;True;False;False;0.391205194;39.12051937
Manhattan;Chelsea-Hudson Yards;1014178;5;228;25;W  25 ST;10001;228 W  25 ST;True;True;True;False;False;0.240314171;24.03141713
Manhattan;Chelsea-Hudson Yards;1013034;4;346;15;W  15 ST;10011;346 W  15 ST;True;True;True;False;False;0.082826453;8.282645341
Manhattan;Midtown-Times Square;1024747;4;;;;;;True;False;False;False;True;0.677669417;67.76694167
Manhattan;Chelsea-Hudson Yards;1012318;4;548;22;W  22 ST;10011;548 W  22 ST;True;False;False;False;True;0.752047226;75.20472258
Manhattan;Chelsea-Hudson Yards;1012827;14;436;27;W  27 DR;10001;436 W  27 DR;True;False;True;False;False;0.796489771;79.64897707
Manhattan;Midtown-Times Square;1016045;12;1;39;W  39 ST;10018;1 W  39 ST;True;False;True;False;True;0.784586238;78.45862382
Manhattan;Chelsea-Hudson Yards;1013118;3;326;19;W  19 ST;10011;326 W  19 ST;True;True;True;False;False;0.140933194;14.0933194
Manhattan;Midtown-Times Square;1022558;21;151;40;W  40 ST;10018;151 W  40 ST;True;False;False;False;True;0.74162541;74.16254103
Manhattan;Upper West Side-Lincoln Square;1028542;5;63;70;W  70 ST;10023;63 W  70 ST;True;False;True;False;True;0.155582603;15.55826026
Manhattan;Upper West Side (Central);1030227;4;131;77;W  77 ST;10024;131 W  77 ST;True;True;True;False;False;0.0816937;8.169369979
Manhattan;Hell's Kitchen;1026487;5;433;46;W  46 ST;10036;433 W  46 ST;True;True;True;False;False;0.16502578;16.50257802
Manhattan;Chelsea-Hudson Yards;1014129;18;208;23;W  23 ST;10011;208 W  23 ST;True;False;False;False;True;0.81013146;81.01314596
Manhattan;Midtown South-Flatiron-Union Square;1015630;5;;;;;;True;False;False;False;True;0.844841992;84.48419917
Manhattan;Upper West Side-Lincoln Square;1030994;19;11;RIVERSIDE;RIVERSIDE DR;10023;11 RIVERSIDE DR;True;True;False;False;False;0.637257972;63.72579722
Manhattan;Chelsea-Hudson Yards;1012317;5;542;22;W  22 ST;10011;542 W  22 ST;True;False;False;False;True;0.862143247;86.21432471
Manhattan;Upper West Side (Central);1028776;5;26;76;W  76 ST;10023;26 W  76 ST;True;False;True;False;True;0.133712739;13.37127393
Manhattan;Upper West Side-Lincoln Square;1030556;4;236;74;W  74 ST;10023;236 W  74 ST;True;True;False;False;False;0.168536073;16.85360728
Manhattan;Hell's Kitchen;1025093;5;323;47;W  47 ST;10036;323 W  47 ST;True;True;False;False;False;0.220527235;22.05272347
Manhattan;Upper West Side-Lincoln Square;1030989;4;306;73;W  73 ST;10023;306 W  73 ST;True;False;True;True;True;0.107915333;10.7915333
Manhattan;Upper West Side-Lincoln Square;1028484;5;69;68;W  68 ST;10023;69 W  68 ST;True;True;True;False;False;0.53349416;53.34941601
Manhattan;Midtown South-Flatiron-Union Square;1015088;4;120;28;W  28 ST;10001;120 W  28 ST;True;False;True;False;False;0.706011845;70.60118449
Manhattan;Midtown South-Flatiron-Union Square;1016934;16;432;PARK;PARK AVE S;10016;432 PARK AVE S;True;False;True;True;False;0.843629511;84.36295115
Manhattan;Upper West Side (Central);1031621;4;50;91;W  91 ST;10024;50 W  91 ST;True;True;True;True;False;0.133051722;13.30517221
Manhattan;Midtown South-Flatiron-Union Square;1014244;7;231;26;W  26 ST;10001;231 W  26 ST;True;False;False;False;True;0.38363421;38.36342099
Manhattan;Chelsea-Hudson Yards;1014942;3;169;23;W  23 ST;10011;169 W  23 ST;False;False;False;False;False;0.733434091;73.34340912
Manhattan;Hell's Kitchen;1025085;5;690;9;9 AVE;10036;690 9 AVE;True;False;False;False;True;0.657440186;65.74401856
Manhattan;Midtown South-Flatiron-Union Square;1016136;4;866;BROADWAY;BROADWAY;10003;866 BROADWAY;True;False;False;False;True;0.331299515;33.12995152
Manhattan;Upper West Side (Central);1028821;14.5;44;77;W  77 ST;10024;44 W  77 ST;True;False;False;False;True;0.55008866;55.00886596
Manhattan;Upper West Side-Lincoln Square;1028690;4;51;73;W  73 ST;10023;51 W  73 ST;True;True;False;False;False;0.099915974;9.99159743
Manhattan;Midtown South-Flatiron-Union Square;1015642;5;19;26;W  26 ST;10010;19 W  26 ST;True;False;False;False;True;0.776495669;77.64956694
Manhattan;Upper West Side-Lincoln Square;1028623;13;42;72;W  72 ST;10023;42 W  72 ST;True;False;False;False;True;0.724217477;72.42174774
Manhattan;Chelsea-Hudson Yards;1013327;3;342;22;W  22 ST;10011;342 W  22 ST;True;True;True;False;False;0.126947835;12.69478353
Manhattan;Chelsea-Hudson Yards;1012709;5;;;;;;True;True;True;False;False;0.104130282;10.41302816
Manhattan;Hell's Kitchen;1025414;5;309;54;W  54 ST;10019;309 W  54 ST;True;True;False;False;False;0.212063917;21.20639172
Manhattan;Chelsea-Hudson Yards;1013248;3;353;20;W  20 ST;10011;353 W  20 ST;True;True;False;False;False;0.092960451;9.296045074
Manhattan;Chelsea-Hudson Yards;1012594;4;434;20;W  20 ST;10011;434 W  20 ST;True;True;True;False;False;0.116349315;11.63493154
Manhattan;Upper West Side-Lincoln Square;1030381;4;;;;;;True;True;False;False;False;0.124932911;12.4932911
Manhattan;Hell's Kitchen;1026386;3;;;;;;True;True;True;False;False;0.074339764;7.433976447
Manhattan;Gramercy;1019620;13;250;21;E  21 ST;10010;250 E  21 ST;True;False;False;False;True;0.909280758;90.92807583
Manhattan;Upper West Side (Central);1031331;4;60;85;W  85 ST;10024;60 W  85 ST;True;True;False;False;False;0.150103187;15.01031871
Manhattan;Upper West Side (Central);1031432;5;64;87;W  87 ST;10024;64 W  87 ST;True;True;True;False;False;0.118272118;11.82721176
Manhattan;Midtown-Times Square;1014463;4;;;;;;True;False;True;False;True;0.827621041;82.76210405
Manhattan;Midtown South-Flatiron-Union Square;1015722;12;37;28;W  28 ST;10001;37 W  28 ST;True;False;False;False;True;0.85623002;85.62300195
Manhattan;Upper West Side (Central);1031338;7.5;76;85;W  85 ST;10024;76 W  85 ST;True;False;True;False;False;0.743100837;74.31008367
Manhattan;Hell's Kitchen;1025407;2;349;54;W  54 ST;10019;349 W  54 ST;True;False;False;False;True;0.606285797;60.6285797
Manhattan;Upper West Side-Lincoln Square;1029749;21;155;70;W  70 ST;10023;155 W  70 ST;True;False;False;False;True;0.90548092;90.548092
Manhattan;Midtown South-Flatiron-Union Square;1017087;5;;;;;;True;True;False;False;False;0.656581254;65.65812543
Manhattan;Midtown South-Flatiron-Union Square;1015096;21;162;28;W  28 ST;10001;162 W  28 ST;True;False;False;False;True;0.884645298;88.4645298
Manhattan;Chelsea-Hudson Yards;1014118;3;217;22;W  22 ST;10011;217 W  22 ST;True;True;True;False;False;0.187750919;18.7750919
Manhattan;Hell's Kitchen;1026726;7;400;52;W  52 ST;10019;400 W  52 ST;True;False;True;False;False;0.303421306;30.34213063
Manhattan;Midtown South-Flatiron-Union Square;1015482;5;;;;;;True;False;False;False;True;0.786793344;78.67933442
Manhattan;Midtown South-Flatiron-Union Square;1014334;3;265;30;W  30 ST;10001;265 W  30 ST;True;False;False;False;True;0.726845011;72.68450114
Manhattan;Midtown South-Flatiron-Union Square;1015090;35;132;28;W  28 ST;10001;132 W  28 ST;True;False;False;False;True;0.977950395;97.79503945
Manhattan;Upper West Side-Lincoln Square;1028498;5;39;69;W  69 ST;10023;39 W  69 ST;True;True;False;False;False;0.116930994;11.6930994
Manhattan;Upper West Side-Lincoln Square;1028495;4.5;45;69;W  69 ST;10023;45 W  69 ST;True;True;True;False;False;0.159990543;15.99905434
Manhattan;Upper West Side-Lincoln Square;1028630;15.5;40;72;W  72 ST;10023;40 W  72 ST;True;False;False;False;True;0.813226601;81.32266014
Manhattan;Gramercy;1018154;5;126;27;E  27 ST;10016;126 E  27 ST;True;False;True;False;False;0.305694394;30.5694394
Manhattan;Upper West Side (Central);1030147;3;122;76;W  76 ST;10023;122 W  76 ST;True;True;False;False;False;0.243921174;24.39211736
Manhattan;Gramercy;1018123;12;103;26;E  26 ST;10010;103 E  26 ST;False;False;False;False;False;0.83578007;83.57800699
Manhattan;Hell's Kitchen;1026742;5;415;52;W  52 ST;10019;415 W  52 ST;True;False;True;False;True;0.218975362;21.89753617
Manhattan;Hell's Kitchen;1026795;6;821;9;9 AVE;10019;821 9 AVE;True;False;False;False;True;0.649722142;64.97221424
Manhattan;Upper West Side (Central);1028815;5;15;76;W  76 ST;10023;15 W  76 ST;True;True;True;False;False;0.121481044;12.14810439
Manhattan;Chelsea-Hudson Yards;1013778;5;214;16;W  16 ST;10011;214 W  16 ST;True;True;True;False;False;0.160101249;16.01012491
Manhattan;Hell's Kitchen;1013644;23;305;38;W  38 ST;10018;305 W  38 ST;True;False;False;False;True;0.728083358;72.80833581
Manhattan;Upper West Side (Central);1031201;4;68;83;W  83 ST;10024;68 W  83 ST;True;True;True;False;False;0.113019742;11.30197419
Manhattan;Hell's Kitchen;1025203;3;335;51;W  51 ST;10019;335 W  51 ST;True;True;True;False;False;0.12852528;12.852528
Manhattan;Midtown South-Flatiron-Union Square;1014296;12;214;30;W  30 ST;10001;214 W  30 ST;True;False;False;False;True;0.670431893;67.0431893
Manhattan;Midtown-Times Square;1022679;5;138;48;W  48 ST;10105;138 W  48 ST;True;False;True;True;False;0.734781431;73.47814307
Manhattan;Gramercy;1017890;5;140;19;E  19 ST;10003;140 E  19 ST;True;False;True;False;True;0.13412408;13.41240796
Manhattan;Midtown South-Flatiron-Union Square;1016256;5;32;22;E  22 ST;10010;32 E  22 ST;True;True;False;False;False;0.722570894;72.25708936
Manhattan;Chelsea-Hudson Yards;1013132;6;305;18;W  18 ST;10011;305 W  18 ST;True;True;True;False;False;0.600995258;60.09952576
Manhattan;Chelsea-Hudson Yards;1014163;6;236;24;W  24 ST;10011;236 W  24 ST;True;False;True;False;False;0.381855848;38.18558479
Manhattan;Gramercy;1019550;7;179;3;3 AVE;10003;179 3 AVE;True;False;False;False;True;0.719109012;71.91090116
Manhattan;Upper West Side (Central);1031104;5;310;78;W  78 ST;10024;310 W  78 ST;True;True;True;True;False;0.120476409;12.04764092
Manhattan;Hell's Kitchen;1026722;4;765;9;9 AVE;10019;765 9 AVE;True;False;False;False;True;0.696439663;69.64396629
Manhattan;Chelsea-Hudson Yards;1014728;10;;;;;;True;False;False;False;True;0.813680278;81.3680278
Manhattan;Chelsea-Hudson Yards;1012885;10;449;36;W  36 ST;10018;449 W  36 ST;True;False;True;True;False;0.702287176;70.22871765
Manhattan;Upper West Side (Central);1031563;4;;;;;;True;True;True;False;False;0.118916769;11.89167693
Manhattan;Gramercy;1019633;19;201;21;E  21 ST;10010;201 E  21 ST;True;False;False;False;True;0.811145813;81.11458127
Manhattan;Upper West Side (Central);1031372;4;8;86;W  86 ST;10024;8 W  86 ST;True;False;True;False;False;0.693182454;69.31824545
Manhattan;Chelsea-Hudson Yards;1012634;4;;;;;;True;True;True;True;False;0.09005243;9.005242992
Manhattan;Chelsea-Hudson Yards;1014952;10;114;24;W  24 ST;10011;114 W  24 ST;True;False;False;False;True;0.803045704;80.30457036
Manhattan;Upper West Side-Lincoln Square;1030948;3;318;71;W  71 ST;10023;318 W  71 ST;True;True;False;False;False;0.062369602;6.236960224
Manhattan;Upper West Side (Central);1031749;4;26;96;W  96 ST;10025;26 W  96 ST;True;True;True;False;False;0.149945167;14.99451666
Manhattan;Midtown-Times Square;1023757;20;120;CENTRAL;CENTRAL PARK S;10019;120 CENTRAL PARK S;True;False;False;False;True;0.83094831;83.09483096
Manhattan;Midtown South-Flatiron-Union Square;1016300;5;;;;;;True;False;False;False;True;0.55862117;55.86211702
Manhattan;Hell's Kitchen;1027153;1;601;52;W  52 ST;10019;601 W  52 ST;False;False;False;False;False;0.318538647;31.85386468
Manhattan;Hell's Kitchen;1025128;5;369;48;W  48 ST;10036;369 W  48 ST;True;True;True;False;False;0.212395908;21.23959076
Manhattan;Hell's Kitchen;1027182;;557;12;12 AVE;10036;557 12 AVE;True;False;False;True;True;0.941682438;94.16824384
Manhattan;Hell's Kitchen;1026669;4;740;10;10 AVE;10019;740 10 AVE;True;False;False;False;True;0.610591952;61.05919522
Manhattan;Hell's Kitchen;1026440;4.5;445;45;W  45 ST;10036;445 W  45 ST;True;False;True;False;True;0.547228381;54.72283811
Manhattan;Chelsea-Hudson Yards;1014940;4;171;23;W  23 ST;10011;171 W  23 ST;True;False;False;False;True;0.700002876;70.00028759
Manhattan;Gramercy;1018059;4;134;24;E  24 ST;10010;134 E  24 ST;True;True;True;False;False;0.595866946;59.58669458
Manhattan;Hell's Kitchen;1026925;3;515;43;W  43 ST;10036;515 W  43 ST;True;False;False;False;True;0.735800626;73.58006262
Manhattan;Midtown-Times Square;1014442;7;225;36;W  36 ST;10018;225 W  36 ST;True;False;False;False;True;0.817737101;81.77371008
Manhattan;Hell's Kitchen;1026486;5;435;46;W  46 ST;10036;435 W  46 ST;True;True;True;False;False;0.207716351;20.77163511
Manhattan;Upper West Side (Central);1031641;6;57;93;W  93 ST;10025;57 W  93 ST;True;True;True;True;False;0.565080037;56.5080037
Manhattan;Upper West Side (Central);1030178;4;100;77;W  77 ST;10024;100 W  77 ST;True;False;True;False;False;0.502801422;50.28014221
Manhattan;Chelsea-Hudson Yards;1014031;6;217;20;W  20 ST;10011;217 W  20 ST;True;False;False;False;True;0.244959315;24.4959315
Manhattan;Chelsea-Hudson Yards;1012417;2;554;28;W  28 ST;10001;554 W  28 ST;False;False;False;False;False;0.745163599;74.51635992
Manhattan;Upper West Side (Central);1031312;5;248;CENTRAL;CENTRAL PARK W;10024;248 CENTRAL PARK W;True;False;True;False;False;0.073865366;7.386536629
Manhattan;Upper West Side (Central);1031544;3;71;89;W  89 ST;10024;71 W  89 ST;True;True;True;False;False;0.144101711;14.41017109
Manhattan;Upper West Side (Central);1031028;16;300;76;W  76 ST;10023;300 W  76 ST;True;False;False;False;True;0.758034621;75.80346215
Manhattan;Midtown-Times Square;1017134;15;2;36;E  36 ST;10016;2 E  36 ST;True;False;False;False;True;0.893587102;89.35871019
Manhattan;Upper West Side-Lincoln Square;1029919;5;161;72;W  72 ST;10023;161 W  72 ST;True;False;False;True;True;0.641116694;64.11166942
Manhattan;Hell's Kitchen;1025435;5;933;8;8 AVE;10019;933 8 AVE;True;False;False;False;True;0.743831755;74.38317548
Manhattan;Midtown South-Flatiron-Union Square;1015683;5;1165;BROADWAY;BROADWAY;10001;1165 BROADWAY;True;False;False;False;True;0.831729328;83.17293276
Manhattan;Chelsea-Hudson Yards;1012500;1;557;37;W  37 ST;10018;557 W  37 ST;True;False;False;False;True;0.707605847;70.7605847
Manhattan;Hell's Kitchen;1026855;4;457;56;W  56 ST;10019;457 W  56 ST;True;True;True;True;False;0.726436136;72.64361362
Manhattan;Upper West Side-Lincoln Square;1028641;4;36;73;W  73 ST;10023;36 W  73 ST;True;True;True;True;False;0.161937718;16.19377184
Manhattan;Midtown South-Flatiron-Union Square;1015138;3;167;29;W  29 ST;10001;167 W  29 ST;True;False;False;False;True;0.766830992;76.68309919
Manhattan;Chelsea-Hudson Yards;1013356;4;323;22;W  22 ST;10011;323 W  22 ST;True;True;True;False;False;0.069566107;6.956610653
Manhattan;Hell's Kitchen;1026333;6;416;42;W  42 ST;10036;416 W  42 ST;True;False;False;False;True;0.732358106;73.23581064
Manhattan;Upper West Side (Central);1031640;3;65;92;W  92 ST;10025;65 W  92 ST;True;True;True;False;False;0.075992302;7.599230216
Manhattan;Upper West Side (Central);1031395;5;29;85;W  85 ST;10024;29 W  85 ST;True;True;True;True;False;0.151188671;15.11886708
Manhattan;Upper West Side (Central);1031400;4;47;86;W  86 ST;10024;47 W  86 ST;True;False;False;False;False;0.312879217;31.2879217
Manhattan;Gramercy;1019592;4;;;;;;True;True;True;False;False;0.225209081;22.52090806
Manhattan;Upper West Side-Lincoln Square;1028461;4;;;;;;True;True;False;False;False;0.087554601;8.755460121
Manhattan;Upper West Side-Lincoln Square;1029645;4;111;69;W  69 ST;10023;111 W  69 ST;True;True;True;False;False;0.154520954;15.45209536
Manhattan;Midtown South-Flatiron-Union Square;1015173;3;142;31;W  31 ST;10001;142 W  31 ST;True;False;False;False;True;0.856545089;85.65450885
Manhattan;Gramercy;1020399;5;327;14;E  14 ST;10003;327 E  14 ST;True;True;False;False;False;0.241320917;24.13209173
Manhattan;Upper West Side (Central);1031008;14;305;END;W  END AVE;10023;305 W  END AVE;True;False;False;True;True;0.470632325;47.06323249
Manhattan;Gramercy;1019654;4;393;2;2 AVE;10010;393 2 AVE;True;False;False;False;True;0.717676434;71.7676434
Manhattan;Upper West Side (Central);1030230;4;106;78;W  78 ST;10024;106 W  78 ST;True;True;True;False;False;0.10762092;10.76209197
Manhattan;Midtown-Times Square;1022660;4;1552;BROADWAY;BROADWAY;10036;1552 BROADWAY;True;False;False;False;True;0.794592497;79.45924968
Manhattan;Chelsea-Hudson Yards;1013466;4;336;9;9 AVE;10001;336 9 AVE;True;True;False;False;False;0.703465814;70.34658141
Manhattan;Midtown South-Flatiron-Union Square;1016128;6;27;17;E  17 ST;10003;27 E  17 ST;True;False;False;False;True;0.803544043;80.35440428
Manhattan;Gramercy;1020432;4;323;17;E  17 ST;10003;323 E  17 ST;True;True;False;False;False;0.141866378;14.18663776
Manhattan;Midtown South-Flatiron-Union Square;1016200;3;11;20;E  20 ST;10003;11 E  20 ST;True;True;True;False;False;0.653959677;65.39596771
Manhattan;Midtown South-Flatiron-Union Square;1015450;8;3;18;W  18 ST;10011;3 W  18 ST;True;True;False;False;True;0.824820312;82.48203124
Manhattan;Chelsea-Hudson Yards;1013033;3;344;15;W  15 ST;10011;344 W  15 ST;True;True;True;False;False;0.191594541;19.15945414
Manhattan;Upper West Side (Central);1030185;9;160;77;W  77 ST;10024;160 W  77 ST;True;False;False;False;True;0.654128346;65.41283459
Manhattan;Upper West Side-Lincoln Square;1030438;3;243;71;W  71 ST;10023;243 W  71 ST;True;True;True;False;False;0.091530095;9.153009472
Manhattan;Gramercy;1020493;5;352;19;E  19 ST;10003;352 E  19 ST;True;False;True;False;True;0.244229934;24.42299336
Manhattan;Midtown South-Flatiron-Union Square;1015119;5;821;OF THE AMERICAS;AVE OF THE AMERICAS;10001;821 AVE OF THE AMERICAS;True;False;False;False;True;0.774832438;77.48324375
Manhattan;Upper West Side (Central);1030149;4;142;76;W  76 ST;10023;142 W  76 ST;True;True;True;False;False;0.099625447;9.962544734
Manhattan;Upper West Side-Lincoln Square;1030405;4;;;;;;True;False;True;True;False;0.094955087;9.49550871
Manhattan;Midtown-Times Square;1014423;16;253;35;W  35 ST;10001;253 W  35 ST;True;False;False;False;True;0.868590307;86.85903066
Manhattan;Midtown South-Flatiron-Union Square;1015580;6;10;24;W  24 ST;10010;10 W  24 ST;True;False;False;False;True;0.456841223;45.68412229
Manhattan;Chelsea-Hudson Yards;1014151;4;203;23;W  23 ST;10011;203 W  23 ST;True;False;False;False;True;0.719866948;71.9866948
Manhattan;Upper West Side-Lincoln Square;1028595;5;;;;;;True;True;True;False;False;0.092321605;9.232160461
Manhattan;Hell's Kitchen;1026709;5;464;51;W  51 ST;10019;464 W  51 ST;True;True;True;False;False;0.154734649;15.47346485
Manhattan;Chelsea-Hudson Yards;1013517;3;349;30;W  30 ST;10001;349 W  30 ST;True;True;True;False;False;0.068939081;6.893908145
Manhattan;Chelsea-Hudson Yards;1012707;6;;;;;;True;True;True;False;False;0.113134729;11.31347285
Manhattan;Chelsea-Hudson Yards;1012371;5;502;25;W  25 ST;10001;502 W  25 ST;True;False;False;False;True;0.823597648;82.35976476
Manhattan;Midtown South-Flatiron-Union Square;1017088;19;50;34;E  34 ST;10016;50 E  34 ST;True;False;False;False;True;0.841470911;84.1470911
Manhattan;Hell's Kitchen;1025062;5;324;47;W  47 ST;10036;324 W  47 ST;True;True;True;False;False;0.664395768;66.43957679
Manhattan;Hell's Kitchen;1026936;4;504;44;W  44 ST;10036;504 W  44 ST;True;True;True;False;False;0.205535265;20.5535265
Manhattan;Gramercy;1020504;3;320;19;E  19 ST;10003;320 E  19 ST;True;True;True;False;False;0.178475878;17.84758783
Manhattan;Midtown-Times Square;1024856;6;200;55;W  55 ST;10019;200 W  55 ST;True;False;False;False;True;0.630644435;63.06444353
Manhattan;Hell's Kitchen;1027072;20;555;57;W  57 ST;10019;555 W  57 ST;True;True;False;True;True;0.842596937;84.25969371
Manhattan;Upper West Side (Central);1030915;4;218;79;W  79 ST;10024;218 W  79 ST;True;True;False;False;False;0.529227903;52.92279031
Manhattan;Midtown-Times Square;1017592;27;23;39;E  39 ST;10016;23 E  39 ST;True;False;True;False;False;0.870330134;87.03301338
Manhattan;Gramercy;1019566;4;245;17;E  17 ST;10003;245 E  17 ST;True;True;True;False;False;0.309856415;30.98564149
Manhattan;Upper West Side-Lincoln Square;1029642;4;119;69;W  69 ST;10023;119 W  69 ST;True;True;True;False;False;0.156814935;15.68149355
Manhattan;Midtown-Times Square;1015239;22;135;36;W  36 ST;10018;135 W  36 ST;True;False;False;False;True;0.828247258;82.82472579
Manhattan;Chelsea-Hudson Yards;1013230;3;328;20;W  20 ST;10011;328 W  20 ST;True;True;True;False;False;0.151549041;15.15490408
Manhattan;Midtown-Times Square;1024825;20;263;52;W  52 ST;10019;263 W  52 ST;True;False;False;False;True;0.873206636;87.32066356
Manhattan;Upper West Side (Central);1031143;4;16;82;W  82 ST;10024;16 W  82 ST;True;True;True;False;False;0.149357052;14.93570524
Manhattan;Chelsea-Hudson Yards;1012717;5;462;23;W  23 ST;10011;462 W  23 ST;True;True;True;False;False;0.090791497;9.079149678
Manhattan;Chelsea-Hudson Yards;1014812;7;158;23;W  23 ST;10011;158 W  23 ST;True;False;False;False;True;0.777318531;77.73185314
Manhattan;Upper West Side-Lincoln Square;1028531;4;63;69;W  69 ST;10023;63 W  69 ST;True;True;False;False;False;0.151859105;15.18591053
Manhattan;Gramercy;1020491;4;;;;;;True;False;True;False;True;0.684011377;68.40113765
Manhattan;Midtown South-Flatiron-Union Square;1016210;8;43;20;E  20 ST;10003;43 E  20 ST;True;False;False;False;True;0.716270357;71.62703566
Manhattan;Gramercy;1018066;4;327;PARK;PARK AVE S;10010;327 PARK AVE S;True;False;False;False;True;0.761028038;76.10280379
Manhattan;Upper West Side (Central);1030722;3;233;74;W  74 ST;10023;233 W  74 ST;True;False;True;False;True;0.14622944;14.62294399
Manhattan;Upper West Side (Central);1028740;4;24;75;W  75 ST;10023;24 W  75 ST;True;True;False;False;False;0.159188635;15.9188635
Manhattan;Hell's Kitchen;1025237;4;;;;;;True;False;False;False;True;0.625525861;62.55258614
Manhattan;Upper West Side (Central);1028723;4;;;;;;True;True;True;True;False;0.12619099;12.61909896
Manhattan;Chelsea-Hudson Yards;1014074;4;207;21;W  21 ST;10011;207 W  21 ST;True;True;True;False;False;0.15549802;15.54980199
Manhattan;Midtown South-Flatiron-Union Square;1016975;5;128;MADISON;MADISON AVE;10016;128 MADISON AVE;True;False;False;False;True;0.647548864;64.75488642
Manhattan;Chelsea-Hudson Yards;1012315;1;522;22;W  22 ST;10011;522 W  22 ST;True;False;False;False;True;0.827823614;82.78236135
Manhattan;Upper West Side (Central);1030741;16;201;74;W  74 ST;10023;201 W  74 ST;True;False;False;False;True;0.831075274;83.10752736
Manhattan;Upper West Side-Lincoln Square;1030969;16;322;72;W  72 ST;10023;322 W  72 ST;True;False;False;False;True;0.686503276;68.65032765
Manhattan;Chelsea-Hudson Yards;1013323;3;332;22;W  22 ST;10011;332 W  22 ST;True;True;True;True;True;0.080357659;8.035765908
Manhattan;Chelsea-Hudson Yards;1013202;3;353;19;W  19 ST;10011;353 W  19 ST;True;True;True;False;False;0.184723357;18.47233567
Manhattan;Hell's Kitchen;1026449;5;421;45;W  45 ST;10036;421 W  45 ST;True;True;False;False;False;0.209879149;20.98791493
Manhattan;Chelsea-Hudson Yards;1013468;4;;;;;;True;True;False;False;False;0.665765784;66.57657842
Manhattan;Hell's Kitchen;1025168;4;317;48;W  48 ST;10036;317 W  48 ST;True;True;False;False;False;0.380442842;38.04428425
Manhattan;Upper West Side-Lincoln Square;1030523;4;246;73;W  73 ST;10023;246 W  73 ST;True;True;True;False;False;0.111519367;11.15193673
Manhattan;Chelsea-Hudson Yards;1012527;7;500;39;W  39 ST;10018;500 W  39 ST;True;False;False;False;True;0.712231835;71.22318351
Manhattan;Upper West Side (Central);1030242;4;145;78;W  78 ST;10024;145 W  78 ST;True;True;True;False;False;0.155009959;15.50099589
Manhattan;Upper West Side-Lincoln Square;1028652;4;61;73;W  73 ST;10023;61 W  73 ST;True;True;True;False;False;0.142673145;14.26731454
Manhattan;Midtown-Times Square;1024813;15;252;51;W  51 ST;10019;252 W  51 ST;True;True;False;False;False;0.621337068;62.13370678
Manhattan;Chelsea-Hudson Yards;1013783;5;;;;;;True;True;True;False;False;0.135115002;13.51150023
Manhattan;Midtown South-Flatiron-Union Square;1016247;10;27;21;E  21 ST;10010;27 E  21 ST;True;False;False;False;True;0.819234655;81.92346553
Manhattan;Upper West Side (Central);1030733;4;244;75;W  75 ST;10023;244 W  75 ST;True;False;True;False;True;0.108300851;10.83008513
Manhattan;Chelsea-Hudson Yards;1013857;5;246;18;W  18 ST;10011;246 W  18 ST;True;False;True;False;False;0.665904992;66.59049923
Manhattan;Upper West Side (Central);1028795;7;341;COLUMBUS;COLUMBUS AVE;10024;341 COLUMBUS AVE;True;False;False;False;True;0.72928731;72.92873103
Manhattan;Midtown South-Flatiron-Union Square;1015298;12;36;15;W  15 ST;10011;36 W  15 ST;True;False;False;False;True;0.83694144;83.69414402
Manhattan;Hell's Kitchen;1025191;4;365;51;W  51 ST;10019;365 W  51 ST;True;True;True;False;False;0.591018356;59.10183562
Manhattan;Gramercy;1020500;6;;;;;;True;True;True;False;False;0.169393723;16.93937235
Manhattan;Chelsea-Hudson Yards;1012879;5;454;36;W  36 ST;10018;454 W  36 ST;True;False;False;False;True;0.212693704;21.26937039
Manhattan;Chelsea-Hudson Yards;1013991;6;222;20;W  20 ST;10011;222 W  20 ST;True;True;True;False;False;0.222136666;22.21366656
Manhattan;Upper West Side (Central);1031653;4;36;94;W  94 ST;10025;36 W  94 ST;True;True;True;False;False;0.197343007;19.73430073
Manhattan;Chelsea-Hudson Yards;1012582;3;404;20;W  20 ST;10011;404 W  20 ST;True;True;True;False;False;0.126779146;12.67791463
Manhattan;Gramercy;1018089;5;333;PARK;PARK AVE S;10010;333 PARK AVE S;True;False;True;False;False;0.867778125;86.7778125
Manhattan;Upper West Side-Lincoln Square;1030937;3;322;71;W  71 ST;10023;322 W  71 ST;True;True;True;False;False;0.161179833;16.11798335
Manhattan;Upper West Side (Central);1031702;4;12;95;W  95 ST;10025;12 W  95 ST;True;True;True;False;False;0.056111047;5.611104695
Manhattan;Hell's Kitchen;1027103;1;600;46;W  46 ST;10036;600 W  46 ST;True;False;False;False;True;0.77811754;77.81175395
Manhattan;Upper West Side (Central);1031243;5;64;84;W  84 ST;10024;64 W  84 ST;True;True;True;False;False;0.12147342;12.14734201
Manhattan;Upper West Side (Central);1031699;3;;;;;;True;True;True;True;False;0.040604893;4.060489347
Manhattan;Midtown South-Flatiron-Union Square;1015647;5;1147;BROADWAY;BROADWAY;10001;1147 BROADWAY;True;False;False;False;True;0.772921854;77.29218538
Manhattan;Midtown-Times Square;1022641;12;109;45;W  45 ST;10036;109 W  45 ST;True;False;False;False;True;0.618093921;61.80939215
Manhattan;Chelsea-Hudson Yards;1012650;3;;;;;;True;True;True;False;False;0.114835915;11.48359151
Manhattan;Midtown-Times Square;1014419;23;264;35;W  35 ST;10001;264 W  35 ST;True;False;False;False;True;0.791536761;79.15367609
Manhattan;Gramercy;1020502;6;324;19;E  19 ST;10003;324 E  19 ST;True;True;True;False;False;0.193338676;19.33386763
Manhattan;Chelsea-Hudson Yards;1012389;7;260;11;11 AVE;10001;260 11 AVE;True;False;False;False;True;0.755162321;75.51623208
Manhattan;Chelsea-Hudson Yards;1013478;4;333;29;W  29 ST;10001;333 W  29 ST;True;False;True;True;False;0.130222775;13.02227747
Manhattan;Hell's Kitchen;1026587;5;443;48;W  48 ST;10036;443 W  48 ST;True;True;False;False;False;0.205657545;20.56575449
Manhattan;Hell's Kitchen;1026638;5;460;49;W  49 ST;10019;460 W  49 ST;True;True;True;False;False;0.178058515;17.80585152
Manhattan;Upper West Side (Central);1031307;5;11;84;W  84 ST;10024;11 W  84 ST;True;True;False;False;False;0.411179905;41.11799053
Manhattan;Upper West Side (Central);1030865;16;2170;BROADWAY;BROADWAY;10024;2170 BROADWAY;True;False;False;False;True;0.759432811;75.94328106
Manhattan;Gramercy;1019667;4;;;;;;True;False;False;False;True;0.625139652;62.51396519
Manhattan;Hell's Kitchen;1024926;33;330;42;W  42 ST;10036;330 W  42 ST;True;False;False;False;True;0.779442698;77.94426977
Manhattan;Upper West Side (Central);1031128;8;302;79;W  79 ST;10024;302 W  79 ST;True;False;True;False;False;0.616275482;61.62754816
Manhattan;Hell's Kitchen;1026889;6;400;58;W  58 ST;10019;400 W  58 ST;True;False;False;False;True;0.575344593;57.53445933
Manhattan;Hell's Kitchen;1025222;5;774;9;9 AVE;10019;774 9 AVE;True;False;False;False;True;0.637247183;63.72471834
Manhattan;Upper West Side (Central);1031067;4;353;END;W  END AVE;10024;353 W  END AVE;True;True;False;False;False;0.111500858;11.15008576
Manhattan;Gramercy;1020533;4;338;20;E  20 ST;10003;338 E  20 ST;True;True;True;False;False;0.219993243;21.99932428
Manhattan;Midtown South-Flatiron-Union Square;1014290;21;207;29;W  29 ST;10001;207 W  29 ST;True;False;True;False;False;0.7259847;72.59846995
Manhattan;Midtown-Times Square;1023454;5;125;56;W  56 ST;10019;125 W  56 ST;True;True;True;False;False;0.49361872;49.36187205
Manhattan;Midtown-Times Square;1014513;3;612;8;8 AVE;10018;612 8 AVE;True;False;False;False;True;0.803783834;80.37838335
Manhattan;Chelsea-Hudson Yards;1013076;6;143;8;8 AVE;10011;143 8 AVE;True;True;False;False;False;0.238802882;23.88028823
Manhattan;Midtown South-Flatiron-Union Square;1015562;6;176;5;5 AVE;10010;176 5 AVE;True;False;False;False;True;0.870395301;87.0395301
Manhattan;Gramercy;1019625;5;222;21;E  21 ST;10010;222 E  21 ST;True;True;False;False;False;0.269348364;26.93483642
Manhattan;Upper West Side (Central);1031667;3;47;94;W  94 ST;10025;47 W  94 ST;True;True;True;False;False;0.08728169;8.728168986
Manhattan;Chelsea-Hudson Yards;1013892;3;172;8;8 AVE;10011;172 8 AVE;True;False;False;False;True;0.675752571;67.57525709
Manhattan;Upper West Side (Central);1031590;4;;;;;;True;True;True;False;False;0.117925938;11.79259378
Manhattan;Midtown South-Flatiron-Union Square;1015820;7;312;5;5 AVE;10001;312 5 AVE;True;False;False;False;False;0.819286071;81.92860714
Manhattan;Midtown South-Flatiron-Union Square;1015499;13.5;1;20;W  20 ST;10011;1 W  20 ST;True;True;False;False;False;0.8051663;80.51663004
Manhattan;Upper West Side (Central);1031247;4;67;83;W  83 ST;10024;67 W  83 ST;True;True;True;False;False;0.134586969;13.45869692
Manhattan;Midtown South-Flatiron-Union Square;1015465;12;;;;;;True;False;True;False;True;0.799762775;79.97627748
Manhattan;Upper West Side (Central);1031618;4;55;90;W  90 ST;10024;55 W  90 ST;True;True;True;False;False;0.090169853;9.016985275
Manhattan;Chelsea-Hudson Yards;1013589;7;355;36;W  36 ST;10018;355 W  36 ST;True;False;False;False;True;0.841372554;84.13725536
Manhattan;Upper West Side-Lincoln Square;1029902;2;170;72;W  72 ST;10023;170 W  72 ST;True;False;False;False;True;0.800687566;80.06875659
Manhattan;Upper West Side-Lincoln Square;1030944;48;350;71;W  71 ST;10023;350 W  71 ST;True;True;False;False;False;0.9967415;99.67414996
Manhattan;Chelsea-Hudson Yards;1012407;1;515;27;W  27 ST;10001;515 W  27 ST;True;False;False;False;True;0.800601941;80.06019406
Manhattan;Midtown South-Flatiron-Union Square;1014283;15;233;29;W  29 ST;10001;233 W  29 ST;True;False;False;False;True;0.872700974;87.27009737
Manhattan;Chelsea-Hudson Yards;1014779;12;;;;;;True;False;False;False;True;0.821164866;82.11648663
Manhattan;Gramercy;1017895;3;128;19;E  19 ST;10003;128 E  19 ST;True;True;False;False;False;0.109199099;10.91990986
Manhattan;Hell's Kitchen;1025173;5;365;50;W  50 ST;10019;365 W  50 ST;True;False;True;False;True;0.640247905;64.02479049
Manhattan;Upper West Side-Lincoln Square;1028465;4;;;;;;True;False;True;False;True;0.136159478;13.61594776
Manhattan;Upper West Side-Lincoln Square;1030313;7;20;END;W  END AVE;10023;20 W  END AVE;True;False;False;False;False;0.416790265;41.67902648
Manhattan;Midtown South-Flatiron-Union Square;1015746;3;54;29;W  29 ST;10001;54 W  29 ST;True;False;True;True;False;0.698339253;69.83392535
Manhattan;Gramercy;1019518;4;240;15;E  15 ST;10003;240 E  15 ST;True;True;True;False;False;0.146465096;14.64650965
Manhattan;Chelsea-Hudson Yards;1014141;3;246;8;8 AVE;10011;246 8 AVE;True;False;False;False;True;0.789769995;78.97699946
Manhattan;Upper West Side-Lincoln Square;1030958;5;329;71;W  71 ST;10023;329 W  71 ST;True;True;True;False;False;0.12444599;12.444599
Manhattan;Gramercy;1020393;4;;;;;;True;True;False;False;False;0.179127533;17.9127533
Manhattan;Chelsea-Hudson Yards;1013012;7;331;14;W  14 ST;10014;331 W  14 ST;True;False;True;False;False;0.529101019;52.91010186
Manhattan;Chelsea-Hudson Yards;1013058;5;326;17;W  17 ST;10011;326 W  17 ST;True;True;True;False;False;0.184160726;18.41607262
Manhattan;Hell's Kitchen;1027025;5;537;49;W  49 ST;10019;537 W  49 ST;True;True;True;False;False;0.217239687;21.72396869
Manhattan;Gramercy;1020554;4;363;1;1 AVE;10010;363 1 AVE;True;False;False;True;True;0.735086085;73.5086085
Manhattan;Chelsea-Hudson Yards;1013233;3;334;20;W  20 ST;10011;334 W  20 ST;True;True;True;False;False;0.098382503;9.838250288
Manhattan;Gramercy;1019645;6;228;22;E  22 ST;10010;228 E  22 ST;True;True;True;False;False;0.255680142;25.56801418
Manhattan;Upper West Side (Central);1031116;5;313;78;W  78 ST;10024;313 W  78 ST;True;True;True;False;False;0.130798578;13.0798578
Manhattan;Chelsea-Hudson Yards;1013735;20;;;;;;True;False;True;False;False;0.873802562;87.38025618
Manhattan;Upper West Side (Central);1030058;4;137;74;W  74 ST;10023;137 W  74 ST;True;True;True;False;False;0.080085298;8.008529796
Manhattan;Midtown South-Flatiron-Union Square;1015626;5;20;26;W  26 ST;10010;20 W  26 ST;True;True;True;False;False;0.63401963;63.40196295
Manhattan;Chelsea-Hudson Yards;1013039;10;366;15;W  15 ST;10011;366 W  15 ST;True;False;False;False;True;0.838623479;83.86234786
Manhattan;Hell's Kitchen;1025064;5;328;47;W  47 ST;10036;328 W  47 ST;True;True;True;False;False;0.236479626;23.64796257
Manhattan;Midtown South-Flatiron-Union Square;1015076;4;797;OF THE AMERICAS;AVE OF THE AMERICAS;10001;797 AVE OF THE AMERICAS;True;False;False;False;True;0.727917825;72.79178247
Manhattan;Hell's Kitchen;1027105;1;638;47;W  47 ST;10036;638 W  47 ST;True;False;True;True;True;0.818288735;81.82887348
Manhattan;Upper West Side (Central);1031419;4;32;87;W  87 ST;10024;32 W  87 ST;True;True;False;False;False;0.130202209;13.02022093
Manhattan;Hell's Kitchen;1025211;11;304;52;W  52 ST;10019;304 W  52 ST;True;False;False;False;True;0.874180647;87.41806468
Manhattan;Upper West Side-Lincoln Square;1030434;5;254;72;W  72 ST;10023;254 W  72 ST;True;True;False;False;False;0.580244336;58.02443362
Manhattan;Midtown South-Flatiron-Union Square;1016987;6;17;31;E  31 ST;10016;17 E  31 ST;True;False;False;False;True;0.852475042;85.24750425
Manhattan;Gramercy;1019500;5;205;14;E  14 ST;10003;205 E  14 ST;True;True;False;False;True;0.233073539;23.30735388
Manhattan;Chelsea-Hudson Yards;1014998;4;259;7;7 AVE;10001;259 7 AVE;True;False;False;False;True;0.743644196;74.36441958
Manhattan;Upper West Side (Central);1030997;5;323;74;W  74 ST;10023;323 W  74 ST;True;True;False;False;False;0.369096452;36.90964516
Manhattan;Midtown South-Flatiron-Union Square;1014351;12;406;8;8 AVE;10001;406 8 AVE;True;False;False;False;True;0.900641446;90.06414456
Manhattan;Upper West Side-Lincoln Square;1030536;4;254;73;W  73 ST;10023;254 W  73 ST;True;True;True;False;False;0.105149552;10.51495515
Manhattan;Chelsea-Hudson Yards;1014559;5;117;15;W  15 ST;10011;117 W  15 ST;True;False;True;False;False;0.237004264;23.70042638
Manhattan;Chelsea-Hudson Yards;1013754;3;98;8;8 AVE;10011;98 8 AVE;True;False;False;True;True;0.761361731;76.13617306
Manhattan;Chelsea-Hudson Yards;1014793;5;;;;;;True;True;False;False;False;0.435140705;43.51407048
Manhattan;Upper West Side (Central);1031014;5;;;;;;True;True;False;False;False;0.105139245;10.51392453
Manhattan;Midtown South-Flatiron-Union Square;1015648;4;1149;BROADWAY;BROADWAY;10001;1149 BROADWAY;True;False;False;False;True;0.758578953;75.85789533
Manhattan;Hell's Kitchen;1025239;8;355;52;W  52 ST;10019;355 W  52 ST;True;False;False;False;True;0.842773104;84.27731036
Manhattan;Upper West Side (Central);1031493;4;34;88;W  88 ST;10024;34 W  88 ST;True;True;False;False;False;0.095999033;9.59990328
Manhattan;Chelsea-Hudson Yards;1014186;3;278;25;W  25 ST;10001;278 W  25 ST;True;True;True;False;False;0.080351667;8.035166668
Manhattan;Upper West Side (Central);1031409;5;6;87;W  87 ST;10024;6 W  87 ST;True;True;True;False;False;0.16584528;16.58452803
Manhattan;Upper West Side (Central);1031374;5;;;;;;True;True;True;False;False;0.443408394;44.34083942
Manhattan;Gramercy;1019508;6;231;14;E  14 ST;10003;231 E  14 ST;True;False;False;False;True;0.591841145;59.18411453
Manhattan;Upper West Side (Central);1031375;5;;;;;;True;True;True;False;False;0.155604224;15.5604224
Manhattan;Chelsea-Hudson Yards;1013757;5;259;15;W  15 ST;10011;259 W  15 ST;True;True;True;False;False;0.178882856;17.88828565
Manhattan;Upper West Side-Lincoln Square;1030993;19;4;RIVERSIDE;RIVERSIDE DR;10023;4 RIVERSIDE DR;True;True;False;False;False;0.701328557;70.13285574
Manhattan;Hell's Kitchen;1026478;4;457;46;W  46 ST;10036;457 W  46 ST;True;True;False;False;False;0.144314796;14.43147958
Manhattan;Chelsea-Hudson Yards;1013968;5;259;19;W  19 ST;10011;259 W  19 ST;True;True;False;False;False;0.631027907;63.10279069
Manhattan;Chelsea-Hudson Yards;1013267;5;207;8;8 AVE;10011;207 8 AVE;True;False;True;False;False;0.214426368;21.4426368
Manhattan;Chelsea-Hudson Yards;1014980;7;127;24;W  24 ST;10011;127 W  24 ST;True;False;False;False;True;0.848612491;84.86124913
Manhattan;Upper West Side (Central);1031149;5;62;82;W  82 ST;10024;62 W  82 ST;True;False;True;False;True;0.148238212;14.82382123
Manhattan;Upper West Side-Lincoln Square;1029926;4;143;72;W  72 ST;10023;143 W  72 ST;True;False;False;False;True;0.738625239;73.86252395
Manhattan;Gramercy;1019646;4;226;22;E  22 ST;10010;226 E  22 ST;True;True;True;False;False;0.207533515;20.75335147
Manhattan;Gramercy;1019774;6;;;;;;True;False;False;False;True;0.674469626;67.4469626
Manhattan;Hell's Kitchen;1026929;1;;;;;;True;False;False;True;True;0.632115781;63.21157807
Manhattan;Gramercy;1020387;3;230;2;2 AVE;10003;230 2 AVE;True;True;False;False;False;0.14541426;14.54142601
Manhattan;Upper West Side (Central);1031233;16;;;;;;True;False;True;False;True;0.585556152;58.55561518
Manhattan;Chelsea-Hudson Yards;1013594;12;;;;;;True;False;False;False;True;0.555797336;55.57973364
Manhattan;Midtown South-Flatiron-Union Square;1015581;4;25;23;W  23 ST;10010;25 W  23 ST;False;False;False;False;False;0.68750134;68.75013401
Manhattan;Gramercy;1020398;4;325;14;E  14 ST;10003;325 E  14 ST;True;True;False;False;False;0.754350496;75.43504958
Manhattan;Chelsea-Hudson Yards;1013712;6;253;14;W  14 ST;10011;253 W  14 ST;True;False;True;False;True;0.616445266;61.64452661
Manhattan;Chelsea-Hudson Yards;1014024;3;231;20;W  20 ST;10011;231 W  20 ST;True;False;False;False;True;0.405605972;40.56059717
Manhattan;Chelsea-Hudson Yards;1013280;4;184;9;9 AVE;10011;184 9 AVE;True;False;False;False;True;0.544918928;54.4918928
Manhattan;Upper West Side (Central);1031089;5;45;RIVERSIDE;RIVERSIDE DR;10024;45 RIVERSIDE DR;True;True;True;False;False;0.121663453;12.16634526
Manhattan;Midtown-Times Square;1024788;1;;;;;;True;True;False;False;False;0.201902047;20.19020471
Manhattan;Midtown South-Flatiron-Union Square;1014271;7;252;29;W  29 ST;10001;252 W  29 ST;True;False;False;False;True;0.743665812;74.36658124
Manhattan;Chelsea-Hudson Yards;1012642;4.5;195;9;9 AVE;10011;195 9 AVE;True;False;False;False;True;0.629546435;62.95464354
Manhattan;Gramercy;1020466;4;;;;;;True;False;True;False;True;0.079300502;7.93005016
Manhattan;Upper West Side-Lincoln Square;1028592;5;12;71;W  71 ST;10023;12 W  71 ST;True;True;False;False;False;0.066415743;6.641574333
Manhattan;Midtown-Times Square;1017238;5;32;39;E  39 ST;10016;32 E  39 ST;True;True;True;True;False;0.59128813;59.12881303
Manhattan;Hell's Kitchen;1027136;1;638;51;W  51 ST;10019;638 W  51 ST;True;False;True;False;False;0.559864938;55.9864938
Manhattan;Upper West Side (Central);1031120;3.5;305;78;W  78 ST;10024;305 W  78 ST;True;True;False;False;False;0.150903465;15.09034649
Manhattan;Upper West Side-Lincoln Square;1030923;20;303;66;W  66 ST;10023;303 W  66 ST;True;False;False;False;True;0.752890864;75.28908638
Manhattan;Chelsea-Hudson Yards;1014092;4;248;22;W  22 ST;10011;248 W  22 ST;False;False;False;False;False;0.183480114;18.34801145
Manhattan;Gramercy;1017838;3;104;17;E  17 ST;10003;104 E  17 ST;True;True;True;False;False;0.138163645;13.81636453
Manhattan;Upper West Side-Lincoln Square;1030363;3;255;70;W  70 ST;10023;255 W  70 ST;True;True;True;False;False;0.095047736;9.504773553
Manhattan;Upper West Side (Central);1031344;4;28;85;W  85 ST;10024;28 W  85 ST;True;False;True;False;True;0.149723062;14.97230621
Manhattan;Gramercy;1017846;6;123;17;E  17 ST;10003;123 E  17 ST;True;True;False;False;False;0.678502071;67.85020708
Manhattan;Midtown South-Flatiron-Union Square;1015649;16;1140;BROADWAY;BROADWAY;10001;1140 BROADWAY;True;False;False;False;True;0.844941646;84.49416461
Manhattan;Chelsea-Hudson Yards;1014959;5;;;;;;True;False;True;False;False;0.496561064;49.65610642
Manhattan;Hell's Kitchen;1026597;5;411;48;W  48 ST;10036;411 W  48 ST;True;True;True;False;False;0.151887817;15.18878171
Manhattan;Gramercy;1017790;4;111;15;E  15 ST;10003;111 E  15 ST;True;False;True;False;True;0.671274058;67.12740584
Manhattan;Gramercy;1020391;5;;;;;;True;True;False;False;False;0.599741713;59.97417129
Manhattan;Chelsea-Hudson Yards;1012806;5;408;25;W  25 ST;10001;408 W  25 ST;True;True;False;False;False;0.178997849;17.89978491
Manhattan;Upper West Side-Lincoln Square;1030377;6;226;71;W  71 ST;10023;226 W  71 ST;True;True;True;False;False;0.147632218;14.7632218
Manhattan;Midtown South-Flatiron-Union Square;1015081;3;807;OF THE AMERICAS;AVE OF THE AMERICAS;10001;807 AVE OF THE AMERICAS;True;False;False;False;True;0.756201083;75.62010831
Manhattan;Upper West Side-Lincoln Square;1030518;3;2091;BROADWAY;BROADWAY;10023;2091 BROADWAY;True;False;False;False;True;0.83866233;83.86623298
Manhattan;Midtown-Times Square;1024691;4;213;42;W  42 ST;10036;213 W  42 ST;True;False;False;False;True;0.68933242;68.93324198
Manhattan;Midtown-Times Square;1024827;3;201;52;W  52 ST;10019;201 W  52 ST;True;False;False;True;True;0.814151058;81.41510578
Manhattan;Upper West Side (Central);1030855;4;251;76;W  76 ST;10023;251 W  76 ST;True;True;True;False;False;0.090485639;9.048563948
Manhattan;Midtown South-Flatiron-Union Square;1015177;1;;;;;;True;True;True;False;False;0.194189194;19.41891937
Manhattan;Chelsea-Hudson Yards;1013055;5;320;17;W  17 ST;10011;320 W  17 ST;True;False;True;True;False;0.195809665;19.58096652
Manhattan;Chelsea-Hudson Yards;1012834;16;406;31;W  31 ST;10001;406 W  31 ST;False;False;False;False;False;0.614092184;61.40921836
Manhattan;Upper West Side (Central);1030073;4;104;75;W  75 ST;10023;104 W  75 ST;True;True;False;False;False;0.15964246;15.96424598
Manhattan;Midtown-Times Square;1024771;14;251;48;W  48 ST;10036;251 W  48 ST;True;False;False;False;True;0.903483774;90.34837739
Manhattan;Chelsea-Hudson Yards;1014981;12;119;24;W  24 ST;10011;119 W  24 ST;True;False;False;False;True;0.800120418;80.01204179
Manhattan;Hell's Kitchen;1013675;4;526;9;9 AVE;10018;526 9 AVE;True;False;False;True;True;0.678498198;67.84981985
Manhattan;Upper West Side (Central);1031179;4;9;82;W  82 ST;10024;9 W  82 ST;True;True;False;False;False;0.052501971;5.250197117
Manhattan;Upper West Side-Lincoln Square;1029898;5;158;72;W  72 ST;10023;158 W  72 ST;True;False;False;False;True;0.637670547;63.76705469
Manhattan;Chelsea-Hudson Yards;1013761;5;247;15;W  15 ST;10011;247 W  15 ST;True;True;True;False;False;0.672398255;67.23982553
Manhattan;Upper West Side (Central);1031152;4;70;82;W  82 ST;10024;70 W  82 ST;True;True;True;False;False;0.146719297;14.67192966
Manhattan;Chelsea-Hudson Yards;1012875;3;444;36;W  36 ST;10018;444 W  36 ST;True;False;False;False;True;0.676385247;67.63852472
Manhattan;Midtown South-Flatiron-Union Square;1016290;4;38;23;E  23 ST;10010;38 E  23 ST;True;False;False;False;True;0.853933469;85.39334693
Manhattan;Upper West Side-Lincoln Square;1028558;4;23;70;W  70 ST;10023;23 W  70 ST;True;True;False;False;False;0.1019177;10.19177001
Manhattan;Gramercy;1020433;4;325;17;E  17 ST;10003;325 E  17 ST;True;True;False;False;False;0.07705004;7.705004046
Manhattan;Upper West Side (Central);1031769;4;112;80;W  80 ST;10024;112 W  80 ST;True;True;False;False;False;0.162182156;16.21821561
Manhattan;Upper West Side (Central);1031297;4;43;84;W  84 ST;10024;43 W  84 ST;True;True;False;False;False;0.077852072;7.785207212
Manhattan;Upper West Side (Central);1031664;4;55;94;W  94 ST;10025;55 W  94 ST;True;True;True;False;False;0.103393486;10.33934862
Manhattan;Chelsea-Hudson Yards;1012798;4;411;24;W  24 ST;10011;411 W  24 ST;True;False;False;False;True;0.747597239;74.75972394
Manhattan;Upper West Side-Lincoln Square;1029968;4;152;73;W  73 ST;10023;152 W  73 ST;True;True;False;False;False;0.157713977;15.77139769
Manhattan;Midtown-Times Square;1023717;13;171;57;W  57 ST;10019;171 W  57 ST;True;False;False;False;True;0.777169305;77.71693048
Manhattan;Upper West Side (Central);1030852;4;342;END;W  END AVE;10024;342 W  END AVE;True;True;True;False;False;0.095440947;9.544094733
Manhattan;Upper West Side (Central);1031342;4;7;84;W  84 ST;10024;7 W  84 ST;True;True;True;False;False;0.135599733;13.55997333
Manhattan;Chelsea-Hudson Yards;1014533;5;134;15;W  15 ST;10011;134 W  15 ST;True;False;True;False;True;0.176247944;17.62479442
Manhattan;Hell's Kitchen;1026353;5;435;43;W  43 ST;10036;435 W  43 ST;True;True;True;False;False;0.226559306;22.65593056
Manhattan;Midtown South-Flatiron-Union Square;1015301;10;58;15;W  15 ST;10011;58 W  15 ST;True;False;False;False;True;0.840408226;84.04082261
Manhattan;Hell's Kitchen;1027038;7;540;50;W  50 ST;10019;540 W  50 ST;True;True;True;False;False;0.713542902;71.3542902
Manhattan;Upper West Side-Lincoln Square;1028459;4;14;69;W  69 ST;10023;14 W  69 ST;True;True;False;False;False;0.170573855;17.05738551
Manhattan;Chelsea-Hudson Yards;1012693;4;417;22;W  22 ST;10011;417 W  22 ST;True;True;True;False;False;0.101079248;10.10792478
Manhattan;Upper West Side (Central);1031477;4;40;88;W  88 ST;10024;40 W  88 ST;True;True;False;True;True;0.138431396;13.84313964
Manhattan;Hell's Kitchen;1025141;4;301;48;W  48 ST;10036;301 W  48 ST;True;False;False;True;True;0.586188424;58.61884237
Manhattan;Upper West Side (Central);1031160;5;461;COLUMBUS;COLUMBUS AVE;10024;461 COLUMBUS AVE;True;False;False;False;True;0.563108247;56.3108247
Manhattan;Chelsea-Hudson Yards;1014184;4;270;25;W  25 ST;10001;270 W  25 ST;True;True;False;False;False;0.574273476;57.42734756
Manhattan;Hell's Kitchen;1026769;10;404;54;W  54 ST;10019;404 W  54 ST;True;False;False;False;True;0.667475104;66.74751038
Manhattan;Chelsea-Hudson Yards;1013360;2;315;22;W  22 ST;10011;315 W  22 ST;True;True;True;False;False;0.328880671;32.88806711
Manhattan;Chelsea-Hudson Yards;1012795;6;433;24;W  24 ST;10011;433 W  24 ST;True;False;True;False;True;0.654053356;65.40533559
Manhattan;Gramercy;1020518;3;349;19;E  19 ST;10003;349 E  19 ST;True;True;True;False;False;0.203683029;20.36830286
Manhattan;Chelsea-Hudson Yards;1014717;8;110;19;W  19 ST;10011;110 W  19 ST;True;False;True;False;False;0.79459708;79.45970797
Manhattan;Chelsea-Hudson Yards;1012850;7;405;33;W  33 ST;10001;405 W  33 ST;True;True;True;False;False;0.627779654;62.77796538
Manhattan;Upper West Side (Central);1031479;4;44;88;W  88 ST;10024;44 W  88 ST;True;True;False;False;False;0.144054992;14.40549922
Manhattan;Upper West Side (Central);1031030;5;304;76;W  76 ST;10023;304 W  76 ST;True;True;True;False;False;0.122924489;12.29244886
Manhattan;Upper West Side-Lincoln Square;1030986;13;305;72;W  72 ST;10023;305 W  72 ST;True;False;False;False;True;0.645831392;64.58313922
Manhattan;Hell's Kitchen;1026744;6;407;52;W  52 ST;10019;407 W  52 ST;True;True;True;True;False;0.193549222;19.35492219
Manhattan;Upper West Side-Lincoln Square;1028487;5;19;68;W  68 ST;10023;19 W  68 ST;True;True;True;True;False;0.165323045;16.53230447
Manhattan;Hell's Kitchen;1026896;5;450;58;W  58 ST;10019;450 W  58 ST;True;False;False;False;True;0.430533731;43.05337312
Manhattan;Chelsea-Hudson Yards;1012657;4;452;22;W  22 ST;10011;452 W  22 ST;True;False;True;False;False;0.156917608;15.69176085
Manhattan;Upper West Side-Lincoln Square;1030527;4;256;73;W  73 ST;10023;256 W  73 ST;True;True;True;False;False;0.102909665;10.29096646
Manhattan;Midtown South-Flatiron-Union Square;1016750;41;45;25;E  25 ST;10010;45 E  25 ST;True;False;False;False;True;0.974297121;97.42971214
Manhattan;Upper West Side (Central);1031200;4;66;83;W  83 ST;10024;66 W  83 ST;True;True;True;False;False;0.099474178;9.947417787
Manhattan;Chelsea-Hudson Yards;1013082;5;306;18;W  18 ST;10011;306 W  18 ST;True;True;True;False;False;0.243585169;24.35851688
Manhattan;Midtown South-Flatiron-Union Square;1015564;4;182;5;5 AVE;10010;182 5 AVE;True;False;False;False;True;0.680793019;68.07930193
Manhattan;Chelsea-Hudson Yards;1012374;1;510;25;W  25 ST;10001;510 W  25 ST;True;False;False;False;True;0.85582047;85.58204702
Manhattan;Upper West Side (Central);1031632;6;55;92;W  92 ST;10025;55 W  92 ST;True;True;True;False;False;0.429456656;42.94566556
Manhattan;Gramercy;1019593;4;238;19;E  19 ST;10003;238 E  19 ST;True;True;True;False;False;0.155780601;15.5780601
Manhattan;Upper West Side-Lincoln Square;1030035;4;154;74;W  74 ST;10023;154 W  74 ST;True;True;True;False;False;0.156156434;15.61564342
Manhattan;Midtown South-Flatiron-Union Square;1017019;25;40;33;E  33 ST;10016;40 E  33 ST;True;False;False;False;True;0.731066697;73.10666969
Manhattan;Midtown South-Flatiron-Union Square;1015592;11;49;24;W  24 ST;10010;49 W  24 ST;True;False;False;False;True;0.862506905;86.25069048
Manhattan;Upper West Side (Central);1031103;5;308;78;W  78 ST;10024;308 W  78 ST;True;True;False;True;False;0.142984737;14.29847369
Manhattan;Upper West Side (Central);1031504;4;37;88;W  88 ST;10024;37 W  88 ST;True;False;False;False;True;0.125363147;12.53631467
Manhattan;Upper West Side (Central);1031114;9;321;78;W  78 ST;10024;321 W  78 ST;True;False;False;False;True;0.56921958;56.92195798
Manhattan;Midtown South-Flatiron-Union Square;1015623;11;1132;BROADWAY;BROADWAY;10010;1132 BROADWAY;True;False;False;False;True;0.829000209;82.90002095
Manhattan;Chelsea-Hudson Yards;1012785;3;459;24;W  24 ST;10011;459 W  24 ST;True;True;True;False;False;0.079193353;7.919335327
Manhattan;Upper West Side-Lincoln Square;1028131;6;29;64;W  64 ST;10023;29 W  64 ST;True;False;True;False;True;0.634078253;63.40782532
Manhattan;Hell's Kitchen;1026565;3;409;47;W  47 ST;10036;409 W  47 ST;True;True;True;False;False;0.348380837;34.83808369
Manhattan;Upper West Side (Central);1031566;4;11;89;W  89 ST;10024;11 W  89 ST;True;True;True;False;False;0.088213359;8.821335946
Manhattan;Upper West Side-Lincoln Square;1029922;7;;;;;;True;False;False;False;True;0.777371988;77.73719884
Manhattan;Chelsea-Hudson Yards;1013277;5;356;21;W  21 ST;10011;356 W  21 ST;True;False;False;False;True;0.214836796;21.48367955
Manhattan;Midtown-Times Square;1016036;5;49;39;W  39 ST;10018;49 W  39 ST;True;False;False;True;True;0.703194011;70.31940108
Manhattan;Hell's Kitchen;1025410;5;317;54;W  54 ST;10019;317 W  54 ST;True;True;True;False;False;0.675954845;67.59548452
Manhattan;Hell's Kitchen;1025018;3;334;46;W  46 ST;10036;334 W  46 ST;True;True;False;False;True;0.714185685;71.41856846
Manhattan;Upper West Side (Central);1031250;4;23;83;W  83 ST;10024;23 W  83 ST;True;True;False;False;False;0.100882618;10.08826179
Manhattan;Upper West Side-Lincoln Square;1030379;4;238;71;W  71 ST;10023;238 W  71 ST;True;True;True;False;False;0.105661661;10.56616608
Manhattan;Midtown South-Flatiron-Union Square;1016993;12;44;32;E  32 ST;10016;44 E  32 ST;True;False;False;False;True;0.893095275;89.30952751
Manhattan;Hell's Kitchen;1026473;4;650;10;10 AVE;10036;650 10 AVE;True;False;False;False;True;0.706638344;70.6638344
Manhattan;Chelsea-Hudson Yards;1014564;11;;;;;;True;True;True;False;False;0.922692002;92.26920019
Manhattan;Upper West Side (Central);1030095;15;164;75;W  75 ST;10023;164 W  75 ST;True;False;False;True;True;0.882211662;88.22116621
Manhattan;Chelsea-Hudson Yards;1014558;6;119;15;W  15 ST;10011;119 W  15 ST;True;True;True;False;False;0.226521821;22.65218212
Manhattan;Gramercy;1017927;6;151;19;E  19 ST;10003;151 E  19 ST;True;False;True;False;False;0.762654147;76.26541473
Manhattan;Chelsea-Hudson Yards;1013038;6;360;15;W  15 ST;10011;360 W  15 ST;True;True;True;True;False;0.20625574;20.62557398
Manhattan;Chelsea-Hudson Yards;1013802;4;237;16;W  16 ST;10011;237 W  16 ST;True;False;True;False;False;0.143652436;14.36524358
Manhattan;Midtown South-Flatiron-Union Square;1017094;10;;;;;;True;False;False;False;True;0.8076703;80.76703002
Manhattan;Upper West Side (Central);1030914;5;216;79;W  79 ST;10024;216 W  79 ST;True;True;False;False;False;0.554772548;55.47725484
Manhattan;Upper West Side (Central);1031108;5;318;78;W  78 ST;10024;318 W  78 ST;True;True;False;True;True;0.133085869;13.30858688
Manhattan;Gramercy;1019655;5;248;23;E  23 ST;10010;248 E  23 ST;True;False;False;False;True;0.694759781;69.47597806
Manhattan;Chelsea-Hudson Yards;1012498;;;;;;;True;False;True;False;False;0.364175997;36.41759969
Manhattan;Chelsea-Hudson Yards;1013030;5;338;15;W  15 ST;10011;338 W  15 ST;True;True;True;False;False;0.164477219;16.44772188
Manhattan;Midtown South-Flatiron-Union Square;1015155;4;365;7;7 AVE;10001;365 7 AVE;True;True;False;False;True;0.794944847;79.49448468
Manhattan;Upper West Side (Central);1028796;5;57;76;W  76 ST;10023;57 W  76 ST;True;True;True;False;False;0.532489037;53.24890373
Manhattan;Upper West Side (Central);1031041;5;;;;;;True;True;False;False;False;0.416093595;41.60935946
Manhattan;Hell's Kitchen;1027122;16;653;11;11 AVE;10036;653 11 AVE;True;False;True;False;True;0.799450126;79.94501258
Manhattan;Upper West Side (Central);1030181;5;150;77;W  77 ST;10024;150 W  77 ST;True;False;True;True;True;0.092607245;9.260724525
Manhattan;Hell's Kitchen;1026963;5;527;46;W  46 ST;10036;527 W  46 ST;True;False;False;False;True;0.215421187;21.54211869
Manhattan;Chelsea-Hudson Yards;1012607;9;152;10;10 AVE;10011;152 10 AVE;True;False;False;False;False;0.881818602;88.18186025
Manhattan;Chelsea-Hudson Yards;1012503;1;555;37;W  37 ST;10018;555 W  37 ST;True;False;True;True;False;0.742059238;74.20592381
Manhattan;Hell's Kitchen;1024994;4;326;45;W  45 ST;10036;326 W  45 ST;True;True;True;False;False;0.15901648;15.90164796
Manhattan;Chelsea-Hudson Yards;1013205;3;347;19;W  19 ST;10011;347 W  19 ST;True;False;True;False;True;0.142526906;14.25269062
Manhattan;Midtown-Times Square;1017185;12;30;37;E  37 ST;10016;30 E  37 ST;True;False;False;False;True;0.830440636;83.04406364
Manhattan;Upper West Side (Central);1031210;3;12;83;W  83 ST;10024;12 W  83 ST;True;True;True;False;False;0.098926883;9.89268829
Manhattan;Gramercy;1019542;5;224;17;E  17 ST;10003;224 E  17 ST;True;False;False;False;True;0.122143499;12.21434991
Manhattan;Chelsea-Hudson Yards;1014131;1;236;23;W  23 ST;10011;236 W  23 ST;True;True;False;False;False;0.348653802;34.86538017
Manhattan;Hell's Kitchen;1025445;5;860;9;9 AVE;10019;860 9 AVE;True;False;False;True;True;0.590308838;59.03088378
Manhattan;Gramercy;1019519;14;230;15;E  15 ST;10003;230 E  15 ST;True;True;False;True;True;0.758553196;75.85531957
Manhattan;Chelsea-Hudson Yards;1015026;12;142;26;W  26 ST;10001;142 W  26 ST;True;False;False;False;True;0.857142528;85.71425279
Manhattan;Upper West Side (Central);1030244;3;141;78;W  78 ST;10024;141 W  78 ST;True;True;True;False;False;0.098817685;9.88176847
Manhattan;Upper West Side-Lincoln Square;1029939;5;102;73;W  73 ST;10023;102 W  73 ST;True;True;False;False;False;0.53516292;53.51629203
Manhattan;Chelsea-Hudson Yards;1013465;5;334;9;9 AVE;10001;334 9 AVE;True;False;False;False;True;0.768519992;76.85199917
Manhattan;Upper West Side (Central);1031015;4;;;;;;True;True;False;False;False;0.150154997;15.01549968
Manhattan;Upper West Side (Central);1031614;4;60;91;W  91 ST;10024;60 W  91 ST;True;True;False;False;True;0.139966196;13.99661965
Manhattan;Upper West Side-Lincoln Square;1028653;4;57;73;W  73 ST;10023;57 W  73 ST;True;True;False;False;False;0.146278651;14.6278651
Manhattan;Upper West Side (Central);1030192;4;165;76;W  76 ST;10023;165 W  76 ST;True;True;True;False;False;0.155545481;15.55454806
Manhattan;Midtown South-Flatiron-Union Square;1016120;5;21;17;E  17 ST;10003;21 E  17 ST;False;False;False;False;False;0.703931058;70.39310579
Manhattan;Upper West Side-Lincoln Square;1030393;4;257;70;W  70 ST;10023;257 W  70 ST;True;True;True;False;False;0.066055825;6.605582461
Manhattan;Chelsea-Hudson Yards;1014534;4;136;15;W  15 ST;10011;136 W  15 ST;True;True;True;False;False;0.198894234;19.88942343
Manhattan;Upper West Side-Lincoln Square;1030406;3;265;71;W  71 ST;10023;265 W  71 ST;True;False;True;True;True;0.099143728;9.914372757
Manhattan;Chelsea-Hudson Yards;1013520;4;341;30;W  30 ST;10001;341 W  30 ST;True;True;True;False;False;0.600787163;60.07871625
Manhattan;Chelsea-Hudson Yards;1014175;4;219;24;W  24 ST;10011;219 W  24 ST;True;True;True;False;False;0.209958485;20.99584851
Manhattan;Hell's Kitchen;1025397;6;314;54;W  54 ST;10019;314 W  54 ST;True;True;True;False;False;0.416285753;41.62857526
Manhattan;Chelsea-Hudson Yards;1012975;11;441;37;W  37 ST;10018;441 W  37 ST;True;True;False;False;True;0.804281338;80.42813377
Manhattan;Chelsea-Hudson Yards;1012608;3;473;21;W  21 ST;10011;473 W  21 ST;True;True;True;False;False;0.107823373;10.78233726
Manhattan;Chelsea-Hudson Yards;1014978;7;133;24;W  24 ST;10011;133 W  24 ST;True;False;False;False;True;0.195062047;19.50620466
Manhattan;Chelsea-Hudson Yards;1014733;7;120;20;W  20 ST;10011;120 W  20 ST;True;False;False;False;True;0.847470662;84.7470662
Manhattan;Chelsea-Hudson Yards;1014037;4;;;;;;True;False;False;False;True;0.626577758;62.65777578
Manhattan;Midtown South-Flatiron-Union Square;1016286;14;300;PARK;PARK AVE S;10010;300 PARK AVE S;True;False;True;True;True;0.830264946;83.02649455
Manhattan;Upper West Side (Central);1031329;4;56;85;W  85 ST;10024;56 W  85 ST;True;True;True;False;False;0.145206859;14.52068595
Manhattan;Hell's Kitchen;1026653;5;446;50;W  50 ST;10019;446 W  50 ST;True;False;False;False;True;0.616301494;61.63014942
Manhattan;Midtown South-Flatiron-Union Square;1015538;13;2;22;W  22 ST;10010;2 W  22 ST;True;False;False;False;True;0.803284799;80.32847994
Manhattan;Upper West Side (Central);1031421;5;36;87;W  87 ST;10024;36 W  87 ST;True;True;False;False;False;0.108692916;10.86929158
Manhattan;Chelsea-Hudson Yards;1013265;3;203;8;8 AVE;10011;203 8 AVE;True;False;False;False;True;0.620322023;62.03220229
Manhattan;Upper West Side (Central);1030917;4;;;;;;False;False;False;False;False;0.137296742;13.7296742
Manhattan;Upper West Side (Central);1031588;4;21;89;W  89 ST;10024;21 W  89 ST;True;True;True;False;False;0.052500302;5.250030201
Manhattan;Midtown South-Flatiron-Union Square;1015102;5;139;28;W  28 ST;10001;139 W  28 ST;True;False;False;False;True;0.212870374;21.28703743
Manhattan;Midtown South-Flatiron-Union Square;1015827;11;16;32;W  32 ST;10001;16 W  32 ST;False;False;False;False;False;0.866023662;86.60236622
Manhattan;Hell's Kitchen;1025031;5;650;9;9 AVE;10036;650 9 AVE;True;False;False;False;True;0.6796465;67.96465
Manhattan;Chelsea-Hudson Yards;1014127;6;202;23;W  23 ST;10011;202 W  23 ST;True;False;False;False;True;0.534056331;53.40563314
Manhattan;Chelsea-Hudson Yards;1014958;19;108;24;W  24 ST;10011;108 W  24 ST;True;False;False;True;True;0.817112581;81.71125813
Manhattan;Midtown South-Flatiron-Union Square;1016139;6;18;18;E  18 ST;10003;18 E  18 ST;True;True;False;False;False;0.801525861;80.15258614
Manhattan;Chelsea-Hudson Yards;1013374;5;366;23;W  23 ST;10011;366 W  23 ST;True;False;False;False;True;0.645454804;64.5454804
Manhattan;Chelsea-Hudson Yards;1013970;11;251;19;W  19 ST;10011;251 W  19 ST;True;False;False;False;True;0.794595027;79.45950269
Manhattan;Upper West Side (Central);1031426;4;52;87;W  87 ST;10024;52 W  87 ST;True;True;False;False;False;0.15290375;15.29037499
Manhattan;Midtown South-Flatiron-Union Square;1016075;5;27;UNION;UNION SQ W;10003;27 UNION SQ W;True;False;False;False;True;0.885026211;88.50262107
Manhattan;Hell's Kitchen;1025057;4;304;47;W  47 ST;10036;304 W  47 ST;True;False;False;False;True;0.693124077;69.31240765
Manhattan;Hell's Kitchen;1026614;5;420;49;W  49 ST;10019;420 W  49 ST;True;False;False;False;True;0.209917195;20.99171954
Manhattan;Chelsea-Hudson Yards;1013744;3;230;15;W  15 ST;10011;230 W  15 ST;True;True;True;False;False;0.084083238;8.408323829
Manhattan;Upper West Side-Lincoln Square;1029938;5;100;73;W  73 ST;10023;100 W  73 ST;True;False;False;False;True;0.560531154;56.05311542
Manhattan;Gramercy;1017990;16;2;LEXINGTON;LEXINGTON AVE;10010;2 LEXINGTON AVE;True;False;False;False;True;0.882201735;88.22017349
Manhattan;Midtown South-Flatiron-Union Square;1017005;4;;;;;;True;False;False;False;True;0.844803072;84.48030716
Manhattan;Midtown-Times Square;1017237;5;34;39;E  39 ST;10016;34 E  39 ST;True;True;True;False;False;0.657142185;65.71421855
Manhattan;Midtown South-Flatiron-Union Square;1017075;16;343;5;5 AVE;10016;343 5 AVE;True;False;False;False;True;0.841249506;84.12495059
Manhattan;Hell's Kitchen;1025187;6;370;51;W  51 ST;10019;370 W  51 ST;True;False;False;False;True;0.663388754;66.33887543
Manhattan;Chelsea-Hudson Yards;1012539;7;430;15;W  15 ST;10011;430 W  15 ST;True;False;False;False;True;0.842561088;84.25610883
Manhattan;Hell's Kitchen;1026485;5;437;46;W  46 ST;10036;437 W  46 ST;True;True;True;False;False;0.218241027;21.8241027
Manhattan;Upper West Side-Lincoln Square;1028440;5;71;68;W  68 ST;10023;71 W  68 ST;True;True;False;False;False;0.536572248;53.65722479
Manhattan;Midtown South-Flatiron-Union Square;1015720;5;43;28;W  28 ST;10001;43 W  28 ST;True;True;False;False;False;0.712083254;71.20832545
Manhattan;Chelsea-Hudson Yards;1013617;12;325;37;W  37 ST;10018;325 W  37 ST;True;False;False;False;True;0.721765376;72.1765376
Manhattan;Gramercy;1020470;4.5;311;18;E  18 ST;10003;311 E  18 ST;True;True;True;True;False;0.089941769;8.994176935
Manhattan;Hell's Kitchen;1026749;5;789;9;9 AVE;10019;789 9 AVE;True;False;False;False;True;0.59455216;59.45521605
Manhattan;Midtown South-Flatiron-Union Square;1015655;4;1153;BROADWAY;BROADWAY;10001;1153 BROADWAY;True;False;False;False;True;0.882694704;88.26947044
Manhattan;Upper West Side (Central);1028769;6;12;76;W  76 ST;10023;12 W  76 ST;True;True;False;False;False;0.382280645;38.22806451
Manhattan;Hell's Kitchen;1026886;2;417;57;W  57 ST;10019;417 W  57 ST;True;True;True;False;False;0.27705214;27.70521401
Manhattan;Hell's Kitchen;1026561;4;427;47;W  47 ST;10036;427 W  47 ST;True;False;True;False;False;0.268718109;26.87181089
Manhattan;Hell's Kitchen;1013002;2;402;40;W  40 ST;10018;402 W  40 ST;True;False;True;False;True;0.576512186;57.65121864
Manhattan;Midtown-Times Square;1023383;16;136;55;W  55 ST;10019;136 W  55 ST;True;False;True;False;True;0.750707488;75.07074882
Manhattan;Upper West Side-Lincoln Square;1028594;4;;;;;;True;True;True;False;False;0.051412206;5.141220579
Manhattan;Chelsea-Hudson Yards;1013113;3;;;;;;True;True;True;False;False;0.134977148;13.49771481
Manhattan;Hell's Kitchen;1026378;4;438;44;W  44 ST;10036;438 W  44 ST;True;True;True;False;False;0.079127486;7.912748581
Manhattan;Midtown-Times Square;1024651;5;208;41;W  41 ST;10036;208 W  41 ST;False;False;False;False;False;0.742715948;74.27159482
Manhattan;Gramercy;1020543;17;301;21;E  21 ST;10010;301 E  21 ST;True;False;False;False;True;0.823912378;82.39123776
Manhattan;Upper West Side (Central);1030738;10;240;75;W  75 ST;10023;240 W  75 ST;True;False;True;False;True;0.641427749;64.14277488
Manhattan;Hell's Kitchen;1026911;44;555;42;W  42 ST;10036;555 W  42 ST;True;False;True;False;False;0.926585484;92.65854835
Manhattan;Upper West Side (Central);1030105;4;110;75;W  75 ST;10023;110 W  75 ST;True;True;True;False;False;0.141044262;14.10442624
Manhattan;Upper West Side-Lincoln Square;1029634;5;141;69;W  69 ST;10023;141 W  69 ST;True;False;True;False;False;0.518308115;51.83081148
Manhattan;Gramercy;1020389;5;307;14;E  14 ST;10003;307 E  14 ST;True;True;False;True;True;0.506711121;50.6711121
Manhattan;Upper West Side-Lincoln Square;1030934;3;314;71;W  71 ST;10023;314 W  71 ST;True;True;False;False;False;0.157256587;15.72565869
Manhattan;Upper West Side (Central);1030240;4;155;78;W  78 ST;10024;155 W  78 ST;True;True;False;False;False;0.128726419;12.87264192
Manhattan;Gramercy;1019603;20;245;19;E  19 ST;10003;245 E  19 ST;True;False;False;False;True;0.87056661;87.05666105
Manhattan;Midtown South-Flatiron-Union Square;1016222;9;24;21;E  21 ST;10010;24 E  21 ST;True;False;False;False;True;0.817590872;81.75908719
Manhattan;Hell's Kitchen;1027141;7;606;52;W  52 ST;10019;606 W  52 ST;False;False;False;False;False;0.775681001;77.56810014
Manhattan;Chelsea-Hudson Yards;1013969;3;255;19;W  19 ST;10011;255 W  19 ST;True;True;True;False;False;0.177145069;17.71450692
Manhattan;Chelsea-Hudson Yards;1012526;1;505;38;W  38 ST;10018;505 W  38 ST;True;False;True;True;False;0.617465343;61.74653427
Manhattan;Midtown-Times Square;1024871;5;253;55;W  55 ST;10019;253 W  55 ST;False;False;False;False;False;0.599637679;59.9637679
Manhattan;Midtown-Times Square;1022570;4;147;40;W  40 ST;10018;147 W  40 ST;True;True;False;False;False;0.715766703;71.57667028
Manhattan;Chelsea-Hudson Yards;1012782;6;246;10;10 AVE;10001;246 10 AVE;True;False;False;False;True;0.696105862;69.61058617
Manhattan;Upper West Side (Central);1031059;4;;;;;;True;True;False;False;False;0.075696945;7.569694452
Manhattan;Hell's Kitchen;1026878;;475;57;W  57 ST;10019;475 W  57 ST;True;False;False;False;True;0.644156275;64.41562751
Manhattan;Hell's Kitchen;1026460;5;408;46;W  46 ST;10036;408 W  46 ST;True;True;True;False;False;0.727923796;72.79237964
Manhattan;Chelsea-Hudson Yards;1013964;5;184;8;8 AVE;10011;184 8 AVE;True;False;False;False;True;0.654740918;65.47409179
Manhattan;Chelsea-Hudson Yards;1015025;12;134;26;W  26 ST;10001;134 W  26 ST;True;False;False;False;True;0.838625905;83.86259045
Manhattan;Upper West Side-Lincoln Square;1029873;13;171;71;W  71 ST;10023;171 W  71 ST;True;True;True;False;False;0.555688825;55.56888254
Manhattan;Upper West Side (Central);1031483;4;54;88;W  88 ST;10024;54 W  88 ST;True;True;False;False;False;0.101799616;10.17996164
Manhattan;Hell's Kitchen;1026482;5;449;46;W  46 ST;10036;449 W  46 ST;True;True;True;False;False;0.216771304;21.67713043
Manhattan;Chelsea-Hudson Yards;1012585;;410;20;W  20 ST;10011;410 W  20 ST;True;True;True;False;False;0.069563838;6.956383763
Manhattan;Hell's Kitchen;1025090;4;341;47;W  47 ST;10036;341 W  47 ST;True;True;True;False;False;0.48652823;48.65282298
Manhattan;Gramercy;1020457;4;310;18;E  18 ST;10003;310 E  18 ST;True;True;True;False;False;0.167739003;16.77390034
Manhattan;Hell's Kitchen;1026495;5;410;47;W  47 ST;10036;410 W  47 ST;True;True;True;False;False;0.841253397;84.12533967
Manhattan;Chelsea-Hudson Yards;1012641;5;193;9;9 AVE;10011;193 9 AVE;True;True;False;False;False;0.31164824;31.16482397
Manhattan;Chelsea-Hudson Yards;1013587;5;474;9;9 AVE;10018;474 9 AVE;True;False;False;False;True;0.656278713;65.62787129
Manhattan;Chelsea-Hudson Yards;1012496;1;510;37;W  37 ST;10018;510 W  37 ST;True;False;False;False;False;0.734287228;73.42872275
Manhattan;Midtown-Times Square;1024709;8;246;44;W  44 ST;10036;246 W  44 ST;True;False;False;False;True;0.809359743;80.93597434
Manhattan;Hell's Kitchen;1026668;4;738;10;10 AVE;10019;738 10 AVE;True;False;False;False;True;0.697482842;69.74828421
Manhattan;Chelsea-Hudson Yards;1012565;12;444;19;W  19 ST;10011;444 W  19 ST;True;False;False;False;True;0.625280623;62.52806229
Manhattan;Upper West Side-Lincoln Square;1028452;4;39;68;W  68 ST;10023;39 W  68 ST;True;True;True;False;False;0.146239211;14.62392108
Manhattan;Hell's Kitchen;1026419;5;635;9;9 AVE;10036;635 9 AVE;True;False;False;False;True;0.653065146;65.30651459
Manhattan;Chelsea-Hudson Yards;1013131;3;361;18;W  18 ST;10011;361 W  18 ST;True;True;True;False;False;0.154830153;15.48301531
Manhattan;Hell's Kitchen;1026747;5;783;9;9 AVE;10019;783 9 AVE;True;False;False;False;True;0.595433043;59.54330431
Manhattan;Midtown-Times Square;1015236;25;154;37;W  37 ST;10018;154 W  37 ST;True;False;False;False;True;0.768699078;76.86990781
Manhattan;Upper West Side (Central);1028823;7;353;COLUMBUS;COLUMBUS AVE;10024;353 COLUMBUS AVE;True;False;False;False;True;0.75004395;75.00439501
Manhattan;Midtown-Times Square;1023738;9;158;58;W  58 ST;10019;158 W  58 ST;True;True;True;False;False;0.569004019;56.90040188
Manhattan;Midtown South-Flatiron-Union Square;1015711;4;;;;;;True;True;False;False;False;0.81089072;81.08907202
Manhattan;Midtown South-Flatiron-Union Square;1016979;5;;;;;;True;False;False;False;True;0.574238809;57.42388092
Manhattan;Chelsea-Hudson Yards;1012889;6;437;36;W  36 ST;10018;437 W  36 ST;True;False;False;False;False;0.222894436;22.28944361
Manhattan;Chelsea-Hudson Yards;1014985;12;108;25;W  25 ST;10001;108 W  25 ST;True;False;False;False;True;0.812588122;81.25881223
Manhattan;Chelsea-Hudson Yards;1013208;3;341;19;W  19 ST;10011;341 W  19 ST;True;True;True;False;False;0.140203929;14.02039295
Manhattan;Upper West Side (Central);1031203;5;473;COLUMBUS;COLUMBUS AVE;10024;473 COLUMBUS AVE;True;False;False;False;False;0.565596433;56.55964325
Manhattan;Upper West Side (Central);1031007;5;303;74;W  74 ST;10023;303 W  74 ST;True;True;False;True;False;0.119112553;11.9112553
Manhattan;Chelsea-Hudson Yards;1014659;3;;;;;;True;False;False;False;True;0.70780002;70.780002
Manhattan;Chelsea-Hudson Yards;1012541;8;401;15;W  15 ST;10011;401 W  15 ST;True;False;False;False;True;0.831407984;83.1407984
Manhattan;Upper West Side (Central);1031731;4;24;96;W  96 ST;10025;24 W  96 ST;True;True;True;False;False;0.149263747;14.92637474
Manhattan;Upper West Side-Lincoln Square;1028857;27;;;;;;True;False;False;False;True;0.950691943;95.06919431
Manhattan;Midtown South-Flatiron-Union Square;1016204;3.5;27;20;E  20 ST;10003;27 E  20 ST;True;True;True;False;False;0.644401354;64.44013537
Manhattan;Upper West Side (Central);1031180;4;7;82;W  82 ST;10024;7 W  82 ST;True;True;False;False;False;0.145484456;14.54844563
Manhattan;Midtown South-Flatiron-Union Square;1015037;12;127;26;W  26 ST;10001;127 W  26 ST;True;False;True;False;False;0.701380907;70.13809071
Manhattan;Chelsea-Hudson Yards;1013192;2;148;9;9 AVE;10011;148 9 AVE;True;False;False;False;True;0.649083999;64.90839991
Manhattan;Chelsea-Hudson Yards;1014123;4;207;22;W  22 ST;10011;207 W  22 ST;True;True;True;False;False;0.176225037;17.62250372
Manhattan;Upper West Side-Lincoln Square;1028615;5;27;71;W  71 ST;10023;27 W  71 ST;True;False;False;False;True;0.486519541;48.65195409
Manhattan;Gramercy;1019773;6;219;23;E  23 ST;10010;219 E  23 ST;True;False;False;False;True;0.678377257;67.83772573
Manhattan;Upper West Side (Central);1031739;6;46;96;W  96 ST;10025;46 W  96 ST;True;True;True;False;False;0.505808059;50.58080586
Manhattan;Chelsea-Hudson Yards;1014530;5;100;15;W  15 ST;10011;100 W  15 ST;True;False;False;False;True;0.842376863;84.23768632
Manhattan;Upper West Side (Central);1031389;4;73;85;W  85 ST;10024;73 W  85 ST;True;True;True;False;False;0.133451363;13.34513634
Manhattan;Upper West Side (Central);1031581;9;30;90;W  90 ST;10024;30 W  90 ST;True;False;False;False;True;0.570321407;57.0321407
Manhattan;Upper West Side-Lincoln Square;1029766;4;114;71;W  71 ST;10023;114 W  71 ST;True;True;True;False;False;0.521774588;52.17745882
Manhattan;Hell's Kitchen;1026803;5;446;55;W  55 ST;10019;446 W  55 ST;True;True;False;False;False;0.207002231;20.70022307
Manhattan;Gramercy;1018202;7;114;28;E  28 ST;10016;114 E  28 ST;False;False;False;False;False;0.787064009;78.7064009
Manhattan;Gramercy;1020479;4;;;;;;True;True;True;False;False;0.113333302;11.33333018
Manhattan;Hell's Kitchen;1025019;3;336;46;W  46 ST;10036;336 W  46 ST;True;True;False;False;True;0.137348985;13.73489852
Manhattan;Midtown South-Flatiron-Union Square;1015318;21;108;5;5 AVE;10011;108 5 AVE;True;False;False;False;True;0.935951114;93.59511139
Manhattan;Midtown South-Flatiron-Union Square;1016089;16;22;17;E  17 ST;10003;22 E  17 ST;True;False;False;False;True;0.869338023;86.93380227
Manhattan;Gramercy;1019609;6;237;3;3 AVE;10003;237 3 AVE;True;False;False;False;True;0.742158842;74.21588416
Manhattan;Gramercy;1019611;7;201;20;E  20 ST;10003;201 E  20 ST;True;False;False;False;True;0.747388528;74.73885277
Manhattan;Hell's Kitchen;1025145;6;304;49;W  49 ST;10019;304 W  49 ST;True;False;False;False;True;0.778764304;77.87643042
Manhattan;Hell's Kitchen;1026879;5;469;57;W  57 ST;10019;469 W  57 ST;True;False;True;False;True;0.637153743;63.71537431
Manhattan;Chelsea-Hudson Yards;1012860;26;441;9;9 AVE;10001;441 9 AVE;True;False;False;False;True;0.915208849;91.52088489
Manhattan;Gramercy;1020451;4;322;18;E  18 ST;10003;322 E  18 ST;True;True;False;False;False;0.087870237;8.78702373
Manhattan;Midtown South-Flatiron-Union Square;1016066;8;20;15;E  15 ST;10003;20 E  15 ST;True;False;False;False;True;0.801061268;80.10612676
Manhattan;Chelsea-Hudson Yards;1013300;5;317;21;W  21 ST;10011;317 W  21 ST;True;True;True;False;False;0.21534792;21.53479199
Manhattan;Midtown South-Flatiron-Union Square;1015643;12;15;26;W  26 ST;10010;15 W  26 ST;True;True;True;False;False;0.855013699;85.50136987
Manhattan;Hell's Kitchen;1026414;4;401;44;W  44 ST;10036;401 W  44 ST;True;False;False;False;True;0.642939899;64.2939899
Manhattan;Chelsea-Hudson Yards;1013086;5;352;18;W  18 ST;10011;352 W  18 ST;True;True;True;False;False;0.165957562;16.59575618
Manhattan;Midtown-Times Square;1024728;5;226;46;W  46 ST;10036;226 W  46 ST;True;False;False;False;True;0.752527752;75.25277518
Manhattan;Upper West Side (Central);1028763;5;5;75;W  75 ST;10023;5 W  75 ST;True;True;True;False;False;0.169921606;16.99216057
Manhattan;Chelsea-Hudson Yards;1012564;8;434;19;W  19 ST;10011;434 W  19 ST;True;False;False;False;True;0.648437506;64.84375056
Manhattan;Midtown-Times Square;1023742;4;132;58;W  58 ST;10019;132 W  58 ST;True;False;True;False;True;0.607098091;60.70980908
Manhattan;Hell's Kitchen;1026786;5;437;54;W  54 ST;10019;437 W  54 ST;True;True;True;False;False;0.411854392;41.18543919
Manhattan;Midtown-Times Square;1014497;16;257;39;W  39 ST;10018;257 W  39 ST;True;False;True;False;False;0.86956226;86.95622604
Manhattan;Chelsea-Hudson Yards;1015003;12;147;25;W  25 ST;10001;147 W  25 ST;True;False;False;False;True;0.851273478;85.12734785
Manhattan;Hell's Kitchen;1027113;1;604;47;W  47 ST;10036;604 W  47 ST;True;False;True;False;True;0.528449576;52.84495756
Manhattan;Midtown South-Flatiron-Union Square;1015148;6;120;30;W  30 ST;10001;120 W  30 ST;True;False;False;False;True;0.422924827;42.29248273
Manhattan;Gramercy;1019585;4;239;18;E  18 ST;10003;239 E  18 ST;True;True;True;False;False;0.163742834;16.37428341
Manhattan;Hell's Kitchen;1024951;5;330;43;W  43 ST;10036;330 W  43 ST;True;True;True;False;False;0.249156688;24.9156688
Manhattan;Midtown-Times Square;1024874;6;243;55;W  55 ST;10019;243 W  55 ST;True;False;False;False;True;0.485751784;48.57517839
Manhattan;Upper West Side (Central);1030906;9;;;;;;True;True;True;False;False;0.573312984;57.33129843
Manhattan;Chelsea-Hudson Yards;1013278;4;180;9;9 AVE;10011;180 9 AVE;True;True;True;False;False;0.11043536;11.04353604
Manhattan;Chelsea-Hudson Yards;1014027;5;225;20;W  20 ST;10011;225 W  20 ST;True;True;False;False;False;0.213888706;21.38887063
Manhattan;Gramercy;1017991;12;1;LEXINGTON;LEXINGTON AVE;10010;1 LEXINGTON AVE;True;True;False;False;False;0.705003101;70.50031014
Manhattan;Chelsea-Hudson Yards;1013028;6;330;15;W  15 ST;10011;330 W  15 ST;True;False;True;False;False;0.178455747;17.84557473
Manhattan;Hell's Kitchen;1026480;5;453;46;W  46 ST;10036;453 W  46 ST;True;False;False;False;True;0.637177688;63.71776877
Manhattan;Chelsea-Hudson Yards;1014007;6;192;8;8 AVE;10011;192 8 AVE;True;False;False;True;True;0.806665712;80.66657122
Manhattan;Midtown-Times Square;1022629;13;123;44;W  44 ST;10036;123 W  44 ST;True;True;False;False;False;0.366494508;36.64945077
Manhattan;Chelsea-Hudson Yards;1012311;1;;;;;;True;True;True;False;False;0.322473907;32.24739074
Manhattan;Midtown South-Flatiron-Union Square;1016152;13;228;PARK;PARK AVE S;10003;228 PARK AVE S;True;True;False;True;True;0.820165638;82.01656377
Manhattan;Midtown South-Flatiron-Union Square;1016945;5;4;30;E  30 ST;10016;4 E  30 ST;True;False;False;False;True;0.267118064;26.71180639
Manhattan;Hell's Kitchen;1026490;5;415;46;W  46 ST;10036;415 W  46 ST;True;True;True;False;False;0.160258709;16.02587091
Manhattan;Upper West Side (Central);1031055;4;313;76;W  76 ST;10023;313 W  76 ST;True;True;False;False;False;0.096510168;9.651016798
Manhattan;Midtown South-Flatiron-Union Square;1014282;17;245;29;W  29 ST;10001;245 W  29 ST;True;False;False;False;True;0.879233547;87.92335469
Manhattan;Upper West Side-Lincoln Square;1028159;36;125;COLUMBUS;COLUMBUS AVE;10023;125 COLUMBUS AVE;True;False;False;False;True;0.848785982;84.87859822
Manhattan;Midtown-Times Square;1022646;5;;;;;;True;False;False;False;True;0.668261351;66.82613513
Manhattan;Midtown-Times Square;1015969;13;;;;;;True;True;False;False;False;0.832018692;83.20186919
Manhattan;Midtown-Times Square;1022638;4;121;45;W  45 ST;10036;121 W  45 ST;True;False;False;False;True;0.790495277;79.04952768
Manhattan;Midtown South-Flatiron-Union Square;1014298;2;220;30;W  30 ST;10001;220 W  30 ST;True;False;False;False;True;0.773632542;77.36325419
Manhattan;Hell's Kitchen;1026572;5;404;48;W  48 ST;10036;404 W  48 ST;True;True;True;False;False;0.158492336;15.84923361
Manhattan;Midtown South-Flatiron-Union Square;1014342;6;220;31;W  31 ST;10001;220 W  31 ST;True;False;False;True;False;0.779377902;77.93779018
Manhattan;Gramercy;1018192;4;132;28;E  28 ST;10016;132 E  28 ST;True;False;False;False;True;0.841158193;84.11581931
Manhattan;Gramercy;1017829;3;47;IRVING;IRVING PL;10003;47 IRVING PL;True;True;True;False;False;0.051340272;5.13402719
Manhattan;Midtown-Times Square;1014464;14;242;38;W  38 ST;10018;242 W  38 ST;True;False;False;False;True;0.879381368;87.93813685
Manhattan;Hell's Kitchen;1026350;5;447;43;W  43 ST;10036;447 W  43 ST;True;True;True;False;False;0.168475369;16.84753686
Manhattan;Hell's Kitchen;1026671;4;453;50;W  50 ST;10019;453 W  50 ST;True;False;True;False;False;0.198546947;19.85469472
Manhattan;Chelsea-Hudson Yards;1014760;6;150;21;W  21 ST;10011;150 W  21 ST;True;False;False;False;True;0.535079937;53.50799374
Manhattan;Hell's Kitchen;1026810;5;;;;;;True;False;False;False;True;0.714779383;71.47793827
Manhattan;Midtown South-Flatiron-Union Square;1016161;9;15;19;E  19 ST;10003;15 E  19 ST;True;False;False;False;True;0.826055668;82.60556682
Manhattan;Midtown South-Flatiron-Union Square;1016995;10;34;32;E  32 ST;10016;34 E  32 ST;True;False;False;False;True;0.610389829;61.0389829
Manhattan;Upper West Side (Central);1031503;4;41;88;W  88 ST;10024;41 W  88 ST;True;True;False;False;False;0.099619855;9.961985539
Manhattan;Upper West Side (Central);1030129;4;117;75;W  75 ST;10023;117 W  75 ST;True;False;True;True;True;0.158080511;15.80805115
Manhattan;Chelsea-Hudson Yards;1013368;5;348;23;W  23 ST;10011;348 W  23 ST;True;False;False;False;True;0.639246221;63.92462209
Manhattan;Upper West Side (Central);1031735;5;;;;;;True;True;False;True;False;0.128077935;12.80779352
Manhattan;Upper West Side-Lincoln Square;1028575;4;40;71;W  71 ST;10023;40 W  71 ST;True;True;True;False;False;0.155071196;15.50711959
Manhattan;Upper West Side (Central);1030188;5;172;77;W  77 ST;10024;172 W  77 ST;True;False;False;False;True;0.590273672;59.02736717
Manhattan;Upper West Side (Central);1030912;4;210;79;W  79 ST;10024;210 W  79 ST;True;True;False;False;False;0.523573985;52.35739848
Manhattan;Midtown-Times Square;1024889;5;257;55;W  55 ST;10019;257 W  55 ST;True;False;True;False;False;0.616448312;61.64483116
Manhattan;Upper West Side-Lincoln Square;1029896;5;136;72;W  72 ST;10023;136 W  72 ST;True;False;False;False;True;0.642901695;64.29016947
Manhattan;Upper West Side (Central);1031571;7;4;90;W  90 ST;10024;4 W  90 ST;True;False;False;False;True;0.397908306;39.79083057
Manhattan;Hell's Kitchen;1025014;6;320;46;W  46 ST;10036;320 W  46 ST;False;False;False;False;False;0.892424398;89.24243976
Manhattan;Chelsea-Hudson Yards;1013100;4;327;18;W  18 ST;10011;327 W  18 ST;True;True;True;False;False;0.210584525;21.05845246
Manhattan;Upper West Side (Central);1031727;5;;;;;;True;False;True;False;True;0.104829367;10.48293666
Manhattan;Upper West Side-Lincoln Square;1028684;5;44;74;W  74 ST;10023;44 W  74 ST;True;True;True;False;False;0.405991197;40.5991197
Manhattan;Chelsea-Hudson Yards;1015028;21;152;26;W  26 ST;10001;152 W  26 ST;True;False;False;False;True;0.94342641;94.34264101
Manhattan;Upper West Side (Central);1031385;5;46;86;W  86 ST;10024;46 W  86 ST;True;True;True;False;False;0.373626486;37.36264863
Manhattan;Upper West Side (Central);1031355;4;57;85;W  85 ST;10024;57 W  85 ST;True;True;True;False;False;0.136615895;13.66158945
Manhattan;Midtown South-Flatiron-Union Square;1015208;5;138;34;W  34 ST;10001;138 W  34 ST;True;False;False;False;True;0.784131951;78.41319508
Manhattan;Hell's Kitchen;1026650;5;733;9;9 AVE;10019;733 9 AVE;True;False;False;False;True;0.710302809;71.03028094
Manhattan;Chelsea-Hudson Yards;1013989;3;218;20;W  20 ST;10011;218 W  20 ST;True;True;True;False;False;0.680017367;68.0017367
Manhattan;Gramercy;1020562;4;334;22;E  22 ST;10010;334 E  22 ST;True;True;True;False;False;0.528541748;52.85417483
Manhattan;Midtown South-Flatiron-Union Square;1015483;11;32;20;W  20 ST;10011;32 W  20 ST;True;False;False;False;True;0.652634401;65.26344009
Manhattan;Hell's Kitchen;1025412;5;313;54;W  54 ST;10019;313 W  54 ST;True;True;True;False;False;0.213734823;21.37348235
Manhattan;Chelsea-Hudson Yards;1014977;6;135;24;W  24 ST;10011;135 W  24 ST;False;False;False;False;False;0.643320578;64.33205785
Manhattan;Hell's Kitchen;1026967;6;;;;;;True;False;False;False;True;0.568758287;56.87582869
Manhattan;Chelsea-Hudson Yards;1012887;6;445;36;W  36 ST;10018;445 W  36 ST;True;False;False;False;True;0.212351176;21.23511761
Manhattan;Midtown South-Flatiron-Union Square;1015116;4;103;28;W  28 ST;10001;103 W  28 ST;True;False;False;True;True;0.779452619;77.94526192
Manhattan;Hell's Kitchen;1026714;3;459;51;W  51 ST;10019;459 W  51 ST;True;True;True;False;False;0.285216085;28.52160853
Manhattan;Midtown-Times Square;1015252;4;130;37;W  37 ST;10018;130 W  37 ST;True;True;False;False;False;0.852382656;85.23826558
Manhattan;Midtown South-Flatiron-Union Square;1016265;;10;22;E  22 ST;10010;10 E  22 ST;True;True;False;True;True;0.746468413;74.64684132
Manhattan;Midtown-Times Square;1024772;4;219;48;W  48 ST;10036;219 W  48 ST;True;False;False;False;True;0.726092634;72.60926335
Manhattan;Upper West Side (Central);1031001;4;315;74;W  74 ST;10023;315 W  74 ST;True;True;False;False;False;0.108533153;10.85331531
Manhattan;Hell's Kitchen;1025398;3;315;53;W  53 ST;10019;315 W  53 ST;True;False;False;False;True;0.595438409;59.54384088
Manhattan;Midtown-Times Square;1014481;2;207;38;W  38 ST;10018;207 W  38 ST;True;False;False;False;True;0.750352072;75.03520716
Manhattan;Midtown South-Flatiron-Union Square;1015407;10;592;OF THE AMERICAS;AVE OF THE AMERICAS;10011;592 AVE OF THE AMERICAS;True;False;False;False;True;0.837516548;83.75165479
Manhattan;Chelsea-Hudson Yards;1014800;12;129;22;W  22 ST;10011;129 W  22 ST;True;False;False;False;True;0.8530436;85.30436001
Manhattan;Upper West Side (Central);1031161;5;463;COLUMBUS;COLUMBUS AVE;10024;463 COLUMBUS AVE;True;False;False;False;True;0.554901285;55.49012849
Manhattan;Gramercy;1017803;16;145;15;E  15 ST;10003;145 E  15 ST;True;False;False;False;True;0.754580324;75.45803244
Manhattan;Hell's Kitchen;1026980;5;540;47;W  47 ST;10036;540 W  47 ST;True;True;True;False;False;0.222348886;22.23488859
Manhattan;Midtown-Times Square;1017127;20;30;PARK;PARK AVE;10016;30 PARK AVE;True;False;False;False;True;0.833625874;83.36258742
Manhattan;Upper West Side-Lincoln Square;1028523;4;50;70;W  70 ST;10023;50 W  70 ST;True;True;True;False;False;0.106239214;10.62392145
Manhattan;Upper West Side-Lincoln Square;1030429;6;236;72;W  72 ST;10023;236 W  72 ST;True;True;True;False;False;0.175132235;17.51322349
Manhattan;Upper West Side (Central);1031206;4;59;82;W  82 ST;10024;59 W  82 ST;True;True;True;False;False;0.145362661;14.53626613
Manhattan;Upper West Side (Central);1031352;4;65;85;W  85 ST;10024;65 W  85 ST;True;True;True;False;False;0.131023944;13.10239436
Manhattan;Upper West Side (Central);1031711;3;43;95;W  95 ST;10025;43 W  95 ST;True;True;True;False;False;0.089299787;8.929978719
Manhattan;Upper West Side (Central);1031102;5;306;78;W  78 ST;10024;306 W  78 ST;True;True;True;True;False;0.122578406;12.2578406
Manhattan;Upper West Side (Central);1031796;4;144;80;W  80 ST;10024;144 W  80 ST;True;True;True;False;False;0.114721234;11.47212338
Manhattan;Chelsea-Hudson Yards;1012569;5;148;10;10 AVE;10011;148 10 AVE;True;False;False;False;True;0.645635449;64.56354493
Manhattan;Upper West Side-Lincoln Square;1030427;6;228;72;W  72 ST;10023;228 W  72 ST;True;False;False;False;False;0.593041731;59.30417305
Manhattan;Hell's Kitchen;1026554;4;449;47;W  47 ST;10036;449 W  47 ST;True;True;True;False;False;0.118110078;11.81100782
Manhattan;Hell's Kitchen;1025068;5;336;47;W  47 ST;10036;336 W  47 ST;True;True;False;False;False;0.177705629;17.77056292
Manhattan;Gramercy;1017872;6;;;;;;True;False;True;False;False;0.540287522;54.02875217
Manhattan;Midtown South-Flatiron-Union Square;1015101;12;141;28;W  28 ST;10001;141 W  28 ST;True;False;False;False;True;0.86931731;86.931731
Manhattan;Upper West Side-Lincoln Square;1028679;5;28;74;W  74 ST;10023;28 W  74 ST;True;True;True;False;False;0.477112292;47.71122916
Manhattan;Upper West Side (Central);1031317;4;;;;;;True;True;True;False;False;0.120508923;12.05089228
Manhattan;Midtown South-Flatiron-Union Square;1015542;6;32;22;W  22 ST;10010;32 W  22 ST;True;False;False;False;True;0.860462295;86.0462295
Manhattan;Upper West Side-Lincoln Square;1028237;4;35;67;W  67 ST;10023;35 W  67 ST;True;True;True;False;False;0.310921629;31.09216294
Manhattan;Upper West Side-Lincoln Square;1028143;5;46;65;W  65 ST;10023;46 W  65 ST;True;True;False;False;False;0.216632597;21.66325973
Manhattan;Upper West Side (Central);1030048;3;303;AMSTERDAM;AMSTERDAM AVE;10023;303 AMSTERDAM AVE;True;False;False;False;True;0.604812096;60.48120963
Manhattan;Upper West Side-Lincoln Square;1028467;5;34;69;W  69 ST;10023;34 W  69 ST;True;False;True;False;True;0.116967318;11.69673178
Manhattan;Gramercy;1017800;4;133;15;E  15 ST;10003;133 E  15 ST;True;False;True;False;True;0.135455317;13.54553166
Manhattan;Chelsea-Hudson Yards;1013987;3;214;20;W  20 ST;10011;214 W  20 ST;True;True;True;False;False;0.245399051;24.53990505
Manhattan;Midtown-Times Square;1022563;25;125;40;W  40 ST;10018;125 W  40 ST;True;False;False;False;False;0.70721597;70.72159695
Manhattan;Midtown-Times Square;1022657;5;123;45;W  45 ST;10036;123 W  45 ST;True;False;False;False;True;0.769019247;76.90192467
Manhattan;Hell's Kitchen;1026802;6;;;;;;True;False;False;False;True;0.639460019;63.94600189
Manhattan;Upper West Side (Central);1031686;3;24;95;W  95 ST;10025;24 W  95 ST;True;True;False;False;False;0.127527185;12.75271851
Manhattan;Hell's Kitchen;1025210;4;;;;;;True;True;True;False;False;0.114521814;11.45218143
Manhattan;Chelsea-Hudson Yards;1013807;5;221;16;W  16 ST;10011;221 W  16 ST;True;True;True;False;False;0.44729433;44.72943301
Manhattan;Midtown-Times Square;1023162;;126;53;W  53 ST;10019;126 W  53 ST;True;False;True;False;False;0.662339641;66.23396415
Manhattan;Chelsea-Hudson Yards;1013846;6;152;8;8 AVE;10011;152 8 AVE;False;False;False;False;False;0.647684334;64.7684334
Manhattan;Midtown South-Flatiron-Union Square;1016141;3;14;18;E  18 ST;10003;14 E  18 ST;True;False;False;False;True;0.759480972;75.94809725
Manhattan;Upper West Side (Central);1031156;5;78;82;W  82 ST;10024;78 W  82 ST;True;True;False;False;False;0.127868392;12.78683924
Manhattan;Hell's Kitchen;1024940;5;327;42;W  42 ST;10036;327 W  42 ST;True;False;True;False;False;0.726139782;72.61397817
Manhattan;Chelsea-Hudson Yards;1013538;8;340;31;W  31 ST;10001;340 W  31 ST;True;False;False;False;True;0.830090574;83.00905743
Manhattan;Gramercy;1018121;5;71;LEXINGTON;LEXINGTON AVE;10010;71 LEXINGTON AVE;True;True;False;False;False;0.645022908;64.50229077
Manhattan;Upper West Side (Central);1031318;4;22;85;W  85 ST;10024;22 W  85 ST;True;True;True;False;False;0.145448826;14.54488256
Manhattan;Upper West Side-Lincoln Square;1029952;4;140;73;W  73 ST;10023;140 W  73 ST;True;True;True;False;False;0.158171599;15.81715986
Manhattan;Upper West Side-Lincoln Square;1030383;4;248;71;W  71 ST;10023;248 W  71 ST;True;True;True;False;False;0.123579381;12.35793807
Manhattan;Gramercy;1017949;5;;;;;;True;True;True;False;False;0.338179081;33.81790811
Manhattan;Chelsea-Hudson Yards;1013224;6;312;20;W  20 ST;10011;312 W  20 ST;True;True;True;False;False;0.793431189;79.34311889
Manhattan;Gramercy;1020587;5;;;;;;True;False;False;False;True;0.72386345;72.38634503
Manhattan;Midtown South-Flatiron-Union Square;1016886;12;7;27;E  27 ST;10016;7 E  27 ST;True;False;False;False;True;0.781131785;78.11317849
Manhattan;Hell's Kitchen;1026370;6;;;;;;True;True;True;False;False;0.433448089;43.34480887
Manhattan;Upper West Side-Lincoln Square;1028146;6.5;8;65;W  65 ST;10023;8 W  65 ST;True;False;True;True;True;0.819436372;81.9436372
Manhattan;Chelsea-Hudson Yards;1013873;2;243;18;W  18 ST;10011;243 W  18 ST;True;False;True;False;False;0.785733766;78.57337663
Manhattan;Midtown-Times Square;1024816;9;241;51;W  51 ST;10019;241 W  51 ST;True;False;False;False;True;0.830213546;83.02135455
Manhattan;Hell's Kitchen;1026952;11;545;45;W  45 ST;10036;545 W  45 ST;True;False;True;False;False;0.635615326;63.56153263
Manhattan;Chelsea-Hudson Yards;1012504;3;547;37;W  37 ST;10018;547 W  37 ST;True;False;True;False;False;0.270850335;27.08503348
Manhattan;Hell's Kitchen;1026697;5;420;51;W  51 ST;10019;420 W  51 ST;True;False;True;False;False;0.609186146;60.91861455
Manhattan;Upper West Side (Central);1031759;15;127;79;W  79 ST;10024;127 W  79 ST;True;True;False;False;False;0.571495433;57.14954332
Manhattan;Upper West Side (Central);1028805;4;37;76;W  76 ST;10023;37 W  76 ST;True;False;True;False;True;0.145518986;14.55189862
Manhattan;Hell's Kitchen;1026405;3;;;;;;True;True;True;False;False;0.061872579;6.187257861
Manhattan;Upper West Side (Central);1028712;4;15;74;W  74 ST;10023;15 W  74 ST;True;True;True;True;False;0.150808439;15.08084386
Manhattan;Midtown-Times Square;1015248;6;144;37;W  37 ST;10018;144 W  37 ST;True;False;False;False;True;0.859168343;85.91683429
Manhattan;Hell's Kitchen;1025427;3;327;55;W  55 ST;10019;327 W  55 ST;True;False;True;False;False;0.128560829;12.85608286
Manhattan;Gramercy;1020419;5;326;16;E  16 ST;10003;326 E  16 ST;False;False;False;False;False;0.483383646;48.33836459
Manhattan;Upper West Side (Central);1030736;16;258;75;W  75 ST;10023;258 W  75 ST;True;False;False;False;True;0.736975807;73.69758069
Manhattan;Midtown South-Flatiron-Union Square;1015645;11;1141;BROADWAY;BROADWAY;10001;1141 BROADWAY;True;False;False;False;True;0.777219542;77.72195417
Manhattan;Upper West Side (Central);1028767;5;8;76;W  76 ST;10023;8 W  76 ST;True;True;True;False;False;0.363630601;36.36306006
Manhattan;Hell's Kitchen;1013687;1;609;8;8 AVE;10018;609 8 AVE;False;False;False;False;False;0.809423775;80.94237749
Manhattan;Gramercy;1017788;5;101;15;E  15 ST;10003;101 E  15 ST;True;True;False;False;False;0.507339578;50.7339578
Manhattan;Upper West Side-Lincoln Square;1030026;4;122;74;W  74 ST;10023;122 W  74 ST;True;True;True;True;True;0.153266584;15.32665838
Manhattan;Upper West Side (Central);1028735;4;54;75;W  75 ST;10023;54 W  75 ST;True;True;True;False;False;0.159262181;15.9262181
Manhattan;Chelsea-Hudson Yards;1013569;5;327;35;W  35 ST;10001;327 W  35 ST;True;False;True;False;False;0.222655537;22.26555373
Manhattan;Midtown South-Flatiron-Union Square;1016197;6;139;5;5 AVE;10010;139 5 AVE;True;False;False;False;True;0.864016083;86.40160832
Manhattan;Upper West Side (Central);1031313;4;2;85;W  85 ST;10024;2 W  85 ST;True;True;True;False;False;0.105309683;10.53096835
Manhattan;Hell's Kitchen;1026332;5;414;42;W  42 ST;10036;414 W  42 ST;True;True;False;False;False;0.675606817;67.56068173
Manhattan;Midtown-Times Square;1017239;6;30;39;E  39 ST;10016;30 E  39 ST;True;True;True;True;False;0.637302354;63.73023542
Manhattan;Upper West Side (Central);1031148;4;56;82;W  82 ST;10024;56 W  82 ST;True;False;True;False;False;0.116003293;11.60032934
Manhattan;Upper West Side (Central);1031084;4;332;77;W  77 ST;10024;332 W  77 ST;True;True;True;False;False;0.125665841;12.56658408
Manhattan;Midtown South-Flatiron-Union Square;1015776;3;;;;;;True;False;False;False;True;0.711429646;71.14296462
Manhattan;Chelsea-Hudson Yards;1012604;4;;;;;;True;True;True;False;False;0.093896767;9.389676692
Manhattan;Hell's Kitchen;1025055;5;765;8;8 AVE;10036;765 8 AVE;True;False;False;False;True;0.530787095;53.07870955
Manhattan;Midtown-Times Square;1014506;12;218;40;W  40 ST;10018;218 W  40 ST;True;False;False;False;True;0.832241203;83.22412028
Manhattan;Chelsea-Hudson Yards;1013361;6;237;8;8 AVE;10011;237 8 AVE;True;True;False;False;False;0.753739014;75.37390136
Manhattan;Upper West Side-Lincoln Square;1030369;5;219;70;W  70 ST;10023;219 W  70 ST;True;True;True;False;False;0.128911175;12.89111749
Manhattan;Midtown South-Flatiron-Union Square;1015846;12;29;32;W  32 ST;10001;29 W  32 ST;True;False;False;False;True;0.827293733;82.72937329
Manhattan;Upper West Side-Lincoln Square;1027463;33;1886;BROADWAY;BROADWAY;10023;1886 BROADWAY;True;False;False;False;True;0.956153711;95.61537114
Manhattan;Midtown South-Flatiron-Union Square;1015292;18;96;5;5 AVE;10011;96 5 AVE;True;True;False;False;False;0.861834794;86.1834794
Manhattan;Gramercy;1018105;7;135;25;E  25 ST;10010;135 E  25 ST;True;False;False;False;True;0.80676789;80.67678899
Manhattan;Upper West Side (Central);1030175;4;159;76;W  76 ST;10023;159 W  76 ST;True;True;True;False;False;0.150539701;15.05397007
Manhattan;Chelsea-Hudson Yards;1013070;6;353;17;W  17 ST;10011;353 W  17 ST;True;True;True;True;True;0.682006762;68.20067621
Manhattan;Chelsea-Hudson Yards;1014974;7;147;24;W  24 ST;10011;147 W  24 ST;True;False;False;False;True;0.817056482;81.7056482
Manhattan;Upper West Side (Central);1030857;4;;;;;;True;True;False;False;False;0.082112184;8.211218358
Manhattan;Chelsea-Hudson Yards;1014165;3;260;24;W  24 ST;10011;260 W  24 ST;True;True;True;False;False;0.166564413;16.65644132
Manhattan;Midtown South-Flatiron-Union Square;1015860;4;49;33;W  33 ST;10001;49 W  33 ST;True;False;False;False;True;0.793324635;79.33246354
Manhattan;Gramercy;1017837;6;106;17;E  17 ST;10003;106 E  17 ST;True;False;True;False;True;0.18136404;18.13640396
Manhattan;Chelsea-Hudson Yards;1013295;5;327;21;W  21 ST;10011;327 W  21 ST;True;True;True;False;False;0.214517271;21.45172708
Manhattan;Chelsea-Hudson Yards;1012332;5;205;10;10 AVE;10011;205 10 AVE;True;False;False;False;True;0.647595825;64.75958248
Manhattan;Chelsea-Hudson Yards;1014191;4;288;8;8 AVE;10001;288 8 AVE;True;False;True;True;True;0.67250447;67.25044699
Manhattan;Midtown-Times Square;1024739;4;205;46;W  46 ST;10036;205 W  46 ST;True;False;False;False;True;0.689825947;68.98259469
Manhattan;Upper West Side (Central);1030110;4;162;75;W  75 ST;10023;162 W  75 ST;True;True;True;False;False;0.144995648;14.49956481
Manhattan;Chelsea-Hudson Yards;1012622;5;445;21;W  21 ST;10011;445 W  21 ST;True;True;True;False;False;0.14818682;14.81868198
Manhattan;Upper West Side (Central);1030076;4;;;;;;True;True;True;False;False;0.133693573;13.3693573
Manhattan;Chelsea-Hudson Yards;1013024;6;312;15;W  15 ST;10011;312 W  15 ST;True;True;True;False;False;0.193882548;19.38825481
Manhattan;Midtown South-Flatiron-Union Square;1015843;12;43;32;W  32 ST;10001;43 W  32 ST;True;True;False;False;False;0.67662986;67.66298597
Manhattan;Midtown-Times Square;1014478;2;223;38;W  38 ST;10018;223 W  38 ST;True;False;False;False;True;0.619022155;61.90221549
Manhattan;Chelsea-Hudson Yards;1015000;27;160;26;W  26 ST;10001;160 W  26 ST;True;False;False;False;True;0.782410086;78.24100861
Manhattan;Hell's Kitchen;1025075;2;674;9;9 AVE;10036;674 9 AVE;True;False;False;False;True;0.768641788;76.86417883
Manhattan;Midtown South-Flatiron-Union Square;1016982;17;307;5;5 AVE;10016;307 5 AVE;True;False;False;False;True;0.913218746;91.32187463
Manhattan;Upper West Side-Lincoln Square;1028687;5;52;74;W  74 ST;10023;52 W  74 ST;True;True;True;False;False;0.457641013;45.76410131
Manhattan;Upper West Side-Lincoln Square;1030367;6;225;70;W  70 ST;10023;225 W  70 ST;True;False;True;False;True;0.642309817;64.23098165
Manhattan;Chelsea-Hudson Yards;1013027;4;328;15;W  15 ST;10011;328 W  15 ST;True;True;True;False;False;0.150499303;15.04993032
Manhattan;Midtown South-Flatiron-Union Square;1015035;6;147;26;W  26 ST;10001;147 W  26 ST;True;False;False;False;True;0.872437759;87.24377588
Manhattan;Upper West Side-Lincoln Square;1029758;4;;;;;;True;True;False;False;False;0.083349834;8.334983399
Manhattan;Midtown South-Flatiron-Union Square;1016747;4;350;PARK;PARK AVE S;10010;350 PARK AVE S;True;False;False;False;True;0.757268954;75.7268954
Manhattan;Upper West Side (Central);1031474;4;32;88;W  88 ST;10024;32 W  88 ST;True;True;True;False;True;0.101953884;10.19538844
Manhattan;Midtown-Times Square;1022659;5;142;46;W  46 ST;10036;142 W  46 ST;True;False;False;False;True;0.726671815;72.66718155
Manhattan;Upper West Side (Central);1031046;4;331;76;W  76 ST;10023;331 W  76 ST;True;True;False;False;False;0.101222912;10.12229123
Manhattan;Upper West Side (Central);1031377;16;20;86;W  86 ST;10024;20 W  86 ST;True;True;False;False;False;0.753761518;75.37615184
Manhattan;Upper West Side (Central);1031453;4.5;37;87;W  87 ST;10024;37 W  87 ST;True;True;True;False;False;0.057235603;5.723560272
Manhattan;Upper West Side (Central);1028775;5;24;76;W  76 ST;10023;24 W  76 ST;True;True;False;False;False;0.180903193;18.09031935
Manhattan;Midtown-Times Square;1017135;22;211;MADISON;MADISON AVE;10016;211 MADISON AVE;False;False;False;False;False;0.750325078;75.03250777
Manhattan;Midtown-Times Square;1024743;10;224;47;W  47 ST;10036;224 W  47 ST;True;False;False;False;True;0.850410768;85.04107678
Manhattan;Chelsea-Hudson Yards;1014164;3;258;24;W  24 ST;10011;258 W  24 ST;True;True;True;False;False;0.165489619;16.54896192
Manhattan;Upper West Side-Lincoln Square;1030343;5;122;AMSTERDAM;AMSTERDAM AVE;10023;122 AMSTERDAM AVE;True;True;False;False;False;0.540378958;54.03789579
Manhattan;Midtown-Times Square;1014456;14;237;37;W  37 ST;10018;237 W  37 ST;True;False;True;False;False;0.892588611;89.25886114
Manhattan;Upper West Side-Lincoln Square;1028173;6;;;;;;True;False;False;False;True;0.459959617;45.99596167
Manhattan;Midtown-Times Square;1022689;5;725;7;7 AVE;10019;725 7 AVE;False;False;False;False;False;0.777405895;77.74058949
Manhattan;Upper West Side-Lincoln Square;1030411;3;241;71;W  71 ST;10023;241 W  71 ST;True;True;True;False;False;0.106807705;10.68077051
Manhattan;Midtown-Times Square;1014465;14;246;38;W  38 ST;10018;246 W  38 ST;True;False;False;False;True;0.858982472;85.89824724
Manhattan;Upper West Side (Central);1031420;4;34;87;W  87 ST;10024;34 W  87 ST;True;True;False;False;False;0.08366908;8.366908039
Manhattan;Upper West Side (Central);1030838;6;241;75;W  75 ST;10023;241 W  75 ST;True;False;False;False;True;0.446600203;44.66002033
Manhattan;Upper West Side (Central);1030261;15;124;79;W  79 ST;10024;124 W  79 ST;True;False;False;False;True;0.609078577;60.90785774
Manhattan;Midtown South-Flatiron-Union Square;1014277;4;261;29;W  29 ST;10001;261 W  29 ST;True;False;False;True;True;0.198771231;19.87712313
Manhattan;Upper West Side (Central);1031097;5;315;77;W  77 ST;10024;315 W  77 ST;True;True;True;False;False;0.171875958;17.18759584
Manhattan;Midtown South-Flatiron-Union Square;1015454;4;138;5;5 AVE;10011;138 5 AVE;True;False;False;False;True;0.798321623;79.83216234
Manhattan;Chelsea-Hudson Yards;1013576;25;306;36;W  36 ST;10018;306 W  36 ST;True;False;False;False;True;0.750897575;75.08975752
Manhattan;Upper West Side (Central);1030217;4;116;78;W  78 ST;10024;116 W  78 ST;True;False;True;False;True;0.084614463;8.461446263
Manhattan;Midtown South-Flatiron-Union Square;1015463;5;;;;;;True;False;False;False;True;0.749241552;74.92415516
Manhattan;Midtown-Times Square;1016060;10;80;40;W  40 ST;10018;80 W  40 ST;True;True;False;False;False;0.834251404;83.42514045
Manhattan;Midtown South-Flatiron-Union Square;1015468;6;28;20;W  20 ST;10011;28 W  20 ST;True;False;False;False;True;0.845632469;84.5632469
Manhattan;Hell's Kitchen;1026852;5;408;56;W  56 ST;10019;408 W  56 ST;True;True;True;False;False;0.588778783;58.87787825
Manhattan;Upper West Side-Lincoln Square;1029959;14;160;73;W  73 ST;10023;160 W  73 ST;True;False;True;False;False;0.591330859;59.13308589
Manhattan;Hell's Kitchen;1025009;10;325;45;W  45 ST;10036;325 W  45 ST;True;False;False;False;True;0.621995223;62.19952227
Manhattan;Midtown-Times Square;1017207;6;;;;;;True;False;False;False;True;0.571553068;57.15530675
Manhattan;Hell's Kitchen;1025208;3;323;51;W  51 ST;10019;323 W  51 ST;True;True;True;False;False;0.723839099;72.38390994
Manhattan;Hell's Kitchen;1026514;5;468;47;W  47 ST;10036;468 W  47 ST;True;False;False;False;True;0.670555451;67.05554512
Manhattan;Upper West Side (Central);1028752;4;37;75;W  75 ST;10023;37 W  75 ST;True;True;True;False;False;0.158063255;15.80632555
Manhattan;Gramercy;1019503;5;211;14;E  14 ST;10003;211 E  14 ST;True;True;False;False;False;0.62556919;62.55691902
Manhattan;Midtown South-Flatiron-Union Square;1015861;6;43;33;W  33 ST;10001;43 W  33 ST;True;False;False;False;True;0.894454103;89.44541029
Manhattan;Chelsea-Hudson Yards;1013317;4;;;;;;True;True;True;False;False;0.081188563;8.118856291
Manhattan;Upper West Side (Central);1031708;3;51;95;W  95 ST;10025;51 W  95 ST;True;True;True;False;False;0.050552775;5.055277525
Manhattan;Midtown South-Flatiron-Union Square;1015599;5;17;24;W  24 ST;10010;17 W  24 ST;True;False;False;False;True;0.851856535;85.18565346
Manhattan;Midtown-Times Square;1022650;5;;;;;;True;False;False;False;True;0.658470626;65.84706264
Manhattan;Midtown-Times Square;1024753;4;261;47;W  47 ST;10036;261 W  47 ST;True;False;False;False;True;0.728360701;72.83607012
Manhattan;Midtown South-Flatiron-Union Square;1016176;12;250;PARK;PARK AVE S;10003;250 PARK AVE S;True;False;False;False;True;0.825498583;82.54985833
Manhattan;Upper West Side (Central);1031661;3;44;94;W  94 ST;10025;44 W  94 ST;True;True;True;False;False;0.133131672;13.31316724
Manhattan;Hell's Kitchen;1013004;3;406;40;W  40 ST;10018;406 W  40 ST;True;True;True;False;False;0.134340164;13.43401638
Manhattan;Hell's Kitchen;1026680;5;409;50;W  50 ST;10019;409 W  50 ST;True;True;True;False;False;0.199723344;19.97233443
Manhattan;Hell's Kitchen;1027100;3;601;45;W  45 ST;10036;601 W  45 ST;False;False;False;False;False;0.780384985;78.03849852
Manhattan;Hell's Kitchen;1027087;19;;;;;;True;False;False;True;False;0.705529811;70.55298112
Manhattan;Midtown South-Flatiron-Union Square;1016923;5;;;;;;True;False;True;False;False;0.69333694;69.33369399
Manhattan;Hell's Kitchen;1026659;4;726;10;10 AVE;10019;726 10 AVE;True;False;False;False;True;0.758542975;75.8542975
Manhattan;Midtown-Times Square;1023158;39;1285;OF THE AMERICAS;AVE OF THE AMERICAS;10019;1285 AVE OF THE AMERICAS;True;False;False;False;True;0.850171355;85.0171355
Manhattan;Hell's Kitchen;1025424;8;347;55;W  55 ST;10019;347 W  55 ST;True;False;True;False;False;0.498493214;49.84932138
Manhattan;Hell's Kitchen;1027041;5;;;;;;True;True;True;False;False;0.190310005;19.03100053
Manhattan;Chelsea-Hudson Yards;1012680;5;447;22;W  22 ST;10011;447 W  22 ST;True;False;True;False;True;0.116823713;11.68237126
Manhattan;Midtown-Times Square;1024713;5;235;44;W  44 ST;10036;235 W  44 ST;True;False;False;False;True;0.736445436;73.64454365
Manhattan;Upper West Side (Central);1031043;5;339;76;W  76 ST;10023;339 W  76 ST;True;True;True;False;False;0.136550998;13.65509977
Manhattan;Upper West Side-Lincoln Square;1030549;3;240;74;W  74 ST;10023;240 W  74 ST;True;True;False;False;False;0.145491229;14.54912295
Manhattan;Midtown South-Flatiron-Union Square;1015131;12;146;29;W  29 ST;10001;146 W  29 ST;True;False;False;False;True;0.835960296;83.59602959
Manhattan;Upper West Side (Central);1031680;3;8;95;W  95 ST;10025;8 W  95 ST;True;True;True;False;False;0.054634213;5.463421347
Manhattan;Chelsea-Hudson Yards;1012655;4;448;22;W  22 ST;10011;448 W  22 ST;True;True;False;False;False;0.095641469;9.564146871
Manhattan;Upper West Side (Central);1031710;3;45;95;W  95 ST;10025;45 W  95 ST;True;True;True;False;False;0.090700242;9.070024238
Manhattan;Hell's Kitchen;1026983;2;;;;;;True;False;False;True;True;0.680143523;68.01435227
Manhattan;Midtown-Times Square;1015233;8;152;36;W  36 ST;10018;152 W  36 ST;True;False;True;False;False;0.850695497;85.06954975
Manhattan;Chelsea-Hudson Yards;1012379;6;;;;;;True;False;False;False;True;0.803819644;80.38196437
Manhattan;Chelsea-Hudson Yards;1013214;3;327;19;W  19 ST;10011;327 W  19 ST;True;True;True;False;False;0.175762617;17.57626174
Manhattan;Upper West Side-Lincoln Square;1028536;4;54;70;W  70 ST;10023;54 W  70 ST;True;True;True;True;True;0.158693206;15.86932063
Manhattan;Midtown-Times Square;1022651;7;150;46;W  46 ST;10036;150 W  46 ST;True;False;False;False;True;0.827610882;82.76108821
Manhattan;Hell's Kitchen;1026812;7;445;54;W  54 ST;10019;445 W  54 ST;True;False;True;False;False;0.723898601;72.38986012
Manhattan;Gramercy;1020465;5;;;;;;True;True;False;False;False;0.145070985;14.50709855
Manhattan;Midtown South-Flatiron-Union Square;1015126;4;122;29;W  29 ST;10001;122 W  29 ST;True;False;True;False;True;0.772672849;77.26728493
Manhattan;Hell's Kitchen;1024960;1;610;9;9 AVE;10036;610 9 AVE;True;False;False;False;True;0.850879521;85.08795214
Manhattan;Chelsea-Hudson Yards;1014018;3;243;20;W  20 ST;10011;243 W  20 ST;True;True;False;False;False;0.433027162;43.30271623
Manhattan;Midtown-Times Square;1022610;33;1500;BROADWAY;BROADWAY;10036;1500 BROADWAY;True;False;False;True;True;0.850241065;85.02410648
Manhattan;Gramercy;1018142;5;360;3;3 AVE;10016;360 3 AVE;True;False;False;False;True;0.64624932;64.62493196
Manhattan;Upper West Side (Central);1030721;8;237;74;W  74 ST;10023;237 W  74 ST;True;True;False;False;False;0.364293192;36.42931917
Manhattan;Gramercy;1019523;7;147;3;3 AVE;10003;147 3 AVE;True;True;True;False;False;0.647473586;64.74735862
Manhattan;Chelsea-Hudson Yards;1013772;5;221;15;W  15 ST;10011;221 W  15 ST;True;True;True;False;False;0.216781911;21.6781911
Manhattan;Hell's Kitchen;1026656;5;452;50;W  50 ST;10019;452 W  50 ST;True;True;True;False;False;0.165845342;16.58453423
Manhattan;Upper West Side (Central);1028825;4;29;76;W  76 ST;10023;29 W  76 ST;True;True;True;False;False;0.151414078;15.14140782
Manhattan;Midtown South-Flatiron-Union Square;1014269;1;230;29;W  29 ST;10001;230 W  29 ST;True;False;False;False;True;0.419503321;41.95033212
Manhattan;Midtown South-Flatiron-Union Square;1017018;16;35;32;E  32 ST;10016;35 E  32 ST;True;False;False;False;False;0.790412514;79.04125143
Manhattan;Hell's Kitchen;1026844;6;;;;;;True;False;False;False;True;0.769829791;76.98297911
Manhattan;Upper West Side-Lincoln Square;1028478;4;66;69;W  69 ST;10023;66 W  69 ST;True;True;True;True;False;0.155891894;15.58918939
Manhattan;Midtown South-Flatiron-Union Square;1015381;4;33;16;W  16 ST;10011;33 W  16 ST;True;True;False;False;False;0.22532897;22.53289699
Manhattan;Midtown-Times Square;1015923;12;45;36;W  36 ST;10018;45 W  36 ST;True;False;False;False;True;0.823644963;82.36449632
Manhattan;Chelsea-Hudson Yards;1013746;6;236;15;W  15 ST;10011;236 W  15 ST;True;True;True;False;False;0.668985193;66.89851931
Manhattan;Midtown-Times Square;1024896;16;200;57;W  57 ST;10019;200 W  57 ST;True;False;False;False;True;0.853337422;85.33374225
Manhattan;Hell's Kitchen;1025011;17;301;45;W  45 ST;10036;301 W  45 ST;True;False;False;True;True;0.860243112;86.02431121
Manhattan;Midtown-Times Square;1015262;23;1385;BROADWAY;BROADWAY;10018;1385 BROADWAY;True;False;False;True;True;0.712897001;71.28970012
Manhattan;Upper West Side (Central);1030254;4;113;78;W  78 ST;10024;113 W  78 ST;True;True;True;False;True;0.10542568;10.54256803
Manhattan;Upper West Side-Lincoln Square;1028613;5;33;71;W  71 ST;10023;33 W  71 ST;True;False;False;False;True;0.117604978;11.76049782
Manhattan;Chelsea-Hudson Yards;1014587;5;126;17;W  17 ST;10011;126 W  17 ST;True;True;True;False;False;0.305225887;30.52258873
Manhattan;Midtown South-Flatiron-Union Square;1017086;5;;;;;;True;False;False;False;True;0.654590474;65.45904739
Manhattan;Chelsea-Hudson Yards;1012292;7;120;11;11 AVE;10011;120 11 AVE;True;True;False;False;False;0.767226398;76.72263979
Manhattan;Midtown South-Flatiron-Union Square;1016184;10;16;20;E  20 ST;10003;16 E  20 ST;True;False;False;False;True;0.782743407;78.27434071
Manhattan;Chelsea-Hudson Yards;1012671;5;475;22;W  22 ST;10011;475 W  22 ST;True;True;True;False;False;0.119976965;11.9976965
Manhattan;Midtown South-Flatiron-Union Square;1016289;5;;;;;;True;False;False;False;True;0.829004149;82.9004149
Manhattan;Upper West Side-Lincoln Square;1028537;4;62;70;W  70 ST;10023;62 W  70 ST;True;True;True;False;False;0.153524172;15.35241721
Manhattan;Midtown South-Flatiron-Union Square;1015516;4;666;OF THE AMERICAS;AVE OF THE AMERICAS;10010;666 AVE OF THE AMERICAS;True;False;False;False;True;0.599476718;59.94767181
Manhattan;Chelsea-Hudson Yards;1013766;4;;;;;;True;False;False;False;True;0.12596861;12.59686104
Manhattan;Upper West Side (Central);1030878;4;272;77;W  77 ST;10024;272 W  77 ST;True;True;True;False;False;0.103990649;10.39906493
Manhattan;Upper West Side (Central);1031346;4;;;;;;True;True;True;False;False;0.126440975;12.64409754
Manhattan;Midtown-Times Square;1015967;16;15;37;W  37 ST;10018;15 W  37 ST;True;False;False;False;True;0.852056291;85.20562911
Manhattan;Midtown South-Flatiron-Union Square;1015377;4;41;16;W  16 ST;10011;41 W  16 ST;True;True;True;False;False;0.149229203;14.92292026
Manhattan;Hell's Kitchen;1025419;11;340;55;W  55 ST;10019;340 W  55 ST;True;False;False;False;True;0.567143241;56.71432415
Manhattan;Upper West Side-Lincoln Square;1030346;21;168;AMSTERDAM;AMSTERDAM AVE;10023;168 AMSTERDAM AVE;True;False;False;True;True;0.898236352;89.82363516
Manhattan;Midtown South-Flatiron-Union Square;1015466;7;37;19;W  19 ST;10011;37 W  19 ST;True;False;False;False;True;0.660909584;66.09095842
Manhattan;Midtown-Times Square;1024749;4;1565;BROADWAY;BROADWAY;10036;1565 BROADWAY;False;False;False;False;False;0.73797337;73.79733703
Manhattan;Upper West Side (Central);1028736;6;58;75;W  75 ST;10023;58 W  75 ST;True;True;True;False;False;0.122324663;12.2324663
Manhattan;Chelsea-Hudson Yards;1013467;4;338;9;9 AVE;10001;338 9 AVE;True;True;False;False;False;0.716699628;71.66996282
Manhattan;Upper West Side (Central);1030918;4;;;;;;True;False;True;False;False;0.575568015;57.55680153
Manhattan;Chelsea-Hudson Yards;1013321;3;;;;;;True;True;True;False;False;0.047448212;4.744821243
Manhattan;Upper West Side-Lincoln Square;1028457;6;15;68;W  68 ST;10023;15 W  68 ST;True;True;False;True;False;0.136227836;13.6227836
Manhattan;Hell's Kitchen;1025039;5;664;9;9 AVE;10036;664 9 AVE;False;False;False;False;False;0.641267029;64.12670293
Manhattan;Upper West Side-Lincoln Square;1028662;4;19;73;W  73 ST;10023;19 W  73 ST;True;False;False;True;True;0.290341661;29.03416614
Manhattan;Upper West Side-Lincoln Square;1030375;3;214;71;W  71 ST;10023;214 W  71 ST;True;True;True;False;False;0.110695877;11.06958774
Manhattan;Midtown-Times Square;1024650;6;206;41;W  41 ST;10036;206 W  41 ST;True;False;False;False;True;0.516425314;51.6425314
Manhattan;Upper West Side (Central);1028757;4;25;75;W  75 ST;10023;25 W  75 ST;True;True;True;False;False;0.155169726;15.5169726
Manhattan;Upper West Side (Central);1031794;4;124;80;W  80 ST;10024;124 W  80 ST;True;True;True;False;False;0.164165677;16.4165677
Manhattan;Chelsea-Hudson Yards;1012690;5;423;22;W  22 ST;10011;423 W  22 ST;True;True;True;False;False;0.407661127;40.76611266
Manhattan;Upper West Side-Lincoln Square;1029782;4;112;71;W  71 ST;10023;112 W  71 ST;True;True;True;False;False;0.152116608;15.2116608
Manhattan;Upper West Side (Central);1031308;5;11;84;W  84 ST;10024;11 W  84 ST;True;True;False;False;False;0.119201256;11.92012557
Manhattan;Hell's Kitchen;1027163;4;782;12;12 AVE;10019;782 12 AVE;True;False;False;False;True;0.711371718;71.13717179
Manhattan;Chelsea-Hudson Yards;1014049;5;240;21;W  21 ST;10011;240 W  21 ST;True;True;True;False;False;0.176756892;17.67568917
Manhattan;Gramercy;1017797;4;127;15;E  15 ST;10003;127 E  15 ST;True;True;True;False;False;0.659202327;65.92023269
Manhattan;Chelsea-Hudson Yards;1012701;4;430;23;W  23 ST;10011;430 W  23 ST;True;True;False;False;False;0.173401891;17.34018912
Manhattan;Upper West Side (Central);1030273;3;117;78;W  78 ST;10024;117 W  78 ST;True;True;True;False;True;0.133268603;13.3268603
Manhattan;Hell's Kitchen;1026417;5;631;9;9 AVE;10036;631 9 AVE;True;True;False;False;False;0.648754019;64.87540189
Manhattan;Upper West Side-Lincoln Square;1028644;4;42;73;W  73 ST;10023;42 W  73 ST;True;True;False;False;False;0.161846188;16.18461875
Manhattan;Chelsea-Hudson Yards;1012856;28;461;34;W  34 ST;10001;461 W  34 ST;True;False;False;False;True;0.942184723;94.21847228
Manhattan;Upper West Side (Central);1030241;4;153;78;W  78 ST;10024;153 W  78 ST;True;True;False;False;False;0.147721645;14.77216448
Manhattan;Midtown South-Flatiron-Union Square;1015080;4;805;OF THE AMERICAS;AVE OF THE AMERICAS;10001;805 AVE OF THE AMERICAS;True;False;False;False;True;0.852404971;85.24049713
Manhattan;Midtown South-Flatiron-Union Square;1015145;12;115;29;W  29 ST;10001;115 W  29 ST;True;False;False;False;True;0.886997212;88.69972116
Manhattan;Upper West Side-Lincoln Square;1030024;4;;;;;;True;True;True;False;False;0.127056974;12.70569741
Manhattan;Upper West Side-Lincoln Square;1030955;5;339;71;W  71 ST;10023;339 W  71 ST;True;True;True;False;False;0.118773589;11.87735888
Manhattan;Gramercy;1017848;3;131;17;E  17 ST;10003;131 E  17 ST;True;True;True;False;False;0.209996074;20.99960741
Manhattan;Midtown South-Flatiron-Union Square;1016114;4;;;;;;True;True;False;False;False;0.114290648;11.4290648
Manhattan;Midtown South-Flatiron-Union Square;1016266;6;159;5;5 AVE;10010;159 5 AVE;True;False;False;False;True;0.681623675;68.16236754
Manhattan;Upper West Side-Lincoln Square;1029921;5;157;72;W  72 ST;10023;157 W  72 ST;True;False;False;False;True;0.649135958;64.91359582
Manhattan;Chelsea-Hudson Yards;1014206;4;248;26;W  26 ST;10001;248 W  26 ST;True;True;False;False;False;0.662315835;66.23158346
Manhattan;Midtown South-Flatiron-Union Square;1015829;5;28;32;W  32 ST;10001;28 W  32 ST;True;False;True;False;True;0.793788694;79.37886937
Manhattan;Midtown-Times Square;1016017;5;56;39;W  39 ST;10018;56 W  39 ST;True;False;True;False;False;0.771902741;77.19027408
Manhattan;Upper West Side (Central);1030204;4;119;77;W  77 ST;10024;119 W  77 ST;True;True;True;False;False;0.100589707;10.05897073
Manhattan;Gramercy;1020553;4;345;21;E  21 ST;10010;345 E  21 ST;True;False;False;True;True;0.722970874;72.29708737
Manhattan;Upper West Side-Lincoln Square;1030548;3;;;;;;True;True;False;False;False;0.067242599;6.724259859
Manhattan;Upper West Side (Central);1031444;5;;;;;;True;True;True;True;False;0.122534548;12.25345484
Manhattan;Midtown South-Flatiron-Union Square;1015462;5;53;19;W  19 ST;10011;53 W  19 ST;True;False;True;False;False;0.547857084;54.7857084
Manhattan;Upper West Side (Central);1031026;13;301;75;W  75 ST;10023;301 W  75 ST;True;False;True;False;False;0.582292946;58.22929456
Manhattan;Hell's Kitchen;1027033;5;520;50;W  50 ST;10019;520 W  50 ST;True;True;False;True;True;0.162930179;16.29301793
Manhattan;Hell's Kitchen;1026678;4;417;50;W  50 ST;10019;417 W  50 ST;True;True;True;False;False;0.17434155;17.43415495
Manhattan;Hell's Kitchen;1026458;6;404;46;W  46 ST;10036;404 W  46 ST;True;True;True;False;False;0.65065826;65.06582604
Manhattan;Upper West Side-Lincoln Square;1029646;4;107;69;W  69 ST;10023;107 W  69 ST;True;True;True;False;False;0.143712304;14.37123037
Manhattan;Midtown-Times Square;1016049;3;12;40;W  40 ST;10018;12 W  40 ST;False;False;False;False;False;0.320006557;32.0006557
Manhattan;Chelsea-Hudson Yards;1012895;5;456;37;W  37 ST;10018;456 W  37 ST;True;True;False;False;False;0.64964294;64.96429403
Manhattan;Chelsea-Hudson Yards;1013363;8;322;23;W  23 ST;10011;322 W  23 ST;True;False;False;False;True;0.810124657;81.01246571
Manhattan;Upper West Side (Central);1031502;4;43;88;W  88 ST;10024;43 W  88 ST;True;True;True;False;False;0.101392499;10.1392499
Manhattan;Chelsea-Hudson Yards;1012447;5;501;29;W  29 ST;10001;501 W  29 ST;True;False;False;False;True;0.636500143;63.65001428
Manhattan;Chelsea-Hudson Yards;1013532;3;405;8;8 AVE;10001;405 8 AVE;True;False;False;True;True;0.74578009;74.57800904
Manhattan;Hell's Kitchen;1025133;7;349;48;W  48 ST;10036;349 W  48 ST;True;False;True;False;True;0.359649568;35.96495677
Manhattan;Midtown-Times Square;1024909;20;1790;BROADWAY;BROADWAY;10019;1790 BROADWAY;True;False;False;False;True;0.618134628;61.81346283
Manhattan;Gramercy;1017806;5;140;16;E  16 ST;10003;140 E  16 ST;True;False;False;False;True;0.241947473;24.19474729
Manhattan;Chelsea-Hudson Yards;1012538;4;408;15;W  15 ST;10011;408 W  15 ST;False;False;False;False;False;0.853784309;85.37843089
Manhattan;Midtown South-Flatiron-Union Square;1016740;1;2;MADISON;MADISON AVE;10010;2 MADISON AVE;True;False;True;False;False;0.210411025;21.04110248
Manhattan;Upper West Side (Central);1030118;4;147;75;W  75 ST;10023;147 W  75 ST;True;True;True;False;False;0.160715596;16.07155961
Manhattan;Chelsea-Hudson Yards;1012788;3;453;24;W  24 ST;10011;453 W  24 ST;True;True;True;False;False;0.05314191;5.31419097
Manhattan;Upper West Side (Central);1031486;5;573;COLUMBUS;COLUMBUS AVE;10024;573 COLUMBUS AVE;True;False;True;False;False;0.598301205;59.83012047
Manhattan;Upper West Side (Central);1031767;4;108;80;W  80 ST;10024;108 W  80 ST;True;True;True;False;False;0.161241592;16.12415916
Manhattan;Upper West Side (Central);1031364;5;33;85;W  85 ST;10024;33 W  85 ST;True;True;True;False;False;0.169160893;16.91608926
Manhattan;Upper West Side-Lincoln Square;1030370;5;217;70;W  70 ST;10023;217 W  70 ST;True;True;True;False;False;0.110045129;11.00451291
Manhattan;Upper West Side (Central);1030179;9;125;76;W  76 ST;10023;125 W  76 ST;True;False;False;False;True;0.607099688;60.70996883
Manhattan;Midtown South-Flatiron-Union Square;1015844;17;39;32;W  32 ST;10001;39 W  32 ST;True;False;False;False;False;0.89171284;89.17128397
Manhattan;Upper West Side-Lincoln Square;1029918;2;;;;;;True;False;False;True;True;0.682944021;68.29440211
Manhattan;Upper West Side (Central);1028770;5.5;14;76;W  76 ST;10023;14 W  76 ST;True;True;True;False;False;0.368931578;36.89315783
Manhattan;Chelsea-Hudson Yards;1014000;4;;;;;;True;False;True;False;True;0.155393474;15.53934745
Manhattan;Chelsea-Hudson Yards;1014582;5;104;17;W  17 ST;10011;104 W  17 ST;True;True;False;True;True;0.572351398;57.23513979
Manhattan;Chelsea-Hudson Yards;1013098;3;331;18;W  18 ST;10011;331 W  18 ST;True;True;True;False;False;0.082810923;8.28109227
Manhattan;Gramercy;1018196;4;112;LEXINGTON;LEXINGTON AVE;10016;112 LEXINGTON AVE;True;True;False;False;False;0.695437851;69.54378508
Manhattan;Upper West Side (Central);1031660;4;38;94;W  94 ST;10025;38 W  94 ST;True;False;False;False;True;0.078342702;7.834270168
Manhattan;Gramercy;1018009;6;100;22;E  22 ST;10010;100 E  22 ST;True;False;False;False;True;0.862110681;86.2110681
Manhattan;Midtown-Times Square;1015274;33;120;39;W  39 ST;10018;120 W  39 ST;True;False;False;False;False;0.818780991;81.87809907
Manhattan;Gramercy;1017894;4;130;19;E  19 ST;10003;130 E  19 ST;True;True;True;False;False;0.133733383;13.37333829
Manhattan;Chelsea-Hudson Yards;1013750;6;256;15;W  15 ST;10011;256 W  15 ST;True;True;True;False;False;0.654800245;65.48002452
Manhattan;Midtown-Times Square;1024764;16;234;48;W  48 ST;10036;234 W  48 ST;True;False;False;False;True;0.823946298;82.39462978
Manhattan;Hell's Kitchen;1025152;5;324;49;W  49 ST;10019;324 W  49 ST;True;False;False;False;True;0.650543006;65.05430062
Manhattan;Upper West Side (Central);1031299;4;39;84;W  84 ST;10024;39 W  84 ST;True;True;True;False;False;0.097669584;9.766958371
Manhattan;Chelsea-Hudson Yards;1014774;6;100;22;W  22 ST;10011;100 W  22 ST;True;False;False;False;True;0.826324808;82.63248079
Manhattan;Midtown-Times Square;1015979;5;38;38;W  38 ST;10018;38 W  38 ST;True;False;False;False;False;0.844128354;84.4128354
Manhattan;Gramercy;1020552;3;341;21;E  21 ST;10010;341 E  21 ST;True;True;True;False;False;0.160912339;16.0912339
Manhattan;Chelsea-Hudson Yards;1012638;2;187;9;9 AVE;10011;187 9 AVE;True;False;False;False;True;0.687825073;68.78250726
Manhattan;Upper West Side-Lincoln Square;1029883;1;123;71;W  71 ST;10023;123 W  71 ST;True;True;True;False;False;0.244362634;24.43626344
Manhattan;Chelsea-Hudson Yards;1013562;18;440;9;9 AVE;10001;440 9 AVE;True;False;False;False;True;0.873472443;87.34724426
Manhattan;Midtown South-Flatiron-Union Square;1015719;5;45;28;W  28 ST;10001;45 W  28 ST;True;True;False;False;False;0.745168014;74.51680136
Manhattan;Upper West Side (Central);1031754;15;171;79;W  79 ST;10024;171 W  79 ST;True;True;False;True;True;0.725108176;72.51081757
Manhattan;Hell's Kitchen;1025426;3;337;55;W  55 ST;10019;337 W  55 ST;True;False;True;False;True;0.178470008;17.84700082
Manhattan;Midtown South-Flatiron-Union Square;1015617;12;11;25;W  25 ST;10010;11 W  25 ST;True;False;False;True;True;0.837513793;83.7513793
Manhattan;Chelsea-Hudson Yards;1012813;3;448;25;W  25 ST;10001;448 W  25 ST;True;False;True;False;False;0.182613225;18.2613225
Manhattan;Gramercy;1020429;17;301;17;E  17 ST;10003;301 E  17 ST;True;True;False;True;True;0.413883245;41.38832454
Manhattan;Upper West Side (Central);1031539;5;34;89;W  89 ST;10024;34 W  89 ST;True;True;False;False;False;0.151544356;15.15443561
Manhattan;Upper West Side (Central);1031783;9;150;80;W  80 ST;10024;150 W  80 ST;True;False;False;False;True;0.619875007;61.98750074
Manhattan;Upper West Side (Central);1030094;4;160;75;W  75 ST;10023;160 W  75 ST;True;True;True;False;False;0.1596472;15.96472001
Manhattan;Upper West Side (Central);1031074;4;310;77;W  77 ST;10024;310 W  77 ST;True;True;False;False;False;0.101415281;10.14152812
Manhattan;Upper West Side (Central);1030909;18;200;79;W  79 ST;10024;200 W  79 ST;True;False;False;False;True;0.890028145;89.00281453
Manhattan;Chelsea-Hudson Yards;1014575;6;125;16;W  16 ST;10011;125 W  16 ST;True;True;True;False;False;0.648140528;64.81405282
Manhattan;Upper West Side-Lincoln Square;1029937;6;260;COLUMBUS;COLUMBUS AVE;10023;260 COLUMBUS AVE;False;False;False;False;False;0.750888691;75.08886912
Manhattan;Upper West Side (Central);1031314;4;12;85;W  85 ST;10024;12 W  85 ST;True;True;True;False;False;0.148143645;14.81436454
Manhattan;Midtown South-Flatiron-Union Square;1016901;5;29;28;E  28 ST;10016;29 E  28 ST;False;False;False;False;False;0.270008077;27.00080765
Manhattan;Chelsea-Hudson Yards;1012854;16;;;;;;True;False;False;False;True;0.589171865;58.91718654
Manhattan;Hell's Kitchen;1026681;5;;;;;;True;True;True;False;False;0.162175213;16.21752125
Manhattan;Upper West Side-Lincoln Square;1028549;4;45;70;W  70 ST;10023;45 W  70 ST;True;True;True;True;True;0.09906472;9.906472037
Manhattan;Upper West Side-Lincoln Square;1029951;4;138;73;W  73 ST;10023;138 W  73 ST;True;True;True;False;False;0.08685775;8.685775039
Manhattan;Hell's Kitchen;1025403;6;824;9;9 AVE;10019;824 9 AVE;True;True;True;False;False;0.653998368;65.39983678
Manhattan;Hell's Kitchen;1026462;5;412;46;W  46 ST;10036;412 W  46 ST;True;True;False;False;False;0.22530417;22.53041704
Manhattan;Upper West Side (Central);1030836;6;245;75;W  75 ST;10023;245 W  75 ST;True;True;True;False;False;0.487881486;48.78814855
Manhattan;Upper West Side (Central);1030233;5;132;78;W  78 ST;10024;132 W  78 ST;True;True;True;False;False;0.10570374;10.57037403
Manhattan;Midtown-Times Square;1024809;4;832;8;8 AVE;10019;832 8 AVE;True;False;False;False;True;0.782144859;78.21448593
Manhattan;Gramercy;1019582;3;233;18;E  18 ST;10003;233 E  18 ST;True;True;True;False;False;0.075635967;7.563596709
Manhattan;Hell's Kitchen;1026474;6;646;10;10 AVE;10036;646 10 AVE;True;False;False;False;True;0.759571858;75.95718576
Manhattan;Chelsea-Hudson Yards;1015012;33;757;OF THE AMERICAS;AVE OF THE AMERICAS;10010;757 AVE OF THE AMERICAS;True;False;False;False;True;0.985356918;98.53569176
Manhattan;Hell's Kitchen;1026575;5;444;48;W  48 ST;10036;444 W  48 ST;True;False;False;False;True;0.536282367;53.6282367
Manhattan;Upper West Side (Central);1031367;5;23;85;W  85 ST;10024;23 W  85 ST;True;True;True;False;False;0.119713349;11.97133488
Manhattan;Chelsea-Hudson Yards;1014668;2;136;18;W  18 ST;10011;136 W  18 ST;True;False;False;False;True;0.426130485;42.61304848
Manhattan;Midtown-Times Square;1014443;3;223;36;W  36 ST;10018;223 W  36 ST;True;False;False;True;True;0.752129129;75.21291292
Manhattan;Gramercy;1017892;4;134;19;E  19 ST;10003;134 E  19 ST;True;True;False;True;True;0.144708062;14.47080621
Manhattan;Midtown South-Flatiron-Union Square;1017030;;14;33;E  33 ST;10016;14 E  33 ST;True;False;False;False;True;0.717882955;71.78829551
Manhattan;Upper West Side-Lincoln Square;1030014;9.5;105;73;W  73 ST;10023;105 W  73 ST;True;False;False;False;True;0.626650948;62.66509476
Manhattan;Midtown South-Flatiron-Union Square;1016150;3;45;18;E  18 ST;10003;45 E  18 ST;True;False;False;False;True;0.712280606;71.22806056
Manhattan;Chelsea-Hudson Yards;1013129;3;138;9;9 AVE;10011;138 9 AVE;True;False;True;False;False;0.644612509;64.46125094
Manhattan;Midtown South-Flatiron-Union Square;1014278;1;390;8;8 AVE;10001;390 8 AVE;True;False;False;False;True;0.785990357;78.59903574
Manhattan;Midtown-Times Square;1024808;11;830;8;8 AVE;10019;830 8 AVE;True;False;False;False;True;0.805371724;80.53717238
Manhattan;Gramercy;1019565;4;243;17;E  17 ST;10003;243 E  17 ST;True;True;True;False;False;0.133549064;13.35490642
Manhattan;Upper West Side (Central);1031150;4;64;82;W  82 ST;10024;64 W  82 ST;True;True;True;False;False;0.15479889;15.47988899
Manhattan;Upper West Side (Central);1030074;4;106;75;W  75 ST;10023;106 W  75 ST;True;True;True;False;False;0.160709694;16.07096941
Manhattan;Hell's Kitchen;1027120;5;605;47;W  47 ST;10036;605 W  47 ST;True;False;False;False;True;0.735783192;73.57831916
Manhattan;Upper West Side-Lincoln Square;1028628;4;;;;;;True;False;True;False;True;0.125997105;12.59971052
Manhattan;Upper West Side (Central);1028822;12.5;50;77;W  77 ST;10024;50 W  77 ST;True;True;False;False;False;0.669611035;66.96110354
Manhattan;Hell's Kitchen;1013643;20;307;38;W  38 ST;10018;307 W  38 ST;True;False;False;False;True;0.842598943;84.25989432
Manhattan;Chelsea-Hudson Yards;1013196;4;367;19;W  19 ST;10011;367 W  19 ST;True;True;True;False;False;0.158239822;15.82398222
Manhattan;Gramercy;1019781;7;;;;;;True;False;False;False;True;0.601334665;60.13346649
Manhattan;Gramercy;1019574;4;;;;;;True;True;True;False;False;0.473813583;47.38135832
Manhattan;Upper West Side (Central);1031692;3.5;40;95;W  95 ST;10025;40 W  95 ST;True;True;False;False;False;0.159330193;15.93301928
Manhattan;Midtown-Times Square;1023743;9;140;58;W  58 ST;10019;140 W  58 ST;True;False;True;False;False;0.834899572;83.48995722
Manhattan;Hell's Kitchen;1026615;6;424;49;W  49 ST;10019;424 W  49 ST;True;True;True;False;False;0.749642879;74.96428787
Manhattan;Chelsea-Hudson Yards;1013126;3;362;19;W  19 ST;10011;362 W  19 ST;True;False;True;False;True;0.173251816;17.32518162
Manhattan;Midtown-Times Square;1023760;42;153;58;W  58 ST;10019;153 W  58 ST;True;False;False;False;True;0.957544705;95.75447051
Manhattan;Hell's Kitchen;1026781;5;;;;;;True;False;False;False;True;0.595430943;59.54309426
Manhattan;Upper West Side-Lincoln Square;1030391;4;232;END;W  END AVE;10023;232 W  END AVE;True;True;True;False;False;0.271389259;27.13892591
Manhattan;Hell's Kitchen;1025013;4;308;46;W  46 ST;10036;308 W  46 ST;True;False;False;False;True;0.367027385;36.70273848
Manhattan;Midtown-Times Square;1022632;8;;;;;;True;False;False;False;True;0.45900457;45.90045697
Manhattan;Gramercy;1018195;4;110;LEXINGTON;LEXINGTON AVE;10016;110 LEXINGTON AVE;True;True;False;False;True;0.691200876;69.12008759
Manhattan;Upper West Side-Lincoln Square;1030023;4;;;;;;True;True;True;False;False;0.073097474;7.309747427
Manhattan;Midtown South-Flatiron-Union Square;1015178;4;135;31;W  31 ST;10001;135 W  31 ST;True;True;True;False;False;0.337702123;33.77021234
Manhattan;Chelsea-Hudson Yards;1014802;5;105;22;W  22 ST;10011;105 W  22 ST;True;False;False;False;True;0.706232894;70.62328941
Manhattan;Chelsea-Hudson Yards;1012719;4;;;;;;True;True;True;False;False;0.089166282;8.916628155
Manhattan;Hell's Kitchen;1026611;5;414;49;W  49 ST;10019;414 W  49 ST;True;True;True;True;False;0.213433318;21.34333181
Manhattan;Chelsea-Hudson Yards;1012639;2;189;9;9 AVE;10011;189 9 AVE;True;False;False;False;True;0.686622496;68.66224959
Manhattan;Upper West Side (Central);1031109;5;320;78;W  78 ST;10024;320 W  78 ST;True;True;True;True;False;0.137584466;13.75844662
Manhattan;Upper West Side-Lincoln Square;1028650;4;65;73;W  73 ST;10023;65 W  73 ST;True;True;False;False;False;0.482188228;48.21882284
Manhattan;Chelsea-Hudson Yards;1014552;3;;;;;;True;True;True;False;False;0.187202528;18.72025284
Manhattan;Upper West Side (Central);1030246;3;;;;;;True;True;True;False;False;0.090027191;9.002719075
Manhattan;Gramercy;1020452;3;320;18;E  18 ST;10003;320 E  18 ST;True;True;True;False;False;0.195642432;19.56424325
Manhattan;Midtown South-Flatiron-Union Square;1015496;12;;;;;;True;False;False;False;True;0.759529223;75.95292226
Manhattan;Upper West Side (Central);1031631;3;63;92;W  92 ST;10025;63 W  92 ST;True;True;True;False;False;0.076588152;7.658815209
Manhattan;Midtown-Times Square;1015975;12;28;38;W  38 ST;10018;28 W  38 ST;True;False;False;False;True;0.848899649;84.88996493
Manhattan;Midtown-Times Square;1015982;12;48;38;W  38 ST;10018;48 W  38 ST;True;False;False;False;True;0.824812848;82.48128482
Manhattan;Gramercy;1020431;5;321;17;E  17 ST;10003;321 E  17 ST;True;True;True;False;False;0.207787261;20.77872611
Manhattan;Gramercy;1020412;6;330;15;E  15 ST;10003;330 E  15 ST;True;True;True;False;False;0.240644195;24.0644195
Manhattan;Upper West Side (Central);1031423;4;;;;;;True;True;True;False;False;0.453491205;45.34912046
Manhattan;Gramercy;1020410;7;;;;;;True;False;False;False;True;0.478337518;47.83375175
Manhattan;Midtown South-Flatiron-Union Square;1016961;9;35;30;E  30 ST;10016;35 E  30 ST;True;False;True;False;True;0.626012365;62.60123654
Manhattan;Gramercy;1019614;10;237;20;E  20 ST;10003;237 E  20 ST;True;True;False;False;False;0.582916357;58.29163573
Manhattan;Upper West Side-Lincoln Square;1029774;4;;;;;;True;True;True;False;False;0.088529325;8.852932477
Manhattan;Chelsea-Hudson Yards;1014524;5;131;14;W  14 ST;10011;131 W  14 ST;True;False;False;False;True;0.766623772;76.6623772
Manhattan;Hell's Kitchen;1027181;;;;;;;True;False;False;False;True;0.974227577;97.42275765
Manhattan;Hell's Kitchen;1025003;5;644;9;9 AVE;10036;644 9 AVE;True;False;True;False;True;0.675984351;67.59843511
Manhattan;Chelsea-Hudson Yards;1014775;12;118;22;W  22 ST;10011;118 W  22 ST;True;False;False;False;True;0.84072914;84.07291397
Manhattan;Upper West Side (Central);1030237;4;163;78;W  78 ST;10024;163 W  78 ST;True;True;True;False;False;0.322751298;32.27512976
Manhattan;Hell's Kitchen;1027155;10;619;54;W  54 ST;10019;619 W  54 ST;True;False;False;True;True;0.835641015;83.56410145
Manhattan;Upper West Side-Lincoln Square;1030324;6;242;61;W  61 ST;10023;242 W  61 ST;True;False;True;True;True;0.538387628;53.83876285
Manhattan;Midtown-Times Square;1015959;5;47;37;W  37 ST;10018;47 W  37 ST;True;False;False;False;True;0.752433514;75.24335145
Manhattan;Midtown-Times Square;1024818;22;1656;BROADWAY;BROADWAY;10019;1656 BROADWAY;True;False;False;False;True;0.796121469;79.61214695
Manhattan;Midtown-Times Square;1023718;6;165;57;W  57 ST;10019;165 W  57 ST;True;False;True;False;True;0.627934424;62.79344244
Manhattan;Chelsea-Hudson Yards;1013085;6;350;18;W  18 ST;10011;350 W  18 ST;True;False;True;False;False;0.17291892;17.29189202
Manhattan;Midtown-Times Square;1014406;3;211;34;W  34 ST;10001;211 W  34 ST;True;False;False;False;True;0.772346672;77.23466724
Manhattan;Upper West Side (Central);1030097;3;;;;;;True;True;True;False;False;0.558684602;55.86846025
Manhattan;Upper West Side-Lincoln Square;1028676;5;22;74;W  74 ST;10023;22 W  74 ST;True;True;True;False;False;0.132459628;13.24596281
Manhattan;Upper West Side-Lincoln Square;1028944;9;110;69;W  69 ST;10023;110 W  69 ST;True;False;False;False;True;0.588496506;58.84965057
Manhattan;Midtown South-Flatiron-Union Square;1015047;12;104;27;W  27 ST;10001;104 W  27 ST;False;False;False;False;False;0.882903622;88.29036224
Manhattan;Midtown South-Flatiron-Union Square;1014236;6;200;27;W  27 ST;10001;200 W  27 ST;True;False;False;False;False;0.675142617;67.51426171
Manhattan;Chelsea-Hudson Yards;1013459;1;331;25;W  25 ST;10001;331 W  25 ST;True;False;True;False;False;0.286937671;28.69376711
Manhattan;Chelsea-Hudson Yards;1014716;5;135;18;W  18 ST;10011;135 W  18 ST;True;False;False;False;True;0.814958319;81.49583192
Manhattan;Hell's Kitchen;1025450;50;322;57;W  57 ST;10019;322 W  57 ST;True;False;False;False;True;0.974117001;97.41170015
Manhattan;Midtown-Times Square;1024820;5;250;52;W  52 ST;10019;250 W  52 ST;False;False;False;False;False;0.732140228;73.21402278
Manhattan;Hell's Kitchen;1025010;6;305;45;W  45 ST;10036;305 W  45 ST;True;True;True;False;False;0.517377981;51.73779807
Manhattan;Midtown South-Flatiron-Union Square;1014348;1;414;8;8 AVE;10001;414 8 AVE;True;False;False;False;True;0.767082452;76.70824518
Manhattan;Hell's Kitchen;1026947;5;530;46;W  46 ST;10036;530 W  46 ST;True;False;False;False;True;0.224541197;22.45411973
Manhattan;Midtown South-Flatiron-Union Square;1016994;12;38;32;E  32 ST;10016;38 E  32 ST;True;False;False;False;True;0.839135436;83.91354359
Manhattan;Hell's Kitchen;1025043;3;;;;;;True;True;True;False;False;0.633478997;63.34789974
Manhattan;Hell's Kitchen;1026612;5;416;49;W  49 ST;10019;416 W  49 ST;True;False;False;False;True;0.200969972;20.09699724
Manhattan;Chelsea-Hudson Yards;1013213;3;329;19;W  19 ST;10011;329 W  19 ST;True;True;True;False;False;0.141263119;14.12631189
Manhattan;Upper West Side (Central);1031418;4;30;87;W  87 ST;10024;30 W  87 ST;True;True;False;True;True;0.148087197;14.80871966
Manhattan;Upper West Side (Central);1028762;5;7;75;W  75 ST;10023;7 W  75 ST;True;True;True;False;False;0.117895392;11.78953922
Manhattan;Upper West Side (Central);1030125;4;129;75;W  75 ST;10023;129 W  75 ST;True;True;True;False;False;0.164532113;16.45321131
Manhattan;Midtown South-Flatiron-Union Square;1015635;5;35;26;W  26 ST;10010;35 W  26 ST;True;False;False;False;True;0.690178844;69.01788438
Manhattan;Gramercy;1020503;4;322;19;E  19 ST;10003;322 E  19 ST;True;True;True;False;False;0.179403704;17.94037037
Manhattan;Chelsea-Hudson Yards;1014556;6;123;15;W  15 ST;10011;123 W  15 ST;True;True;True;False;False;0.220110433;22.01104329
Manhattan;Midtown-Times Square;1024883;3;236;56;W  56 ST;10019;236 W  56 ST;True;False;False;False;True;0.778259813;77.82598125
Manhattan;Chelsea-Hudson Yards;1014124;4;205;22;W  22 ST;10011;205 W  22 ST;True;True;True;False;False;0.175990163;17.59901626
Manhattan;Hell's Kitchen;1025136;4;337;48;W  48 ST;10036;337 W  48 ST;True;False;True;False;False;0.197687424;19.76874243
Manhattan;Gramercy;1018141;5;155;26;E  26 ST;10010;155 E  26 ST;True;True;False;False;False;0.638635964;63.86359645
Manhattan;Chelsea-Hudson Yards;1014594;5;148;17;W  17 ST;10011;148 W  17 ST;False;False;False;False;False;0.66321137;66.32113695
Manhattan;Chelsea-Hudson Yards;1012335;15;520;23;W  23 ST;10011;520 W  23 ST;True;False;False;False;True;0.820283745;82.02837447
Manhattan;Upper West Side (Central);1031003;4;;;;;;True;True;True;False;False;0.104901564;10.49015641
Manhattan;Hell's Kitchen;1025196;5;361;51;W  51 ST;10019;361 W  51 ST;True;True;True;False;False;0.204406028;20.44060282
Manhattan;Hell's Kitchen;1027057;38;538;55;W  55 ST;10019;538 W  55 ST;True;False;True;False;True;0.958641587;95.86415868
Manhattan;Midtown-Times Square;1017121;17;7;35;E  35 ST;10016;7 E  35 ST;True;False;False;False;True;0.85281057;85.28105704
Manhattan;Upper West Side-Lincoln Square;1028254;4;68;68;W  68 ST;10023;68 W  68 ST;True;True;False;False;False;0.106707989;10.67079887
Manhattan;Gramercy;1019613;9;230;21;E  21 ST;10010;230 E  21 ST;False;False;False;False;False;0.639442465;63.94424648
Manhattan;Chelsea-Hudson Yards;1013718;4;;;;;;True;True;False;False;False;0.571290116;57.12901159
Manhattan;Midtown South-Flatiron-Union Square;1015500;9;160;5;5 AVE;10010;160 5 AVE;True;False;False;True;True;0.711540055;71.15400548
Manhattan;Hell's Kitchen;1025097;5;311;47;W  47 ST;10036;311 W  47 ST;True;True;True;False;False;0.215071617;21.50716173
Manhattan;Chelsea-Hudson Yards;1013767;4;231;15;W  15 ST;10011;231 W  15 ST;True;True;True;False;False;0.194166644;19.41666437
Manhattan;Upper West Side (Central);1030057;4;139;74;W  74 ST;10023;139 W  74 ST;True;True;True;True;True;0.16280822;16.28082195
Manhattan;Chelsea-Hudson Yards;1014989;12;130;25;W  25 ST;10001;130 W  25 ST;True;False;False;False;True;0.86487954;86.48795403
Manhattan;Midtown South-Flatiron-Union Square;1015573;4;24;23;W  23 ST;10010;24 W  23 ST;True;False;False;False;True;0.778620505;77.86205046
Manhattan;Upper West Side (Central);1030269;3;147;78;W  78 ST;10024;147 W  78 ST;True;True;True;False;False;0.148382977;14.83829768
Manhattan;Midtown-Times Square;1024783;5;230;49;W  49 ST;10019;230 W  49 ST;True;False;False;False;True;0.749341087;74.9341087
Manhattan;Hell's Kitchen;1025126;5;704;9;9 AVE;10019;704 9 AVE;True;False;False;False;True;0.635749464;63.57494637
Manhattan;Chelsea-Hudson Yards;1013561;42;16;PENN;PENN PLZ;10001;16 PENN PLZ;False;False;False;False;False;0.955340679;95.53406794
Manhattan;Chelsea-Hudson Yards;1014721;7;140;19;W  19 ST;10011;140 W  19 ST;True;False;False;False;True;0.813443397;81.34433973
Manhattan;Upper West Side (Central);1028700;4;43;74;W  74 ST;10023;43 W  74 ST;True;True;True;False;False;0.10822536;10.82253603
Manhattan;Hell's Kitchen;1026800;3;426;55;W  55 ST;10019;426 W  55 ST;True;False;False;True;True;0.659231584;65.92315842
Manhattan;Midtown South-Flatiron-Union Square;1016255;5;34;22;E  22 ST;10010;34 E  22 ST;True;False;True;False;True;0.269302132;26.93021321
Manhattan;Hell's Kitchen;1026663;4;456;50;W  50 ST;10019;456 W  50 ST;True;True;True;False;False;0.15667429;15.66742896
Manhattan;Gramercy;1020489;4;315;1;1 AVE;10003;315 1 AVE;True;False;False;False;True;0.731043925;73.1043925
Manhattan;Chelsea-Hudson Yards;1012675;4;;;;;;True;True;True;False;False;0.124520967;12.45209666
Manhattan;Midtown-Times Square;1014447;3;220;37;W  37 ST;10018;220 W  37 ST;True;False;False;False;True;0.805938414;80.5938414
Manhattan;Gramercy;1020548;6;325;21;E  21 ST;10010;325 E  21 ST;True;True;False;False;False;0.787502392;78.75023923
Manhattan;Chelsea-Hudson Yards;1013820;8;;;;;;True;False;False;False;True;0.824082092;82.40820919
Manhattan;Midtown South-Flatiron-Union Square;1015378;5;39;16;W  16 ST;10011;39 W  16 ST;True;True;True;False;False;0.22214446;22.21444604
Manhattan;Hell's Kitchen;1027029;7;525;49;W  49 ST;10019;525 W  49 ST;True;True;True;False;False;0.716539462;71.65394624
Manhattan;Upper West Side-Lincoln Square;1030380;4;242;71;W  71 ST;10023;242 W  71 ST;True;True;False;False;False;0.124165743;12.41657427
Manhattan;Gramercy;1020478;4;329;18;E  18 ST;10003;329 E  18 ST;True;True;True;False;False;0.695321495;69.53214946
Manhattan;Upper West Side-Lincoln Square;1028497;4;41;69;W  69 ST;10023;41 W  69 ST;True;True;False;True;False;0.148944962;14.89449615
Manhattan;Chelsea-Hudson Yards;1013018;4;319;14;W  14 ST;10014;319 W  14 ST;True;True;False;False;False;0.152703193;15.27031934
Manhattan;Chelsea-Hudson Yards;1012572;11;455;19;W  19 ST;10011;455 W  19 ST;True;False;False;False;True;0.924657134;92.4657134
Manhattan;Midtown South-Flatiron-Union Square;1014276;5;370;8;8 AVE;10001;370 8 AVE;True;True;False;False;False;0.588641966;58.86419664
Manhattan;Chelsea-Hudson Yards;1012820;5;462;25;W  25 ST;10001;462 W  25 ST;True;False;False;False;True;0.174665208;17.46652082
Manhattan;Midtown-Times Square;1017204;4;29;37;E  37 ST;10016;29 E  37 ST;True;True;True;False;False;0.460125707;46.01257066
Manhattan;Midtown-Times Square;1024877;26;1740;BROADWAY;BROADWAY;10019;1740 BROADWAY;True;False;False;False;True;0.745397108;74.53971081
Manhattan;Hell's Kitchen;1024989;5;339;44;W  44 ST;10036;339 W  44 ST;True;False;False;False;True;0.657072589;65.70725889
Manhattan;Gramercy;1020404;2;245;1;1 AVE;10003;245 1 AVE;True;False;False;False;True;0.838662343;83.86623427
Manhattan;Chelsea-Hudson Yards;1014568;4;144;16;W  16 ST;10011;144 W  16 ST;True;True;True;True;False;0.1861312;18.61312001
Manhattan;Upper West Side-Lincoln Square;1030025;4;;;;;;True;True;True;False;False;0.120934312;12.09343119
Manhattan;Upper West Side-Lincoln Square;1030041;4;110;74;W  74 ST;10023;110 W  74 ST;True;True;True;False;False;0.493446893;49.34468935
Manhattan;Chelsea-Hudson Yards;1012354;4;225;10;10 AVE;10011;225 10 AVE;True;False;False;False;True;0.719152926;71.91529255
Manhattan;Upper West Side-Lincoln Square;1028576;4;42;71;W  71 ST;10023;42 W  71 ST;True;True;True;False;False;0.11136644;11.13664402
Manhattan;Gramercy;1020509;4;324;2;2 AVE;10003;324 2 AVE;True;False;False;True;True;0.221649063;22.1649063
Manhattan;Upper West Side-Lincoln Square;1028512;4;;;;;;True;True;True;False;False;0.129102289;12.91022886
Manhattan;Chelsea-Hudson Yards;1013601;15;320;37;W  37 ST;10018;320 W  37 ST;True;False;False;False;True;0.866374044;86.63740437
Manhattan;Hell's Kitchen;1026508;5;440;47;W  47 ST;10036;440 W  47 ST;True;True;True;False;False;0.504359545;50.43595447
Manhattan;Midtown South-Flatiron-Union Square;1017020;12;;;;;;True;False;False;False;True;0.801108772;80.11087723
Manhattan;Upper West Side-Lincoln Square;1028632;16.5;;;;;;True;False;False;False;True;0.663143361;66.31433607
Manhattan;Midtown-Times Square;1024712;5;245;44;W  44 ST;10036;245 W  44 ST;True;False;False;False;True;0.749893602;74.98936019
Manhattan;Upper West Side (Central);1030197;3;;;;;;True;True;True;False;False;0.124615299;12.46152991
Manhattan;Chelsea-Hudson Yards;1013260;5;315;20;W  20 ST;10011;315 W  20 ST;True;False;False;False;True;0.503225038;50.32250384
Manhattan;Chelsea-Hudson Yards;1014085;4;232;22;W  22 ST;10011;232 W  22 ST;True;True;True;False;False;0.207298409;20.72984095
Manhattan;Chelsea-Hudson Yards;1014122;4;209;22;W  22 ST;10011;209 W  22 ST;True;True;True;True;False;0.139460371;13.94603706
Manhattan;Upper West Side-Lincoln Square;1030962;5;311;71;W  71 ST;10023;311 W  71 ST;True;True;False;False;False;0.133621974;13.36219737
Manhattan;Hell's Kitchen;1013637;12;339;38;W  38 ST;10018;339 W  38 ST;True;False;False;False;True;0.884601179;88.46011792
Manhattan;Midtown South-Flatiron-Union Square;1015727;5;1178;BROADWAY;BROADWAY;10001;1178 BROADWAY;True;False;False;True;True;0.822708024;82.27080235
Manhattan;Upper West Side (Central);1031334;5;;;;;;True;True;False;False;False;0.152476961;15.24769607
Manhattan;Upper West Side-Lincoln Square;1029771;4;126;71;W  71 ST;10023;126 W  71 ST;True;True;True;False;False;0.142708082;14.27080818
Manhattan;Upper West Side (Central);1031002;5;313;74;W  74 ST;10023;313 W  74 ST;True;True;False;False;False;0.122616391;12.2616391
Manhattan;Hell's Kitchen;1013678;5;532;9;9 AVE;10018;532 9 AVE;True;False;True;False;False;0.642413145;64.24131446
Manhattan;Chelsea-Hudson Yards;1014671;8;154;18;W  18 ST;10011;154 W  18 ST;True;False;False;False;True;0.791993986;79.1993986
Manhattan;Chelsea-Hudson Yards;1013097;4;333;18;W  18 ST;10011;333 W  18 ST;True;True;True;False;False;0.120816703;12.08167029
Manhattan;Midtown-Times Square;1022630;4;111;44;W  44 ST;10036;111 W  44 ST;True;False;False;False;True;0.693618337;69.3618337
Manhattan;Chelsea-Hudson Yards;1012587;3.5;414;20;W  20 ST;10011;414 W  20 ST;True;True;True;False;False;0.099199854;9.919985358
Manhattan;Hell's Kitchen;1025257;6;871;8;8 AVE;10019;871 8 AVE;True;False;False;False;True;0.766504333;76.65043329
Manhattan;Midtown South-Flatiron-Union Square;1014335;3;263;30;W  30 ST;10001;263 W  30 ST;True;False;False;True;True;0.75013785;75.01378504
Manhattan;Chelsea-Hudson Yards;1012349;10;521;23;W  23 ST;10011;521 W  23 ST;True;False;False;False;True;0.83942756;83.94275601
Manhattan;Hell's Kitchen;1025221;5;366;52;W  52 ST;10019;366 W  52 ST;False;False;False;False;False;0.637327331;63.73273306
Manhattan;Midtown South-Flatiron-Union Square;1015598;12;19;24;W  24 ST;10010;19 W  24 ST;True;False;False;False;True;0.865661847;86.56618467
Manhattan;Hell's Kitchen;1024955;4;;;;;;True;False;False;False;True;0.706866898;70.68668981
Manhattan;Gramercy;1017810;5;132;16;E  16 ST;10003;132 E  16 ST;True;True;True;True;False;0.233951285;23.39512848
Manhattan;Upper West Side (Central);1031212;4;64;83;W  83 ST;10024;64 W  83 ST;True;True;True;False;False;0.082615348;8.261534817
Manhattan;Gramercy;1019530;4;206;16;E  16 ST;10003;206 E  16 ST;True;True;True;True;False;0.136519615;13.65196149
Manhattan;Chelsea-Hudson Yards;1014666;2;130;18;W  18 ST;10011;130 W  18 ST;True;False;False;True;True;0.473897347;47.38973473
Manhattan;Upper West Side-Lincoln Square;1028568;5;22;71;W  71 ST;10023;22 W  71 ST;True;True;True;False;False;0.166675352;16.66753523
Manhattan;Midtown South-Flatiron-Union Square;1015417;4;13;17;W  17 ST;10011;13 W  17 ST;True;False;False;False;True;0.592761448;59.27614482
Manhattan;Gramercy;1018150;4;;;;;;True;True;True;False;False;0.726759031;72.67590311
Manhattan;Chelsea-Hudson Yards;1013995;5;234;20;W  20 ST;10011;234 W  20 ST;True;True;True;False;False;0.234319751;23.43197509
Manhattan;Hell's Kitchen;1026502;5;426;47;W  47 ST;10036;426 W  47 ST;True;True;True;False;False;0.21719228;21.71922797
Manhattan;Midtown-Times Square;1023393;9;105;55;W  55 ST;10019;105 W  55 ST;True;False;True;False;True;0.836579045;83.65790448
Manhattan;Chelsea-Hudson Yards;1013751;6;;;;;;True;True;True;False;False;0.594463429;59.44634292
Manhattan;Upper West Side-Lincoln Square;1028258;4;24;68;W  68 ST;10023;24 W  68 ST;True;True;True;False;False;0.164696691;16.46966913
Manhattan;Midtown-Times Square;1022574;5;141;41;W  41 ST;10036;141 W  41 ST;True;False;False;False;True;0.83334984;83.33498396
Manhattan;Hell's Kitchen;1026607;5;717;9;9 AVE;10019;717 9 AVE;True;False;False;False;True;0.202324259;20.23242586
Manhattan;Upper West Side (Central);1031016;5;25;RIVERSIDE;RIVERSIDE DR;10023;25 RIVERSIDE DR;True;True;True;False;False;0.130910838;13.09108382
Manhattan;Upper West Side (Central);1031438;4;38;87;W  87 ST;10024;38 W  87 ST;True;True;True;False;False;0.103692979;10.36929793
Manhattan;Gramercy;1020513;5;320;20;E  20 ST;10003;320 E  20 ST;True;False;False;False;True;0.530914344;53.09143442
Manhattan;Gramercy;1020473;6;317;18;E  18 ST;10003;317 E  18 ST;True;True;True;False;False;0.586621039;58.66210385
Manhattan;Upper West Side-Lincoln Square;1030935;3;316;71;W  71 ST;10023;316 W  71 ST;True;True;False;False;False;0.158802865;15.88028651
Manhattan;Hell's Kitchen;1025002;5;359;45;W  45 ST;10036;359 W  45 ST;True;False;True;False;False;0.666774429;66.67744295
Manhattan;Upper West Side (Central);1031556;4;37;89;W  89 ST;10024;37 W  89 ST;True;True;False;False;False;0.1385276;13.85275996
Manhattan;Chelsea-Hudson Yards;1014990;7;134;25;W  25 ST;10001;134 W  25 ST;True;False;False;False;True;0.853264139;85.32641386
Manhattan;Upper West Side (Central);1031615;4;62;91;W  91 ST;10024;62 W  91 ST;True;True;True;False;False;0.078323202;7.832320174
Manhattan;Gramercy;1018167;5;;;;;;True;False;False;False;True;0.65667856;65.66785602
Manhattan;Hell's Kitchen;1025389;4;800;9;9 AVE;10019;800 9 AVE;True;False;False;True;True;0.620210886;62.02108856
Manhattan;Hell's Kitchen;1025121;5;;;;;;True;False;False;False;True;0.601608705;60.16087048
Manhattan;Upper West Side-Lincoln Square;1029750;5;133;70;W  70 ST;10023;133 W  70 ST;True;False;True;False;False;0.216116584;21.61165841
Manhattan;Midtown South-Flatiron-Union Square;1015866;6;44;34;W  34 ST;10001;44 W  34 ST;True;False;False;False;True;0.877242429;87.72424287
Manhattan;Hell's Kitchen;1025047;3;349;46;W  46 ST;10036;349 W  46 ST;True;False;False;False;True;0.236102516;23.61025161
Manhattan;Chelsea-Hudson Yards;1013105;4;161;8;8 AVE;10011;161 8 AVE;True;False;False;False;True;0.707282374;70.72823739
Manhattan;Midtown South-Flatiron-Union Square;1015051;12;;;;;;True;False;False;False;True;0.793552817;79.35528172
Manhattan;Midtown South-Flatiron-Union Square;1015452;5;134;5;5 AVE;10011;134 5 AVE;True;False;False;False;True;0.81903526;81.90352597
Manhattan;Upper West Side-Lincoln Square;1029900;5;162;72;W  72 ST;10023;162 W  72 ST;True;False;False;False;True;0.828618839;82.86188391
Manhattan;Midtown South-Flatiron-Union Square;1015149;4;122;30;W  30 ST;10001;122 W  30 ST;True;False;True;False;False;0.83164892;83.16489195
Manhattan;Midtown South-Flatiron-Union Square;1015793;12;12;31;W  31 ST;10001;12 W  31 ST;True;False;True;True;True;0.843659253;84.36592534
Manhattan;Midtown South-Flatiron-Union Square;1015041;5;107;26;W  26 ST;10001;107 W  26 ST;True;True;False;False;False;0.761585661;76.15856609
Manhattan;Hell's Kitchen;1025032;3;322;46;W  46 ST;10036;322 W  46 ST;True;False;False;True;True;0.697023931;69.70239314
Manhattan;Upper West Side (Central);1031577;4;;;;;;True;False;False;False;True;0.083621363;8.362136336
Manhattan;Hell's Kitchen;1026662;4;;;;;;True;True;True;False;False;0.132487001;13.24870013
Manhattan;Upper West Side (Central);1030127;4;123;75;W  75 ST;10023;123 W  75 ST;True;True;True;False;False;0.164355069;16.43550694
Manhattan;Upper West Side (Central);1030228;4;121;77;W  77 ST;10024;121 W  77 ST;True;True;True;False;False;0.100230052;10.02300522
Manhattan;Hell's Kitchen;1025179;5;316;51;W  51 ST;10019;316 W  51 ST;True;True;True;False;False;0.211851673;21.1851673
Manhattan;Chelsea-Hudson Yards;1014987;5;124;25;W  25 ST;10001;124 W  25 ST;True;False;False;False;True;0.214092293;21.40922934
Manhattan;Midtown South-Flatiron-Union Square;1015421;15;126;5;5 AVE;10011;126 5 AVE;True;False;False;False;True;0.836540139;83.65401387
Manhattan;Upper West Side (Central);1030229;4;113;77;W  77 ST;10024;113 W  77 ST;True;True;True;False;False;0.100692035;10.06920347
Manhattan;Midtown-Times Square;1015899;8;384;5;5 AVE;10018;384 5 AVE;True;False;False;False;True;0.802087473;80.20874726
Manhattan;Chelsea-Hudson Yards;1013310;5;231;8;8 AVE;10011;231 8 AVE;True;False;False;False;True;0.753949762;75.39497615
Manhattan;Midtown South-Flatiron-Union Square;1015515;4;668;OF THE AMERICAS;AVE OF THE AMERICAS;10010;668 AVE OF THE AMERICAS;True;False;False;False;True;0.664756427;66.47564272
Manhattan;Chelsea-Hudson Yards;1013508;3;364;30;W  30 ST;10001;364 W  30 ST;True;True;True;False;False;0.135656283;13.56562826
Manhattan;Midtown-Times Square;1014477;4;243;38;W  38 ST;10018;243 W  38 ST;True;False;False;False;True;0.793419009;79.34190088
Manhattan;Upper West Side (Central);1031744;3;;;;;;True;True;False;False;False;0.079489328;7.948932774
Manhattan;Hell's Kitchen;1027138;2;625;51;W  51 ST;10019;625 W  51 ST;True;False;False;False;True;0.742763814;74.27638144
Manhattan;Midtown South-Flatiron-Union Square;1015144;5;125;29;W  29 ST;10001;125 W  29 ST;True;False;False;False;True;0.85360548;85.36054805
Manhattan;Upper West Side-Lincoln Square;1030978;5;307;71;W  71 ST;10023;307 W  71 ST;True;True;False;False;False;0.136044879;13.60448788
Manhattan;Midtown South-Flatiron-Union Square;1014234;7;;;;;;True;False;False;False;True;0.569133571;56.91335706
Manhattan;Gramercy;1020416;6;240;2;2 AVE;10003;240 2 AVE;True;True;True;True;True;0.490507661;49.05076609
Manhattan;Hell's Kitchen;1012998;4;;;;;;True;False;True;False;True;0.644339879;64.43398793
Manhattan;Hell's Kitchen;1025122;5;359;47;W  47 ST;10036;359 W  47 ST;True;True;True;False;False;0.418953217;41.89532169
Manhattan;Upper West Side-Lincoln Square;1028582;4;56;71;W  71 ST;10023;56 W  71 ST;True;True;True;False;False;0.438963671;43.8963671
Manhattan;Upper West Side (Central);1030224;4;136;78;W  78 ST;10024;136 W  78 ST;True;True;True;False;False;0.102306083;10.23060825
Manhattan;Midtown South-Flatiron-Union Square;1015153;3;160;30;W  30 ST;10001;160 W  30 ST;True;False;True;False;False;0.734122491;73.41224912
Manhattan;Hell's Kitchen;1025206;3;331;51;W  51 ST;10019;331 W  51 ST;True;True;True;False;False;0.710989795;71.0989795
Manhattan;Midtown South-Flatiron-Union Square;1015038;24;125;26;W  26 ST;10001;125 W  26 ST;True;False;True;False;True;0.929377835;92.93778354
Manhattan;Upper West Side (Central);1031531;4;60;89;W  89 ST;10024;60 W  89 ST;True;True;True;False;False;0.136444072;13.64440715
Manhattan;Midtown South-Flatiron-Union Square;1015761;;11;29;W  29 ST;10001;11 W  29 ST;True;False;True;False;False;0.365175156;36.51751555
Manhattan;Chelsea-Hudson Yards;1012299;8;510;21;W  21 ST;10011;510 W  21 ST;True;False;False;True;True;0.790228371;79.02283709
Manhattan;Upper West Side (Central);1028730;4;42;75;W  75 ST;10023;42 W  75 ST;True;True;True;True;False;0.155675455;15.56754545
Manhattan;Hell's Kitchen;1026966;8;501;46;W  46 ST;10036;501 W  46 ST;True;False;False;False;True;0.841154042;84.1154042
Manhattan;Midtown South-Flatiron-Union Square;1015187;2;138;32;W  32 ST;10001;138 W  32 ST;True;False;False;False;True;0.759952498;75.99524975
Manhattan;Midtown South-Flatiron-Union Square;1015065;12;135;27;W  27 ST;10001;135 W  27 ST;True;False;False;False;True;0.869806491;86.98064908
Manhattan;Upper West Side-Lincoln Square;1030946;4;331;70;W  70 ST;10023;331 W  70 ST;True;False;False;False;True;0.185370538;18.53705376
Manhattan;Chelsea-Hudson Yards;1012667;4;483;22;W  22 ST;10011;483 W  22 ST;True;True;True;False;False;0.109852682;10.98526822
Manhattan;Upper West Side-Lincoln Square;1030341;9;100;AMSTERDAM;AMSTERDAM AVE;10023;100 AMSTERDAM AVE;True;False;False;False;True;0.589927265;58.99272651
Manhattan;Chelsea-Hudson Yards;1014542;5;158;15;W  15 ST;10011;158 W  15 ST;True;True;True;False;False;0.214538795;21.45387949
Manhattan;Upper West Side (Central);1031625;12;1;91;W  91 ST;10024;1 W  91 ST;True;False;False;False;True;0.638983338;63.89833381
Manhattan;Upper West Side-Lincoln Square;1029657;4;148;70;W  70 ST;10023;148 W  70 ST;True;True;True;False;False;0.155308307;15.53083074
Manhattan;Upper West Side-Lincoln Square;1029776;9;140;71;W  71 ST;10023;140 W  71 ST;True;False;False;False;True;0.653723358;65.37233579
Manhattan;Upper West Side-Lincoln Square;1028503;4;27;69;W  69 ST;10023;27 W  69 ST;True;True;True;False;False;0.16597809;16.59780901
Manhattan;Hell's Kitchen;1026613;5;418;49;W  49 ST;10019;418 W  49 ST;True;False;False;False;True;0.248130737;24.81307365
Manhattan;Upper West Side (Central);1031683;4;;;;;;True;True;False;False;False;0.125752169;12.57521693
Manhattan;Upper West Side-Lincoln Square;1028473;4;46;69;W  69 ST;10023;46 W  69 ST;True;True;True;False;False;0.16463426;16.46342603
Manhattan;Hell's Kitchen;1026557;4;439;47;W  47 ST;10036;439 W  47 ST;True;True;True;False;False;0.135419093;13.54190926
Manhattan;Gramercy;1020525;4;337;1;1 AVE;10003;337 1 AVE;True;False;False;False;True;0.734147471;73.41474706
Manhattan;Chelsea-Hudson Yards;1014189;4;292;8;8 AVE;10001;292 8 AVE;True;False;True;False;False;0.712006923;71.20069233
Manhattan;Hell's Kitchen;1026595;5;415;48;W  48 ST;10036;415 W  48 ST;True;False;True;False;False;0.605153517;60.51535166
Manhattan;Gramercy;1017964;7;103;20;E  20 ST;10003;103 E  20 ST;True;False;False;False;True;0.803641682;80.36416817
Manhattan;Hell's Kitchen;1025434;5;301;55;W  55 ST;10019;301 W  55 ST;True;False;False;False;True;0.695304437;69.53044372
Manhattan;Chelsea-Hudson Yards;1012672;5;471;22;W  22 ST;10011;471 W  22 ST;True;True;True;False;False;0.157366172;15.73661722
Manhattan;Midtown-Times Square;1015980;6;40;38;W  38 ST;10018;40 W  38 ST;True;False;False;False;True;0.862068178;86.20681775
Manhattan;Midtown South-Flatiron-Union Square;1015714;4;55;28;W  28 ST;10001;55 W  28 ST;True;True;False;False;False;0.828291158;82.82911575
Manhattan;Upper West Side (Central);1031707;10;65;95;W  95 ST;10025;65 W  95 ST;True;False;False;False;True;0.555107063;55.51070635
Manhattan;Upper West Side (Central);1031620;5;25;90;W  90 ST;10024;25 W  90 ST;True;True;True;False;False;0.075936697;7.593669663
Manhattan;Midtown-Times Square;1024884;5;238;56;W  56 ST;10019;238 W  56 ST;True;False;False;False;True;0.675015831;67.50158311
Manhattan;Upper West Side (Central);1030999;4;;;;;;True;True;False;False;False;0.101043816;10.10438155
Manhattan;Midtown South-Flatiron-Union Square;1015867;11;1328;BROADWAY;BROADWAY;10001;1328 BROADWAY;False;False;False;False;False;0.729890875;72.98908745
Manhattan;Upper West Side (Central);1031320;4;26;85;W  85 ST;10024;26 W  85 ST;True;True;True;False;False;0.143237134;14.32371345
Manhattan;Midtown South-Flatiron-Union Square;1017112;4;24;35;E  35 ST;10016;24 E  35 ST;True;False;True;False;False;0.648414057;64.84140565
Manhattan;Gramercy;1019638;7;;;;;;True;False;True;False;True;0.65082534;65.08253402
Manhattan;Gramercy;1018168;4;102;LEXINGTON;LEXINGTON AVE;10016;102 LEXINGTON AVE;True;False;False;True;True;0.606315727;60.63157275
Manhattan;Upper West Side-Lincoln Square;1029777;7;147;70;W  70 ST;10023;147 W  70 ST;True;False;False;False;True;0.282468615;28.24686152
Manhattan;Chelsea-Hudson Yards;1014198;6;245;25;W  25 ST;10001;245 W  25 ST;True;False;False;True;True;0.48258487;48.25848695
Manhattan;Midtown South-Flatiron-Union Square;1015291;11;1;14;W  14 ST;10011;1 W  14 ST;True;False;False;False;True;0.809891176;80.98911765
Manhattan;Chelsea-Hudson Yards;1013217;3;321;19;W  19 ST;10011;321 W  19 ST;True;True;True;False;False;0.080140788;8.014078774
Manhattan;Midtown-Times Square;1017178;12;10;37;E  37 ST;10016;10 E  37 ST;True;False;False;False;True;0.756005673;75.6005673
Manhattan;Hell's Kitchen;1025430;4;313;55;W  55 ST;10019;313 W  55 ST;True;False;False;False;True;0.1308103;13.08102997
Manhattan;Midtown-Times Square;1017128;12;36;36;E  36 ST;10016;36 E  36 ST;True;False;False;False;True;0.734427337;73.4427337
Manhattan;Upper West Side-Lincoln Square;1030016;4;280;COLUMBUS;COLUMBUS AVE;10023;280 COLUMBUS AVE;True;False;False;False;True;0.539870433;53.98704328
Manhattan;Chelsea-Hudson Yards;1013212;3;331;19;W  19 ST;10011;331 W  19 ST;True;True;True;False;False;0.117842505;11.7842505
Manhattan;Upper West Side (Central);1028734;4;52;75;W  75 ST;10023;52 W  75 ST;True;True;True;False;False;0.159960827;15.9960827
Manhattan;Upper West Side (Central);1030069;4;103;74;W  74 ST;10023;103 W  74 ST;True;True;True;True;False;0.137882221;13.78822209
Manhattan;Gramercy;1018114;4;350;3;3 AVE;10010;350 3 AVE;True;False;False;False;True;0.653711695;65.37116949
Manhattan;Chelsea-Hudson Yards;1013225;4;318;20;W  20 ST;10011;318 W  20 ST;True;True;True;False;False;0.109862159;10.98621586
Manhattan;Midtown South-Flatiron-Union Square;1015058;4;297;7;7 AVE;10001;297 7 AVE;False;False;False;False;False;0.65969787;65.96978699
Manhattan;Hell's Kitchen;1026472;4;460;46;W  46 ST;10036;460 W  46 ST;True;True;True;False;False;0.732181223;73.21812232
Manhattan;Gramercy;1017874;4;;;;;;True;True;False;False;False;0.092280781;9.228078117
Manhattan;Upper West Side-Lincoln Square;1029905;3;165;71;W  71 ST;10023;165 W  71 ST;True;True;True;True;False;0.085731354;8.573135373
Manhattan;Gramercy;1017789;10;105;15;E  15 ST;10003;105 E  15 ST;True;False;True;False;True;0.635037294;63.50372941
Manhattan;Chelsea-Hudson Yards;1012896;13;438;37;W  37 ST;10018;438 W  37 ST;True;False;False;False;True;0.787289502;78.72895017
Manhattan;Gramercy;1017896;5;126;19;E  19 ST;10003;126 E  19 ST;True;False;True;False;False;0.468722828;46.87228285
Manhattan;Hell's Kitchen;1025148;5;312;49;W  49 ST;10019;312 W  49 ST;True;True;True;False;True;0.171728624;17.17286239
Manhattan;Upper West Side (Central);1031634;3;47;92;W  92 ST;10025;47 W  92 ST;True;False;False;False;True;0.043491384;4.349138368
Manhattan;Chelsea-Hudson Yards;1013720;5;231;14;W  14 ST;10011;231 W  14 ST;True;True;True;False;False;0.377825754;37.78257536
Manhattan;Upper West Side (Central);1031167;4;53;82;W  82 ST;10024;53 W  82 ST;True;True;True;False;False;0.053626443;5.362644293
Manhattan;Chelsea-Hudson Yards;1012649;3;430;22;W  22 ST;10011;430 W  22 ST;True;True;True;False;False;0.055937256;5.593725565
Manhattan;Upper West Side-Lincoln Square;1028639;5;;;;;;True;True;True;True;False;0.14839697;14.83969698
Manhattan;Chelsea-Hudson Yards;1013088;6;356;18;W  18 ST;10011;356 W  18 ST;True;True;False;False;False;0.156593768;15.65937679
Manhattan;Hell's Kitchen;1025409;7;321;54;W  54 ST;10019;321 W  54 ST;True;False;True;False;False;0.655223391;65.52233906
Manhattan;Chelsea-Hudson Yards;1013861;4;156;8;8 AVE;10011;156 8 AVE;True;True;False;True;False;0.763283074;76.32830737
Manhattan;Upper West Side (Central);1031294;4;51;84;W  84 ST;10024;51 W  84 ST;True;True;False;False;False;0.137628666;13.76286661
Manhattan;Hell's Kitchen;1027073;10;533;57;W  57 ST;10019;533 W  57 ST;True;False;False;False;True;0.589984746;58.99847459
Manhattan;Midtown South-Flatiron-Union Square;1015176;3;143;31;W  31 ST;10001;143 W  31 ST;True;True;True;False;False;0.312633455;31.26334546
Manhattan;Hell's Kitchen;1013647;6;310;39;W  39 ST;10018;310 W  39 ST;True;False;False;False;True;0.805586299;80.55862987
Manhattan;Upper West Side (Central);1028711;4;17;74;W  74 ST;10023;17 W  74 ST;True;True;True;True;True;0.212681407;21.2681407
Manhattan;Midtown-Times Square;1014445;24;200;37;W  37 ST;10018;200 W  37 ST;True;False;False;True;True;0.717340445;71.73404446
Manhattan;Midtown South-Flatiron-Union Square;1017114;15;191;MADISON;MADISON AVE;10016;191 MADISON AVE;True;False;True;False;True;0.829442;82.94420003
Manhattan;Hell's Kitchen;1025135;3;341;48;W  48 ST;10036;341 W  48 ST;True;True;True;False;False;0.102625909;10.26259087
Manhattan;Chelsea-Hudson Yards;1013514;3;359;30;W  30 ST;10001;359 W  30 ST;True;True;True;False;False;0.147741409;14.77414088
Manhattan;Upper West Side-Lincoln Square;1029929;5;131;72;W  72 ST;10023;131 W  72 ST;True;False;False;False;True;0.82254508;82.254508
Manhattan;Chelsea-Hudson Yards;1014962;5;130;24;W  24 ST;10011;130 W  24 ST;True;False;False;False;True;0.83528671;83.52867098
Manhattan;Midtown-Times Square;1017223;11;10;38;E  38 ST;10016;10 E  38 ST;True;False;False;False;True;0.851820941;85.18209414
Manhattan;Hell's Kitchen;1026773;5;442;54;W  54 ST;10019;442 W  54 ST;True;True;True;False;False;0.207243985;20.72439849
Manhattan;Upper West Side-Lincoln Square;1028256;5;175;COLUMBUS;COLUMBUS AVE;10023;175 COLUMBUS AVE;True;True;True;False;False;0.64685502;64.68550196
Manhattan;Chelsea-Hudson Yards;1013294;5;;;;;;True;False;True;False;False;0.13201876;13.20187601
Manhattan;Chelsea-Hudson Yards;1013216;3;323;19;W  19 ST;10011;323 W  19 ST;True;True;True;False;False;0.133284061;13.3284061
Manhattan;Midtown South-Flatiron-Union Square;1016087;5;;;;;;True;False;False;False;True;0.807507901;80.75079015
Manhattan;Midtown-Times Square;1015237;5;153;36;W  36 ST;10018;153 W  36 ST;True;False;False;False;True;0.851790123;85.17901226
Manhattan;Upper West Side-Lincoln Square;1028481;5;72;69;W  69 ST;10023;72 W  69 ST;True;True;True;True;False;0.58070103;58.07010299
Manhattan;Midtown-Times Square;1017232;4;25;38;E  38 ST;10016;25 E  38 ST;True;True;True;False;False;0.178758986;17.87589864
Manhattan;Chelsea-Hudson Yards;1014120;3;213;22;W  22 ST;10011;213 W  22 ST;True;True;True;False;False;0.074562146;7.456214637
Manhattan;Upper West Side (Central);1031662;3;59;94;W  94 ST;10025;59 W  94 ST;True;True;True;False;False;0.087249871;8.724987073
Manhattan;Midtown South-Flatiron-Union Square;1015596;5;25;24;W  24 ST;10010;25 W  24 ST;True;False;True;True;True;0.534978033;53.49780328
Manhattan;Chelsea-Hudson Yards;1014515;21;77;7;7 AVE;10011;77 7 AVE;True;False;False;False;True;0.83024847;83.02484701
Manhattan;Gramercy;1019627;6;;;;;;True;True;False;False;False;0.537363552;53.73635522
Manhattan;Chelsea-Hudson Yards;1013521;14;337;30;W  30 ST;10001;337 W  30 ST;True;False;True;False;False;0.711189885;71.11898852
Manhattan;Chelsea-Hudson Yards;1013042;3;56;9;9 AVE;10011;56 9 AVE;True;False;False;False;True;0.660329458;66.03294584
Manhattan;Chelsea-Hudson Yards;1013353;5;329;22;W  22 ST;10011;329 W  22 ST;True;True;True;False;False;0.150862635;15.08626352
Manhattan;Chelsea-Hudson Yards;1014523;8;;;;;;True;False;False;False;True;0.735579723;73.55797233
Manhattan;Upper West Side (Central);1030740;3;256;75;W  75 ST;10023;256 W  75 ST;True;False;False;False;True;0.092289022;9.228902176
Manhattan;Chelsea-Hudson Yards;1012278;11;46;11;11 AVE;10011;46 11 AVE;True;False;False;False;True;0.765335057;76.53350569
Manhattan;Hell's Kitchen;1026716;6;451;51;W  51 ST;10019;451 W  51 ST;True;True;True;False;True;0.355659337;35.56593369
Manhattan;Chelsea-Hudson Yards;1014050;6;242;21;W  21 ST;10011;242 W  21 ST;True;True;True;False;False;0.175354957;17.53549569
Manhattan;Gramercy;1019664;5;204;23;E  23 ST;10010;204 E  23 ST;True;False;False;False;True;0.881970521;88.19705213
Manhattan;Chelsea-Hudson Yards;1012614;4;461;21;W  21 ST;10011;461 W  21 ST;True;True;True;False;False;0.087083866;8.708386644
Manhattan;Hell's Kitchen;1024968;4;687;8;8 AVE;10036;687 8 AVE;True;False;False;False;True;0.765329902;76.53299017
Manhattan;Gramercy;1017816;9;110;16;E  16 ST;10003;110 E  16 ST;True;False;True;True;False;0.885763029;88.57630287
Manhattan;Midtown South-Flatiron-Union Square;1015412;11;33;17;W  17 ST;10011;33 W  17 ST;True;False;False;False;True;0.852555328;85.25553279
Manhattan;Gramercy;1018199;4;118;LEXINGTON;LEXINGTON AVE;10016;118 LEXINGTON AVE;True;False;False;False;True;0.69361692;69.36169203
Manhattan;Hell's Kitchen;1026843;7;419;55;W  55 ST;10019;419 W  55 ST;True;False;False;False;True;0.594203845;59.4203845
Manhattan;Upper West Side (Central);1031579;4;24;90;W  90 ST;10024;24 W  90 ST;True;True;False;False;False;0.09846272;9.846271983
Manhattan;Upper West Side (Central);1030270;3;;;;;;True;True;True;False;False;0.048567006;4.85670061
Manhattan;Chelsea-Hudson Yards;1013556;4;365;34;W  34 ST;10001;365 W  34 ST;True;False;False;False;True;0.756596032;75.65960321
Manhattan;Midtown-Times Square;1022706;54;123;49;W  49 ST;10019;123 W  49 ST;True;False;False;False;True;0.950790203;95.07902031
Manhattan;Chelsea-Hudson Yards;1013325;3;338;22;W  22 ST;10011;338 W  22 ST;True;True;True;False;False;0.050573351;5.057335085
Manhattan;Midtown-Times Square;1017211;16;66;PARK;PARK AVE;10016;66 PARK AVE;True;False;False;False;True;0.807730553;80.77305535
Manhattan;Chelsea-Hudson Yards;1014788;4;169;22;W  22 ST;10011;169 W  22 ST;True;False;False;False;True;0.688772904;68.87729036
Manhattan;Upper West Side-Lincoln Square;1028458;24;1;68;W  68 ST;10023;1 W  68 ST;True;False;False;False;False;0.779001156;77.90011555
Manhattan;Upper West Side-Lincoln Square;1027187;34;27;COLUMBUS;COLUMBUS AVE;10023;27 COLUMBUS AVE;True;False;False;False;True;0.900382105;90.03821047
Manhattan;Chelsea-Hudson Yards;1013052;5;321;16;W  16 ST;10011;321 W  16 ST;True;True;True;False;False;0.1554794;15.54794002
Manhattan;Hell's Kitchen;1026846;6;405;55;W  55 ST;10019;405 W  55 ST;True;True;False;False;False;0.324043269;32.40432693
Manhattan;Midtown-Times Square;1017205;17;50;PARK;PARK AVE;10016;50 PARK AVE;True;False;False;False;True;0.715971724;71.59717243
Manhattan;Chelsea-Hudson Yards;1012285;2;;;;;;True;False;False;False;True;0.739182268;73.91822681
Manhattan;Chelsea-Hudson Yards;1012309;7;531;21;W  21 ST;10011;531 W  21 ST;False;False;False;False;False;0.757492296;75.74922955
Manhattan;Chelsea-Hudson Yards;1013534;2;409;8;8 AVE;10001;409 8 AVE;True;False;False;False;True;0.760014617;76.00146172
Manhattan;Chelsea-Hudson Yards;1014108;6;261;22;W  22 ST;10011;261 W  22 ST;True;True;True;False;False;0.23417611;23.41761103
Manhattan;Hell's Kitchen;1026431;6;459;44;W  44 ST;10036;459 W  44 ST;True;False;False;False;True;0.238699927;23.86999267
Manhattan;Hell's Kitchen;1027067;2;510;57;W  57 ST;10019;510 W  57 ST;True;True;True;False;False;0.665690391;66.56903912
Manhattan;Chelsea-Hudson Yards;1012710;5;448;23;W  23 ST;10011;448 W  23 ST;True;False;True;False;True;0.143747042;14.37470421
Manhattan;Midtown South-Flatiron-Union Square;1017097;13;16;35;E  35 ST;10016;16 E  35 ST;True;False;True;False;True;0.771217931;77.12179315
Manhattan;Gramercy;1018135;6;;;;;;True;True;True;True;False;0.164304468;16.4304468
Manhattan;Gramercy;1017904;;108;19;E  19 ST;10003;108 E  19 ST;True;False;True;False;True;0.778904026;77.89040258
Manhattan;Upper West Side-Lincoln Square;1030032;4;138;74;W  74 ST;10023;138 W  74 ST;True;True;True;False;False;0.15910057;15.91005704
Manhattan;Gramercy;1019556;4;215;17;E  17 ST;10003;215 E  17 ST;True;True;True;False;False;0.110059024;11.00590244
Manhattan;Upper West Side-Lincoln Square;1028946;4;120;69;W  69 ST;10023;120 W  69 ST;True;True;False;False;False;0.238603431;23.8603431
Manhattan;Upper West Side-Lincoln Square;1027365;30;44;62;W  62 ST;10023;44 W  62 ST;True;False;False;False;True;0.87238169;87.23816904
Manhattan;Midtown-Times Square;1015232;5;150;36;W  36 ST;10018;150 W  36 ST;True;False;False;False;True;0.858556684;85.85566845
Manhattan;Midtown South-Flatiron-Union Square;1016074;12;17;UNION;UNION SQ;10003;17 UNION SQ;True;False;False;False;True;0.839518943;83.9518943
Manhattan;Midtown South-Flatiron-Union Square;1016140;10;16;18;E  18 ST;10003;16 E  18 ST;True;False;True;False;True;0.654703488;65.47034881
Manhattan;Chelsea-Hudson Yards;1014553;3;129;15;W  15 ST;10011;129 W  15 ST;True;True;True;False;False;0.110420217;11.04202169
Manhattan;Midtown-Times Square;1017200;4;21;37;E  37 ST;10016;21 E  37 ST;True;True;True;True;False;0.200771842;20.0771842
Manhattan;Upper West Side-Lincoln Square;1029877;3;159;71;W  71 ST;10023;159 W  71 ST;True;True;True;False;False;0.124898671;12.48986708
Manhattan;Midtown-Times Square;1014409;4;458;7;7 AVE;10123;458 7 AVE;False;False;False;False;False;0.791117606;79.11176063
Manhattan;Midtown South-Flatiron-Union Square;1016068;11;4;15;E  15 ST;10003;4 E  15 ST;True;False;False;False;True;0.821330987;82.13309871
Manhattan;Chelsea-Hudson Yards;1013723;;221;14;W  14 ST;10011;221 W  14 ST;True;False;False;False;True;0.757168163;75.71681635
Manhattan;Hell's Kitchen;1026477;5;402;46;W  46 ST;10036;402 W  46 ST;True;True;True;False;False;0.180010797;18.00107967
Manhattan;Chelsea-Hudson Yards;1012323;3;551;22;W  22 ST;10011;551 W  22 ST;True;False;False;False;True;0.724411366;72.44113662
Manhattan;Gramercy;1018084;7;126;25;E  25 ST;10010;126 E  25 ST;True;False;False;False;True;0.521776587;52.17765867
Manhattan;Chelsea-Hudson Yards;1012355;4;227;10;10 AVE;10011;227 10 AVE;True;True;True;False;False;0.746455427;74.6455427
Manhattan;Midtown-Times Square;1015261;23;1384;BROADWAY;BROADWAY;10018;1384 BROADWAY;True;False;False;False;True;0.690595317;69.0595317
Manhattan;Midtown-Times Square;1015275;42;136;40;W  40 ST;10018;136 W  40 ST;True;False;True;False;True;0.84453965;84.45396497
Manhattan;Midtown South-Flatiron-Union Square;1016137;5;;;;;;True;False;False;False;True;0.598415469;59.84154694
Manhattan;Upper West Side-Lincoln Square;1030339;25;110;END;W  END AVE;10023;110 W  END AVE;True;False;True;False;False;0.866030203;86.60302028
Manhattan;Upper West Side-Lincoln Square;1028524;4;52;70;W  70 ST;10023;52 W  70 ST;True;False;True;True;True;0.106939211;10.69392112
Manhattan;Upper West Side (Central);1031333;4;66;85;W  85 ST;10024;66 W  85 ST;True;True;True;False;False;0.171134272;17.11342719
Manhattan;Chelsea-Hudson Yards;1013359;5;317;22;W  22 ST;10011;317 W  22 ST;True;False;False;False;True;0.170759543;17.07595432
Manhattan;Gramercy;1019628;6;208;21;E  21 ST;10010;208 E  21 ST;True;False;True;False;False;0.505412083;50.54120835
Manhattan;Upper West Side-Lincoln Square;1030558;19;;;;;;True;False;False;False;True;0.691802685;69.18026853
Manhattan;Upper West Side (Central);1031406;4;15;86;W  86 ST;10024;15 W  86 ST;True;False;False;False;True;0.387382796;38.73827962
Manhattan;Chelsea-Hudson Yards;1012661;4;460;22;W  22 ST;10011;460 W  22 ST;True;True;True;False;False;0.119633814;11.96338143
Manhattan;Hell's Kitchen;1025103;3;783;8;8 AVE;10036;783 8 AVE;True;False;False;False;True;0.773470318;77.34703179
Manhattan;Midtown-Times Square;1024888;4;940;8;8 AVE;10019;940 8 AVE;True;False;False;False;True;0.660113341;66.01133407
Manhattan;Midtown South-Flatiron-Union Square;1015461;5;55;19;W  19 ST;10011;55 W  19 ST;True;False;False;False;True;0.794094117;79.40941172
Manhattan;Midtown-Times Square;1015896;5;9;35;W  35 ST;10001;9 W  35 ST;True;False;False;True;True;0.780143497;78.01434965
Manhattan;Chelsea-Hudson Yards;1014999;4;257;7;7 AVE;10001;257 7 AVE;True;False;False;False;True;0.762341569;76.23415689
Manhattan;Upper West Side (Central);1031316;4;18;85;W  85 ST;10024;18 W  85 ST;True;True;True;True;False;0.096653507;9.665350749
Manhattan;Upper West Side-Lincoln Square;1030428;6;230;72;W  72 ST;10023;230 W  72 ST;False;False;False;False;False;0.717562889;71.75628891
Manhattan;Midtown South-Flatiron-Union Square;1016195;10;1;20;E  20 ST;10003;1 E  20 ST;True;False;False;False;True;0.821697081;82.16970813
Manhattan;Chelsea-Hudson Yards;1013254;3;341;20;W  20 ST;10011;341 W  20 ST;True;True;True;False;False;0.097881839;9.78818393
Manhattan;Midtown-Times Square;1017236;15;;;;;;True;True;False;False;False;0.800346205;80.03462053
Manhattan;Hell's Kitchen;1013695;35;346;40;W  40 ST;10018;346 W  40 ST;True;False;False;False;True;0.981231969;98.1231969
Manhattan;Upper West Side-Lincoln Square;1028829;4;140;62;W  62 ST;10023;140 W  62 ST;True;True;False;True;True;0.54969979;54.969979
Manhattan;Upper West Side (Central);1031464;13;1;87;W  87 ST;10024;1 W  87 ST;True;False;True;False;True;0.543241805;54.32418046
Manhattan;Chelsea-Hudson Yards;1012863;5;440;10;10 AVE;10001;440 10 AVE;True;False;False;False;True;0.626869673;62.68696734
Manhattan;Midtown South-Flatiron-Union Square;1015627;12;22;26;W  26 ST;10010;22 W  26 ST;True;True;False;False;False;0.850961593;85.09615926
Manhattan;Hell's Kitchen;1026602;5;703;9;9 AVE;10019;703 9 AVE;True;False;False;False;True;0.621934045;62.19340448
Manhattan;Chelsea-Hudson Yards;1013204;3;;;;;;True;False;True;False;True;0.176400094;17.64000943
Manhattan;Midtown South-Flatiron-Union Square;1016154;6;30;19;E  19 ST;10003;30 E  19 ST;True;False;False;False;True;0.655671066;65.56710656
Manhattan;Midtown-Times Square;1015914;5;;;;;;True;False;False;False;True;0.547412873;54.74128727
Manhattan;Upper West Side (Central);1028707;4;;;;;;True;True;True;True;False;0.344858488;34.48584883
Manhattan;Chelsea-Hudson Yards;1013322;3;330;22;W  22 ST;10011;330 W  22 ST;True;True;True;False;True;0.077976018;7.797601778
Manhattan;Midtown South-Flatiron-Union Square;1015510;12;48;21;W  21 ST;10010;48 W  21 ST;True;False;False;False;True;0.86399627;86.39962701
Manhattan;Midtown-Times Square;1024810;5;1634;BROADWAY;BROADWAY;10019;1634 BROADWAY;True;False;False;False;True;0.807145184;80.71451838
Manhattan;Chelsea-Hudson Yards;1014525;6;103;14;W  14 ST;10011;103 W  14 ST;True;True;False;False;False;0.713640792;71.36407924
Manhattan;Gramercy;1017940;5;114;20;E  20 ST;10003;114 E  20 ST;True;False;False;False;True;0.421837418;42.1837418
Manhattan;Gramercy;1019589;6;317;2;2 AVE;10003;317 2 AVE;True;True;True;False;False;0.174108695;17.41086953
Manhattan;Chelsea-Hudson Yards;1013877;3;233;18;W  18 ST;10011;233 W  18 ST;True;True;True;False;False;0.760850684;76.08506839
Manhattan;Chelsea-Hudson Yards;1014535;3;138;15;W  15 ST;10011;138 W  15 ST;True;True;True;False;False;0.617016581;61.70165809
Manhattan;Upper West Side (Central);1031240;4;54;84;W  84 ST;10024;54 W  84 ST;True;True;False;False;False;0.145071495;14.5071495
Manhattan;Midtown South-Flatiron-Union Square;1014254;22;241;28;W  28 ST;10001;241 W  28 ST;True;False;False;True;True;0.898939817;89.89398171
Manhattan;Chelsea-Hudson Yards;1013760;5;;;;;;True;False;True;False;True;0.22148902;22.14890197
Manhattan;Chelsea-Hudson Yards;1012327;5;527;22;W  22 ST;10011;527 W  22 ST;True;False;False;False;True;0.583836598;58.38365977
Manhattan;Chelsea-Hudson Yards;1012583;3;406;20;W  20 ST;10011;406 W  20 ST;True;True;True;False;False;0.116779311;11.67793105
Manhattan;Midtown South-Flatiron-Union Square;1015093;46;140;28;W  28 ST;10001;140 W  28 ST;True;False;False;False;True;0.983867593;98.38675933
Manhattan;Upper West Side (Central);1031564;4;;;;;;True;True;True;False;False;0.120216617;12.0216617
Manhattan;Upper West Side (Central);1031671;3;35;94;W  94 ST;10025;35 W  94 ST;True;True;True;False;False;0.086451147;8.645114727
Manhattan;Midtown-Times Square;1022568;42;130;41;W  41 ST;10036;130 W  41 ST;True;False;False;False;True;0.881611448;88.16114481
Manhattan;Upper West Side (Central);1030272;3;123;78;W  78 ST;10024;123 W  78 ST;True;True;True;False;False;0.138954943;13.89549428
Manhattan;Hell's Kitchen;1013658;4;516;9;9 AVE;10018;516 9 AVE;False;False;False;False;False;0.680683595;68.0683595
Manhattan;Chelsea-Hudson Yards;1014966;12;;;;;;True;False;False;False;True;0.841382663;84.13826631
Manhattan;Upper West Side-Lincoln Square;1029957;4;154;73;W  73 ST;10023;154 W  73 ST;True;True;False;False;False;0.11046355;11.04635499
Manhattan;Chelsea-Hudson Yards;1014586;3;120;17;W  17 ST;10011;120 W  17 ST;True;False;True;False;True;0.778878339;77.88783387
Manhattan;Midtown-Times Square;1024845;4;243;54;W  54 ST;10019;243 W  54 ST;True;False;False;False;True;0.610818961;61.08189614
Manhattan;Chelsea-Hudson Yards;1012829;3;281;9;9 AVE;10001;281 9 AVE;True;False;False;False;True;0.444189216;44.41892159
Manhattan;Upper West Side (Central);1028695;4;55;74;W  74 ST;10023;55 W  74 ST;True;True;True;False;False;0.164614546;16.46145463
Manhattan;Gramercy;1017854;4;190;3;3 AVE;10003;190 3 AVE;True;False;False;False;True;0.752807117;75.28071168
Manhattan;Upper West Side (Central);1031551;4;53;89;W  89 ST;10024;53 W  89 ST;True;True;True;True;False;0.141398592;14.13985919
Manhattan;Hell's Kitchen;1013685;5;;;;;;True;False;True;False;False;0.595372143;59.53721433
Manhattan;Upper West Side-Lincoln Square;1029778;19;154;71;W  71 ST;10023;154 W  71 ST;True;False;False;False;True;0.774791264;77.47912644
Manhattan;Upper West Side-Lincoln Square;1028661;15;23;73;W  73 ST;10023;23 W  73 ST;True;False;False;False;False;0.584799273;58.47992734
Manhattan;Hell's Kitchen;1025392;4;;;;;;True;True;True;False;False;0.175850795;17.5850795
Manhattan;Midtown South-Flatiron-Union Square;1016929;17;25;29;E  29 ST;10016;25 E  29 ST;True;False;False;False;True;0.868413371;86.84133709
Manhattan;Upper West Side (Central);1031343;4;16;85;W  85 ST;10024;16 W  85 ST;True;True;True;False;False;0.148587172;14.85871721
Manhattan;Chelsea-Hudson Yards;1013614;5;492;9;9 AVE;10018;492 9 AVE;True;False;False;False;True;0.696505813;69.65058132
Manhattan;Midtown South-Flatiron-Union Square;1014302;14;236;30;W  30 ST;10001;236 W  30 ST;True;False;False;False;False;0.900192098;90.01920977
Manhattan;Chelsea-Hudson Yards;1012532;4;409;14;W  14 ST;10014;409 W  14 ST;True;False;False;False;True;0.862715853;86.27158534
Manhattan;Chelsea-Hudson Yards;1013628;13;344;38;W  38 ST;10018;344 W  38 ST;True;False;False;False;True;0.820344974;82.0344974
Manhattan;Midtown South-Flatiron-Union Square;1016730;10;27;22;E  22 ST;10010;27 E  22 ST;True;False;False;False;True;0.768254034;76.82540336
Manhattan;Midtown-Times Square;1024646;7;209;40;W  40 ST;10018;209 W  40 ST;False;False;False;False;False;0.814146616;81.41466163
Manhattan;Upper West Side (Central);1031399;16;51;86;W  86 ST;10024;51 W  86 ST;True;False;False;False;True;0.8117945;81.17944997
Manhattan;Hell's Kitchen;1026549;3;463;47;W  47 ST;10036;463 W  47 ST;True;True;True;False;False;0.121804941;12.18049411
Manhattan;Midtown South-Flatiron-Union Square;1015142;12;135;29;W  29 ST;10001;135 W  29 ST;True;False;False;False;True;0.881107213;88.11072132
Manhattan;Hell's Kitchen;1025406;5;357;54;W  54 ST;10019;357 W  54 ST;True;True;True;False;False;0.137931774;13.79317745
Manhattan;Midtown-Times Square;1024890;5;255;55;W  55 ST;10019;255 W  55 ST;False;False;False;False;False;0.611040478;61.10404776
Manhattan;Upper West Side-Lincoln Square;1029768;4;118;71;W  71 ST;10023;118 W  71 ST;True;True;True;False;False;0.111622838;11.16228382
Manhattan;Chelsea-Hudson Yards;1014048;7;234;21;W  21 ST;10011;234 W  21 ST;True;True;True;False;False;0.65215458;65.21545796
Manhattan;Midtown South-Flatiron-Union Square;1015075;4;795;OF THE AMERICAS;AVE OF THE AMERICAS;10001;795 AVE OF THE AMERICAS;True;False;False;False;True;0.677203849;67.72038489
Manhattan;Gramercy;1020423;5;265;1;1 AVE;10003;265 1 AVE;True;False;False;False;True;0.653019747;65.30197474
Manhattan;Upper West Side (Central);1028791;4;31;75;W  75 ST;10023;31 W  75 ST;True;True;False;False;False;0.148097811;14.80978108
Manhattan;Upper West Side (Central);1031416;4;24;87;W  87 ST;10024;24 W  87 ST;True;True;True;True;True;0.141424865;14.14248652
Manhattan;Upper West Side (Central);1028754;5;33;75;W  75 ST;10023;33 W  75 ST;True;True;True;False;False;0.16431275;16.43127495
Manhattan;Upper West Side-Lincoln Square;1028835;2;152;66;W  66 ST;10023;152 W  66 ST;True;True;False;False;False;0.371323612;37.13236125
Manhattan;Hell's Kitchen;1027156;10;600;55;W  55 ST;10019;600 W  55 ST;True;False;True;False;False;0.656983206;65.6983206
Manhattan;Chelsea-Hudson Yards;1013629;6;350;38;W  38 ST;10018;350 W  38 ST;True;False;True;False;False;0.892065958;89.20659584
Manhattan;Midtown South-Flatiron-Union Square;1015702;6;34;28;W  28 ST;10001;34 W  28 ST;True;False;False;False;True;0.852817199;85.28171995
Manhattan;Upper West Side-Lincoln Square;1028573;4;34;71;W  71 ST;10023;34 W  71 ST;True;True;False;False;False;0.257682536;25.76825357
Manhattan;Upper West Side-Lincoln Square;1028658;4;45;73;W  73 ST;10023;45 W  73 ST;True;True;False;False;False;0.10182676;10.18267604
Manhattan;Gramercy;1020483;3;339;18;E  18 ST;10003;339 E  18 ST;True;True;True;False;False;0.171258741;17.12587415
Manhattan;Upper West Side (Central);1031232;15;230;CENTRAL;CENTRAL PARK W;10024;230 CENTRAL PARK W;True;False;True;False;False;0.591888328;59.18883277
Manhattan;Chelsea-Hudson Yards;1012543;2;431;16;W  16 ST;10011;431 W  16 ST;True;False;True;True;True;0.802891845;80.2891845
Manhattan;Midtown South-Flatiron-Union Square;1016095;8;91;5;5 AVE;10003;91 5 AVE;True;False;False;False;True;0.776697487;77.66974872
Manhattan;Gramercy;1017857;14;150;18;E  18 ST;10003;150 E  18 ST;True;False;False;False;True;0.83863922;83.86392199
Manhattan;Upper West Side-Lincoln Square;1030390;16;240;END;W  END AVE;10023;240 W  END AVE;True;False;False;False;True;0.866234987;86.62349868
Manhattan;Hell's Kitchen;1026851;5;406;56;W  56 ST;10019;406 W  56 ST;True;True;True;False;False;0.198864868;19.88648676
Manhattan;Hell's Kitchen;1025441;7;320;56;W  56 ST;10019;320 W  56 ST;True;False;False;True;True;0.589392476;58.9392476
Manhattan;Hell's Kitchen;1025129;5;367;48;W  48 ST;10036;367 W  48 ST;True;True;True;False;False;0.198000961;19.80009607
Manhattan;Upper West Side (Central);1031543;19;609;COLUMBUS;COLUMBUS AVE;10024;609 COLUMBUS AVE;True;False;False;False;True;0.765341254;76.53412542
Manhattan;Hell's Kitchen;1025188;4;754;9;9 AVE;10019;754 9 AVE;True;False;False;False;True;0.789558226;78.95582263
Manhattan;Gramercy;1019778;5;234;24;E  24 ST;10010;234 E  24 ST;True;True;True;True;True;0.226849804;22.68498043
Manhattan;Gramercy;1019522;17;135;3;3 AVE;10003;135 3 AVE;True;False;True;False;True;0.851312712;85.13127125
Manhattan;Hell's Kitchen;1025004;5;646;9;9 AVE;10036;646 9 AVE;True;False;False;False;True;0.193957134;19.39571339
Manhattan;Hell's Kitchen;1026363;5;401;43;W  43 ST;10036;401 W  43 ST;True;False;True;False;True;0.595281246;59.52812461
Manhattan;Chelsea-Hudson Yards;1013864;4;164;8;8 AVE;10011;164 8 AVE;True;False;False;False;True;0.725935714;72.59357142
Manhattan;Hell's Kitchen;1026984;2;533;47;W  47 ST;10036;533 W  47 ST;True;False;False;False;True;0.820642469;82.06424688
Manhattan;Upper West Side (Central);1031034;4;;;;;;True;True;False;False;False;0.092037682;9.203768231
Manhattan;Midtown South-Flatiron-Union Square;1015810;5;23;31;W  31 ST;10001;23 W  31 ST;True;True;False;False;False;0.721098834;72.10988345
Manhattan;Gramercy;1019653;4;391;2;2 AVE;10010;391 2 AVE;True;False;False;False;True;0.722599837;72.25998368
Manhattan;Gramercy;1018139;6;151;26;E  26 ST;10010;151 E  26 ST;True;False;False;False;True;0.531407278;53.14072782
Manhattan;Gramercy;1019528;6;212;16;E  16 ST;10003;212 E  16 ST;True;False;True;True;True;0.586679201;58.66792012
Manhattan;Chelsea-Hudson Yards;1014139;4;254;8;8 AVE;10011;254 8 AVE;True;False;False;False;True;0.683135906;68.31359062
Manhattan;Midtown South-Flatiron-Union Square;1016898;12;3;28;E  28 ST;10016;3 E  28 ST;True;False;False;True;True;0.867346489;86.73464891
Manhattan;Midtown-Times Square;1015942;12;12;37;W  37 ST;10018;12 W  37 ST;True;False;False;False;True;0.854465125;85.44651245
Manhattan;Upper West Side (Central);1031091;5;44;RIVERSIDE;RIVERSIDE DR;10024;44 RIVERSIDE DR;True;False;False;False;True;0.120808542;12.08085423
Manhattan;Chelsea-Hudson Yards;1013852;1;124;7;7 AVE;10011;124 7 AVE;True;False;False;False;True;0.778129764;77.81297637
Manhattan;Midtown-Times Square;1015251;4;128;37;W  37 ST;10018;128 W  37 ST;True;True;False;False;False;0.339907095;33.99070953
Manhattan;Hell's Kitchen;1025431;5;311;55;W  55 ST;10019;311 W  55 ST;True;True;False;False;False;0.215192865;21.51928646
Manhattan;Hell's Kitchen;1026343;5;463;43;W  43 ST;10036;463 W  43 ST;True;True;True;False;False;0.63932535;63.93253499
Manhattan;Upper West Side-Lincoln Square;1029907;5;;;;;;True;False;False;False;True;0.568894054;56.88940543
Manhattan;Midtown South-Flatiron-Union Square;1015701;5;32;28;W  28 ST;10001;32 W  28 ST;True;False;False;False;True;0.867670335;86.7670335
Manhattan;Midtown South-Flatiron-Union Square;1014281;3;247;29;W  29 ST;10001;247 W  29 ST;True;False;False;False;True;0.763038236;76.30382362
Manhattan;Chelsea-Hudson Yards;1012703;6;434;23;W  23 ST;10011;434 W  23 ST;True;True;True;False;False;0.130034688;13.00346882
Manhattan;Chelsea-Hudson Yards;1012385;9;508;26;W  26 ST;10001;508 W  26 ST;True;True;True;False;False;0.806002383;80.60023833
Manhattan;Midtown South-Flatiron-Union Square;1015118;5;;;;;;True;False;False;False;True;0.68643578;68.64357798
Manhattan;Upper West Side-Lincoln Square;1028831;6;20;LINCOLN CENTER PLAZA;LINCOLN CENTER PLAZA;10023;20 LINCOLN CENTER PLAZA;True;False;True;False;False;0.600856964;60.08569637
Manhattan;Gramercy;1017820;10;105;16;E  16 ST;10003;105 E  16 ST;True;False;True;False;True;0.908995879;90.89958794
Manhattan;Hell's Kitchen;1025082;3;353;46;W  46 ST;10036;353 W  46 ST;False;False;False;False;False;0.823832011;82.38320112
Manhattan;Gramercy;1017832;5;;;;;;True;True;True;False;False;0.667345046;66.73450456
Manhattan;Midtown South-Flatiron-Union Square;1016112;2;;;;;;True;False;False;False;True;0.675560879;67.55608794
Manhattan;Upper West Side (Central);1028804;5;39;76;W  76 ST;10023;39 W  76 ST;True;True;True;True;False;0.11384162;11.38416197
Manhattan;Upper West Side (Central);1031619;4;49;90;W  90 ST;10024;49 W  90 ST;True;True;True;False;False;0.132983335;13.29833355
Manhattan;Midtown-Times Square;1015946;2;;;;;;True;False;False;False;True;0.704658022;70.4658022
Manhattan;Midtown South-Flatiron-Union Square;1014343;17;200;31;W  31 ST;10001;200 W  31 ST;True;False;False;False;True;0.868639572;86.86395715
Manhattan;Upper West Side (Central);1030051;4;159;74;W  74 ST;10023;159 W  74 ST;True;True;True;False;False;0.109528988;10.95289881
Manhattan;Midtown-Times Square;1015988;5;1024;OF THE AMERICAS;AVE OF THE AMERICAS;10018;1024 AVE OF THE AMERICAS;True;False;False;False;True;0.840071166;84.00711656
Manhattan;Midtown South-Flatiron-Union Square;1015135;4;171;29;W  29 ST;10001;171 W  29 ST;True;False;False;False;True;0.765826629;76.5826629
Manhattan;Midtown-Times Square;1023391;9;128;56;W  56 ST;10019;128 W  56 ST;True;False;False;False;True;0.742454703;74.24547027
Manhattan;Gramercy;1018008;10;;;;;;True;False;True;False;False;0.590172141;59.0172141
Manhattan;Chelsea-Hudson Yards;1013488;4;;;;;;True;False;False;False;True;0.66345294;66.345294
Manhattan;Chelsea-Hudson Yards;1014190;3;290;8;8 AVE;10001;290 8 AVE;True;False;True;False;False;0.524934536;52.49345356
Manhattan;Upper West Side-Lincoln Square;1028689;4;59;73;W  73 ST;10023;59 W  73 ST;True;True;False;False;False;0.14253275;14.25327495
Manhattan;Midtown South-Flatiron-Union Square;1015640;3;23;26;W  26 ST;10010;23 W  26 ST;True;True;False;False;False;0.547876782;54.78767825
Manhattan;Hell's Kitchen;1026892;11;426;58;W  58 ST;10019;426 W  58 ST;True;True;False;False;False;0.745869278;74.58692779
Manhattan;Chelsea-Hudson Yards;1013120;4;;;;;;True;True;True;False;False;0.132284327;13.22843265
Manhattan;Upper West Side (Central);1030236;4;167;78;W  78 ST;10024;167 W  78 ST;True;True;False;False;False;0.317595346;31.75953458
Manhattan;Upper West Side-Lincoln Square;1028550;5;43;70;W  70 ST;10023;43 W  70 ST;True;True;True;True;True;0.161094762;16.10947615
Manhattan;Hell's Kitchen;1012994;4;401;39;W  39 ST;10018;401 W  39 ST;True;False;False;False;True;0.585947572;58.59475715
Manhattan;Upper West Side-Lincoln Square;1029943;4;118;73;W  73 ST;10023;118 W  73 ST;True;True;True;False;False;0.153922546;15.39225462
Manhattan;Chelsea-Hudson Yards;1012716;5;460;23;W  23 ST;10011;460 W  23 ST;True;True;True;False;False;0.12073899;12.07389896
Manhattan;Midtown South-Flatiron-Union Square;1016185;5;12;20;E  20 ST;10003;12 E  20 ST;False;False;False;False;False;0.790575984;79.05759838
Manhattan;Chelsea-Hudson Yards;1013977;11;217;19;W  19 ST;10011;217 W  19 ST;True;False;False;False;True;0.886480334;88.64803345
Manhattan;Midtown-Times Square;1022709;47;110;51;W  51 ST;10019;110 W  51 ST;True;False;False;True;True;0.89543256;89.54325598
Manhattan;Chelsea-Hudson Yards;1012575;8;435;19;W  19 ST;10011;435 W  19 ST;True;False;True;False;True;0.646880682;64.68806816
Manhattan;Chelsea-Hudson Yards;1013047;5;;;;;;True;True;False;False;False;0.180242975;18.02429753
Manhattan;Upper West Side (Central);1031597;4;59;90;W  90 ST;10024;59 W  90 ST;True;False;True;False;True;0.082530113;8.253011307
Manhattan;Hell's Kitchen;1027114;2;606;47;W  47 ST;10036;606 W  47 ST;True;False;False;False;True;0.808108362;80.81083615
Manhattan;Chelsea-Hudson Yards;1014646;10;138;17;W  17 ST;10011;138 W  17 ST;True;False;False;False;True;0.868845982;86.8845982
Manhattan;Midtown South-Flatiron-Union Square;1016743;5;27;MADISON;MADISON AVE;10010;27 MADISON AVE;True;True;False;False;False;0.429748905;42.97489048
Manhattan;Hell's Kitchen;1025180;6;318;51;W  51 ST;10019;318 W  51 ST;True;False;True;False;True;0.625988669;62.59886685
Manhattan;Hell's Kitchen;1024985;5;349;44;W  44 ST;10036;349 W  44 ST;True;True;True;False;False;0.180817295;18.08172954
Manhattan;Chelsea-Hudson Yards;1014994;21;160;25;W  25 ST;10001;160 W  25 ST;True;False;True;False;False;0.853125923;85.31259233
Manhattan;Upper West Side (Central);1030276;4;110;79;W  79 ST;10024;110 W  79 ST;True;False;False;False;True;0.533831211;53.38312113
Manhattan;Gramercy;1018046;6;155;23;E  23 ST;10010;155 E  23 ST;True;False;False;False;True;0.639440773;63.94407727
Manhattan;Midtown South-Flatiron-Union Square;1015143;12;129;29;W  29 ST;10001;129 W  29 ST;True;False;False;False;True;0.833939636;83.3939636
Manhattan;Hell's Kitchen;1026510;5;450;47;W  47 ST;10036;450 W  47 ST;True;True;True;False;False;0.231178441;23.11784407
Manhattan;Chelsea-Hudson Yards;1013853;7;130;7;7 AVE;10011;130 7 AVE;True;False;False;False;True;0.830736344;83.07363444
Manhattan;Gramercy;1019662;12;212;23;E  23 ST;10010;212 E  23 ST;True;False;False;False;True;0.876726025;87.67260253
Manhattan;Gramercy;1020435;4;329;17;E  17 ST;10003;329 E  17 ST;True;True;True;False;False;0.222242016;22.2242016
Manhattan;Upper West Side (Central);1031422;4;40;87;W  87 ST;10024;40 W  87 ST;True;True;True;False;False;0.14985907;14.98590699
Manhattan;Chelsea-Hudson Yards;1013765;4;;;;;;True;True;True;False;False;0.16397955;16.39795502
Manhattan;Hell's Kitchen;1027079;6;881;10;10 AVE;10019;881 10 AVE;True;False;False;False;True;0.845464875;84.54648754
Manhattan;Hell's Kitchen;1026365;4;613;9;9 AVE;10036;613 9 AVE;True;False;False;False;True;0.649804139;64.98041389
Manhattan;Gramercy;1019552;3;205;17;E  17 ST;10003;205 E  17 ST;True;True;True;False;False;0.106467229;10.64672292
Manhattan;Upper West Side-Lincoln Square;1030308;33;515;59;W  59 ST;10019;515 W  59 ST;True;False;True;False;False;0.939204107;93.92041067
Manhattan;Upper West Side (Central);1031513;23;279;CENTRAL;CENTRAL PARK W;10024;279 CENTRAL PARK W;True;False;False;True;True;0.910155203;91.01552031
Manhattan;Upper West Side-Lincoln Square;1029963;5;141;72;W  72 ST;10023;141 W  72 ST;True;False;False;False;True;0.531529763;53.1529763
Manhattan;Chelsea-Hudson Yards;1014194;4;304;8;8 AVE;10001;304 8 AVE;True;False;False;False;True;0.734365961;73.43659612
Manhattan;Upper West Side (Central);1030080;4;122;75;W  75 ST;10023;122 W  75 ST;True;True;False;False;False;0.157561579;15.75615787
Manhattan;Midtown South-Flatiron-Union Square;1015418;12;11;17;W  17 ST;10011;11 W  17 ST;True;False;False;False;True;0.803930018;80.39300176
Manhattan;Upper West Side (Central);1031031;5;306;76;W  76 ST;10023;306 W  76 ST;True;True;True;False;False;0.366344541;36.63445409
Manhattan;Chelsea-Hudson Yards;1014022;6;233;20;W  20 ST;10011;233 W  20 ST;True;False;False;False;True;0.100424246;10.04242464
Manhattan;Upper West Side (Central);1031058;4;307;76;W  76 ST;10023;307 W  76 ST;True;True;False;False;False;0.101162413;10.11624134
Manhattan;Chelsea-Hudson Yards;1013063;5;;;;;;True;True;True;False;False;0.18229356;18.22935596
Manhattan;Upper West Side (Central);1030257;7;101;78;W  78 ST;10024;101 W  78 ST;True;True;False;False;False;0.649586231;64.95862308
Manhattan;Upper West Side (Central);1031163;5;467;COLUMBUS;COLUMBUS AVE;10024;467 COLUMBUS AVE;True;False;False;False;True;0.569663399;56.96633989
Manhattan;Chelsea-Hudson Yards;1012802;5;237;9;9 AVE;10001;237 9 AVE;True;False;False;False;True;0.234283965;23.42839646
Manhattan;Hell's Kitchen;1026699;3;444;51;W  51 ST;10019;444 W  51 ST;True;True;True;False;False;0.663179218;66.31792182
Manhattan;Chelsea-Hudson Yards;1012670;4;477;22;W  22 ST;10011;477 W  22 ST;True;True;True;False;False;0.104181351;10.41813508
Manhattan;Midtown South-Flatiron-Union Square;1015197;2;137;33;W  33 ST;10001;137 W  33 ST;False;False;False;False;False;0.772560134;77.25601341
Manhattan;Upper West Side (Central);1031647;4;20;94;W  94 ST;10025;20 W  94 ST;True;True;True;True;False;0.219973222;21.99732223
Manhattan;Chelsea-Hudson Yards;1013060;5;332;17;W  17 ST;10011;332 W  17 ST;True;True;True;False;False;0.167246245;16.7246245
Manhattan;Midtown South-Flatiron-Union Square;1014333;5;404;8;8 AVE;10001;404 8 AVE;True;False;False;False;True;0.628745701;62.87457007
Manhattan;Gramercy;1020508;6;310;19;E  19 ST;10003;310 E  19 ST;True;True;True;False;False;0.278163577;27.81635769
Manhattan;Chelsea-Hudson Yards;1013111;4;306;19;W  19 ST;10011;306 W  19 ST;True;True;True;False;False;0.31797071;31.79707098
Manhattan;Midtown South-Flatiron-Union Square;1015294;22;;;;;;True;False;False;False;True;0.899107376;89.91073758
Manhattan;Gramercy;1017994;16;44;GRAMERCY;GRAMERCY PARK N;10010;44 GRAMERCY PARK N;True;False;False;True;True;0.641055007;64.10550067
Manhattan;Hell's Kitchen;1027010;5;529;48;W  48 ST;10036;529 W  48 ST;True;True;True;False;False;0.626296062;62.62960616
Manhattan;Upper West Side (Central);1030859;15;2163;BROADWAY;BROADWAY;10024;2163 BROADWAY;True;False;False;False;True;0.743298381;74.32983814
Manhattan;Chelsea-Hudson Yards;1012566;5;452;19;W  19 ST;10011;452 W  19 ST;True;True;False;True;True;0.616723768;61.67237679
Manhattan;Midtown South-Flatiron-Union Square;1015370;4;57;16;W  16 ST;10011;57 W  16 ST;True;False;False;False;True;0.75252107;75.25210695
Manhattan;Upper West Side (Central);1031173;4;21;82;W  82 ST;10024;21 W  82 ST;True;False;True;True;True;0.143043396;14.30433962
Manhattan;Midtown South-Flatiron-Union Square;1017001;12;16;32;E  32 ST;10016;16 E  32 ST;False;False;False;False;False;0.695925703;69.59257033
Manhattan;Midtown South-Flatiron-Union Square;1015112;7;111;28;W  28 ST;10001;111 W  28 ST;True;True;False;False;False;0.76608301;76.60830096
Manhattan;Gramercy;1020575;5;343;22;E  22 ST;10010;343 E  22 ST;True;False;False;False;True;0.643758911;64.37589109
Manhattan;Chelsea-Hudson Yards;1013876;5;235;18;W  18 ST;10011;235 W  18 ST;True;True;False;False;False;0.628374679;62.83746788
Manhattan;Midtown-Times Square;1017122;26;10;36;E  36 ST;10016;10 E  36 ST;True;False;False;False;True;0.703291435;70.32914353
Manhattan;Upper West Side (Central);1030869;4;268;77;W  77 ST;10024;268 W  77 ST;True;True;False;False;False;0.099758718;9.97587176
Manhattan;Gramercy;1018140;8;153;26;E  26 ST;10010;153 E  26 ST;False;False;False;False;False;0.717565574;71.75655739
Manhattan;Chelsea-Hudson Yards;1013566;12;335;35;W  35 ST;10001;335 W  35 ST;False;False;False;False;False;0.729502498;72.95024977
Manhattan;Midtown South-Flatiron-Union Square;1015868;12;45;34;W  34 ST;10001;45 W  34 ST;True;False;False;False;True;0.817453611;81.74536106
Manhattan;Chelsea-Hudson Yards;1014526;13;101;14;W  14 ST;10011;101 W  14 ST;True;False;False;False;True;0.857188304;85.71883044
Manhattan;Midtown South-Flatiron-Union Square;1015111;7;113;28;W  28 ST;10001;113 W  28 ST;True;False;False;False;True;0.763040724;76.30407245
Manhattan;Chelsea-Hudson Yards;1012423;5;317;10;10 AVE;10001;317 10 AVE;True;False;False;False;True;0.64142021;64.14202099
Manhattan;Midtown South-Flatiron-Union Square;1015676;10;49;27;W  27 ST;10001;49 W  27 ST;True;False;False;False;True;0.779397353;77.93973533
Manhattan;Gramercy;1020445;6;336;18;E  18 ST;10003;336 E  18 ST;True;True;True;False;False;0.267285273;26.72852734
Manhattan;Chelsea-Hudson Yards;1015009;4;115;25;W  25 ST;10001;115 W  25 ST;False;False;False;False;False;0.748561102;74.85611021
Manhattan;Upper West Side (Central);1030107;4;130;75;W  75 ST;10023;130 W  75 ST;True;False;False;True;True;0.157504584;15.75045841
Manhattan;Upper West Side (Central);1030104;4;107;74;W  74 ST;10023;107 W  74 ST;True;True;True;False;False;0.151754585;15.17545846
Manhattan;Chelsea-Hudson Yards;1013485;5;303;29;W  29 ST;10001;303 W  29 ST;True;False;True;False;False;0.132965386;13.29653861
Manhattan;Midtown South-Flatiron-Union Square;1015473;5;9;19;W  19 ST;10011;9 W  19 ST;True;False;False;False;True;0.841479161;84.14791609
Manhattan;Chelsea-Hudson Yards;1013263;4;197;8;8 AVE;10011;197 8 AVE;True;False;True;False;True;0.223287132;22.32871321
Manhattan;Hell's Kitchen;1013003;4;404;40;W  40 ST;10018;404 W  40 ST;True;True;True;False;False;0.164026051;16.40260505
Manhattan;Midtown-Times Square;1024716;5;242;45;W  45 ST;10036;242 W  45 ST;True;False;False;False;True;0.762131712;76.21317117
Manhattan;Hell's Kitchen;1024925;2;347;41;W  41 ST;10036;347 W  41 ST;True;False;True;False;False;0.732824377;73.2824377
Manhattan;Hell's Kitchen;1026407;3;433;44;W  44 ST;10036;433 W  44 ST;True;True;True;False;False;0.179660078;17.96600781
Manhattan;Gramercy;1019586;4;241;18;E  18 ST;10003;241 E  18 ST;True;True;True;False;False;0.225983691;22.59836913
Manhattan;Midtown South-Flatiron-Union Square;1014264;21;200;29;W  29 ST;10001;200 W  29 ST;True;False;False;False;False;0.729234981;72.9234981
Manhattan;Midtown South-Flatiron-Union Square;1017113;5;22;35;E  35 ST;10016;22 E  35 ST;False;False;False;False;False;0.463701992;46.37019918
Manhattan;Upper West Side (Central);1030136;6;101;75;W  75 ST;10023;101 W  75 ST;True;True;True;False;False;0.571673702;57.16737022
Manhattan;Gramercy;1020523;4;333;1;1 AVE;10003;333 1 AVE;True;False;False;True;True;0.737631091;73.76310913
Manhattan;Upper West Side-Lincoln Square;1030407;3;261;71;W  71 ST;10023;261 W  71 ST;True;True;True;True;False;0.099977664;9.997766381
Manhattan;Chelsea-Hudson Yards;1013623;23;304;38;W  38 ST;10018;304 W  38 ST;True;False;True;False;True;0.753769719;75.37697193
Manhattan;Hell's Kitchen;1026998;4;500;48;W  48 ST;10036;500 W  48 ST;True;True;True;True;True;0.631387756;63.13877564
Manhattan;Hell's Kitchen;1026621;5;438;49;W  49 ST;10019;438 W  49 ST;True;True;True;False;False;0.163200475;16.32004752
Manhattan;Upper West Side (Central);1030167;4;;;;;;True;True;True;False;False;0.132904032;13.29040319
Manhattan;Hell's Kitchen;1026797;18;400;55;W  55 ST;10019;400 W  55 ST;True;False;False;False;True;0.904757453;90.47574533
Manhattan;Hell's Kitchen;1026388;3;425;43;W  43 ST;10036;425 W  43 ST;True;True;True;False;False;0.112664028;11.26640285
Manhattan;Midtown-Times Square;1023752;9;135;58;W  58 ST;10019;135 W  58 ST;True;False;False;False;True;0.789229115;78.92291154
Manhattan;Upper West Side (Central);1030087;4;144;75;W  75 ST;10023;144 W  75 ST;True;True;True;False;False;0.161315066;16.13150655
Manhattan;Chelsea-Hudson Yards;1013819;5;228;17;W  17 ST;10011;228 W  17 ST;True;False;True;False;True;0.248609076;24.86090759
Manhattan;Upper West Side (Central);1028766;3;160;CENTRAL;CENTRAL PARK W;10023;160 CENTRAL PARK W;True;True;True;False;False;0.211190869;21.11908694
Manhattan;Midtown South-Flatiron-Union Square;1014339;16;247;30;W  30 ST;10001;247 W  30 ST;True;False;False;False;True;0.89887904;89.88790402
Manhattan;Upper West Side (Central);1031792;4;106;80;W  80 ST;10024;106 W  80 ST;True;True;True;False;False;0.160166757;16.01667573
Manhattan;Upper West Side-Lincoln Square;1028848;6;148;67;W  67 ST;10023;148 W  67 ST;True;True;True;False;False;0.684885454;68.4885454
Manhattan;Midtown-Times Square;1017197;17;237;MADISON;MADISON AVE;10016;237 MADISON AVE;True;False;False;False;True;0.748697782;74.86977819
Manhattan;Chelsea-Hudson Yards;1012534;4;405;14;W  14 ST;10014;405 W  14 ST;True;False;False;False;True;0.755904664;75.59046643
Manhattan;Upper West Side (Central);1031302;4;;;;;;True;True;True;False;False;0.11453994;11.45399401
Manhattan;Midtown South-Flatiron-Union Square;1014299;2;;;;;;True;False;False;False;True;0.714001474;71.40014744
Manhattan;Upper West Side (Central);1030130;4;;;;;;True;True;True;False;False;0.134231249;13.42312491
Manhattan;Upper West Side (Central);1030141;5;108;76;W  76 ST;10023;108 W  76 ST;True;True;True;False;False;0.125239208;12.52392083
Manhattan;Chelsea-Hudson Yards;1013279;4;182;9;9 AVE;10011;182 9 AVE;True;False;False;False;True;0.655823931;65.58239311
Manhattan;Hell's Kitchen;1026483;4;445;46;W  46 ST;10036;445 W  46 ST;True;True;True;False;False;0.245724431;24.57244306
Manhattan;Midtown-Times Square;1024851;12;205;54;W  54 ST;10019;205 W  54 ST;True;True;False;False;False;0.65047268;65.04726798
Manhattan;Chelsea-Hudson Yards;1013483;5;307;29;W  29 ST;10001;307 W  29 ST;True;False;True;False;False;0.142076349;14.20763494
Manhattan;Upper West Side-Lincoln Square;1029930;4;129;72;W  72 ST;10023;129 W  72 ST;True;False;False;False;True;0.522761997;52.27619973
Manhattan;Upper West Side (Central);1028772;6;18;76;W  76 ST;10023;18 W  76 ST;True;True;False;False;False;0.195410684;19.54106838
Manhattan;Upper West Side (Central);1030874;4;253;76;W  76 ST;10023;253 W  76 ST;True;True;True;False;False;0.0979722;9.79722003
Manhattan;Midtown South-Flatiron-Union Square;1015621;5;1126;BROADWAY;BROADWAY;10010;1126 BROADWAY;True;False;True;False;False;0.799612477;79.96124768
Manhattan;Chelsea-Hudson Yards;1012348;4;525;23;W  23 ST;10011;525 W  23 ST;True;False;False;False;True;0.805017242;80.50172417
Manhattan;Upper West Side-Lincoln Square;1028660;4;;;;;;True;True;False;False;False;0.119924686;11.99246858
Manhattan;Chelsea-Hudson Yards;1012578;4;161;9;9 AVE;10011;161 9 AVE;False;False;False;False;False;0.155702645;15.5702645
Manhattan;Midtown South-Flatiron-Union Square;1016224;17;920;BROADWAY;BROADWAY;10010;920 BROADWAY;True;False;False;False;True;0.909064718;90.90647185
Manhattan;Chelsea-Hudson Yards;1013303;5;309;21;W  21 ST;10011;309 W  21 ST;True;False;True;False;False;0.20887632;20.88763202
Manhattan;Upper West Side-Lincoln Square;1029635;4;;;;;;True;True;True;False;False;0.110911534;11.09115345
Manhattan;Midtown-Times Square;1022617;10;128;44;W  44 ST;10036;128 W  44 ST;True;False;True;False;True;0.849551437;84.95514371
Manhattan;Midtown-Times Square;1022615;7;113;43;W  43 ST;10036;113 W  43 ST;True;False;False;False;True;0.657106352;65.71063524
Manhattan;Upper West Side (Central);1031719;3;17;95;W  95 ST;10025;17 W  95 ST;True;True;True;False;False;0.114910025;11.49100254
Manhattan;Upper West Side (Central);1031188;4;18;83;W  83 ST;10024;18 W  83 ST;True;True;True;False;False;0.142205676;14.2205676
Manhattan;Hell's Kitchen;1026442;5;435;45;W  45 ST;10036;435 W  45 ST;True;False;False;False;True;0.617169338;61.71693377
Manhattan;Hell's Kitchen;1024991;4;305;44;W  44 ST;10036;305 W  44 ST;True;True;False;False;False;0.840606025;84.06060249
Manhattan;Chelsea-Hudson Yards;1012494;6;477;10;10 AVE;10018;477 10 AVE;True;True;False;False;False;0.841897951;84.18979507
Manhattan;Midtown-Times Square;1015938;9;;;;;;True;False;False;False;True;0.730871208;73.08712083
Manhattan;Upper West Side (Central);1031226;4;39;83;W  83 ST;10024;39 W  83 ST;True;True;False;False;False;0.09312856;9.312855964
Manhattan;Midtown South-Flatiron-Union Square;1015214;3;152;34;W  34 ST;10001;152 W  34 ST;True;False;False;False;True;0.812587563;81.25875629
Manhattan;Hell's Kitchen;1025119;5;358;48;W  48 ST;10036;358 W  48 ST;True;False;False;False;True;0.66840203;66.84020298
Manhattan;Upper West Side-Lincoln Square;1028138;12;;;;;;True;True;True;False;False;0.46734486;46.73448602
Manhattan;Upper West Side-Lincoln Square;1029904;2;176;72;W  72 ST;10023;176 W  72 ST;True;False;False;False;True;0.772096654;77.20966541
Manhattan;Midtown South-Flatiron-Union Square;1015203;6;126;34;W  34 ST;10001;126 W  34 ST;False;False;False;False;False;0.791177457;79.11774566
Manhattan;Upper West Side (Central);1031475;5;36;88;W  88 ST;10024;36 W  88 ST;True;True;False;False;False;0.101430572;10.14305723
Manhattan;Chelsea-Hudson Yards;1013109;5;169;8;8 AVE;10011;169 8 AVE;True;False;False;True;True;0.644891751;64.48917507
Manhattan;Chelsea-Hudson Yards;1012325;1;541;22;W  22 ST;10011;541 W  22 ST;True;False;True;False;True;0.861195427;86.11954267
Manhattan;Upper West Side (Central);1031358;5;47;85;W  85 ST;10024;47 W  85 ST;True;True;True;False;False;0.107675381;10.76753805
Manhattan;Chelsea-Hudson Yards;1013121;4;334;19;W  19 ST;10011;334 W  19 ST;True;True;True;False;False;0.153361221;15.33612212
Manhattan;Gramercy;1018125;3;;;;;;True;True;True;False;False;0.117005368;11.70053683
Manhattan;Upper West Side (Central);1028778;4;30;76;W  76 ST;10023;30 W  76 ST;True;True;True;True;True;0.158058207;15.80582065
Manhattan;Upper West Side-Lincoln Square;1029941;4;112;73;W  73 ST;10023;112 W  73 ST;True;True;True;False;False;0.090961218;9.096121801
Manhattan;Midtown South-Flatiron-Union Square;1016088;1;39;UNION;UNION SQ W;10003;39 UNION SQ W;True;False;False;False;True;0.832718661;83.2718661
Manhattan;Midtown-Times Square;1024725;3;248;46;W  46 ST;10036;248 W  46 ST;True;False;False;False;True;0.71828833;71.828833
Manhattan;Upper West Side (Central);1028702;4;39;74;W  74 ST;10023;39 W  74 ST;True;False;True;True;True;0.148188033;14.81880327
Manhattan;Chelsea-Hudson Yards;1012540;2;436;15;W  15 ST;10011;436 W  15 ST;True;False;False;False;True;0.803971312;80.39713119
Manhattan;Gramercy;1018143;5;362;3;3 AVE;10016;362 3 AVE;True;False;False;False;True;0.654130939;65.4130939
Manhattan;Midtown-Times Square;1024705;5;249;43;W  43 ST;10036;249 W  43 ST;True;False;True;True;False;0.739310012;73.93100116
Manhattan;Hell's Kitchen;1025005;5;648;9;9 AVE;10036;648 9 AVE;True;True;True;False;False;0.253997499;25.39974994
Manhattan;Upper West Side-Lincoln Square;1028580;5;52;71;W  71 ST;10023;52 W  71 ST;True;True;True;False;False;0.174558885;17.45588845
Manhattan;Upper West Side (Central);1031101;5;302;78;W  78 ST;10024;302 W  78 ST;True;False;True;False;True;0.12680504;12.68050403
Manhattan;Midtown-Times Square;1014433;4;200;36;W  36 ST;10018;200 W  36 ST;True;False;True;False;False;0.772871752;77.28717525
Manhattan;Midtown-Times Square;1024787;1;249;49;W  49 ST;10019;249 W  49 ST;True;False;False;False;True;0.724745544;72.47455441
Manhattan;Hell's Kitchen;1026702;4;460;51;W  51 ST;10019;460 W  51 ST;True;True;False;False;False;0.158200668;15.82006684
Manhattan;Gramercy;1019510;7;235;14;E  14 ST;10003;235 E  14 ST;True;False;False;False;True;0.837502393;83.75023925
Manhattan;Chelsea-Hudson Yards;1013256;4;335;20;W  20 ST;10011;335 W  20 ST;True;True;True;False;False;0.107293124;10.72931244
Manhattan;Gramercy;1017933;5;132;20;E  20 ST;10003;132 E  20 ST;True;True;True;False;False;0.118320764;11.83207643
Manhattan;Upper West Side-Lincoln Square;1028686;5;48;74;W  74 ST;10023;48 W  74 ST;True;True;True;False;False;0.201303258;20.13032576
Manhattan;Hell's Kitchen;1026796;5;829;9;9 AVE;10019;829 9 AVE;True;False;False;False;True;0.597874242;59.78742422
Manhattan;Chelsea-Hudson Yards;1012867;5;;;;;;True;False;False;False;True;0.136696453;13.6696453
Manhattan;Chelsea-Hudson Yards;1014957;4;100;24;W  24 ST;10011;100 W  24 ST;True;False;False;False;True;0.746507574;74.65075736
Manhattan;Upper West Side (Central);1030248;4;131;78;W  78 ST;10024;131 W  78 ST;True;True;True;False;False;0.099032054;9.903205429
Manhattan;Hell's Kitchen;1024933;4;568;9;9 AVE;10036;568 9 AVE;True;False;False;False;True;0.717691253;71.76912526
Manhattan;Chelsea-Hudson Yards;1012542;5;437;16;W  16 ST;10011;437 W  16 ST;True;False;True;False;True;0.731351535;73.13515353
Manhattan;Hell's Kitchen;1026842;12;423;55;W  55 ST;10019;423 W  55 ST;True;False;False;False;True;0.826665967;82.66659674
Manhattan;Midtown South-Flatiron-Union Square;1016903;3;35;28;E  28 ST;10016;35 E  28 ST;True;False;False;False;True;0.834633879;83.46338792
Manhattan;Gramercy;1018005;6;144;22;E  22 ST;10010;144 E  22 ST;True;True;True;False;False;0.750755552;75.07555516
Manhattan;Midtown-Times Square;1015922;12;53;36;W  36 ST;10018;53 W  36 ST;True;False;False;False;True;0.87198169;87.19816896
Manhattan;Midtown-Times Square;1017361;20;36;39;E  39 ST;10016;36 E  39 ST;True;False;False;True;True;0.880523181;88.0523181
Manhattan;Chelsea-Hudson Yards;1014944;5;;;;;;True;False;False;False;True;0.701401392;70.14013922
Manhattan;Upper West Side (Central);1031752;16;175;79;W  79 ST;10024;175 W  79 ST;True;False;False;False;True;0.767832132;76.78321318
Manhattan;Midtown-Times Square;1024897;4;218;57;W  57 ST;10019;218 W  57 ST;True;False;False;False;True;0.702109083;70.2109083
Manhattan;Hell's Kitchen;1025226;3;311;51;W  51 ST;10019;311 W  51 ST;True;True;False;False;False;0.680365051;68.03650514
Manhattan;Hell's Kitchen;1025000;5;360;45;W  45 ST;10036;360 W  45 ST;True;True;True;False;False;0.280425216;28.04252162
Manhattan;Midtown South-Flatiron-Union Square;1016941;12;112;MADISON;MADISON AVE;10016;112 MADISON AVE;True;False;False;False;True;0.839131029;83.91310289
Manhattan;Midtown-Times Square;1015253;17;137;37;W  37 ST;10018;137 W  37 ST;True;False;False;False;True;0.87501018;87.50101804
Manhattan;Midtown South-Flatiron-Union Square;1015563;4.5;178;5;5 AVE;10010;178 5 AVE;True;False;False;False;True;0.568254826;56.82548257
Manhattan;Gramercy;1017935;6;128;20;E  20 ST;10003;128 E  20 ST;True;False;True;False;False;0.444719247;44.47192466
Manhattan;Chelsea-Hudson Yards;1013201;3;355;19;W  19 ST;10011;355 W  19 ST;True;True;True;False;False;0.187038686;18.70386862
Manhattan;Hell's Kitchen;1025159;5;338;49;W  49 ST;10019;338 W  49 ST;True;True;False;False;False;0.229573855;22.95738545
Manhattan;Hell's Kitchen;1025400;25;899;8;8 AVE;10019;899 8 AVE;True;False;False;False;True;0.951104014;95.11040142
Manhattan;Hell's Kitchen;1026345;5;;;;;;True;True;True;True;False;0.591963912;59.19639121
Manhattan;Gramercy;1018007;12;132;22;E  22 ST;10010;132 E  22 ST;True;False;False;False;True;0.680987266;68.09872664
Manhattan;Midtown South-Flatiron-Union Square;1015856;3;48;33;W  33 ST;10001;48 W  33 ST;False;False;False;False;False;0.773746907;77.3746907
Manhattan;Hell's Kitchen;1025139;4;313;48;W  48 ST;10036;313 W  48 ST;True;True;False;False;True;0.678571593;67.85715925
Manhattan;Midtown South-Flatiron-Union Square;1016155;8;119;5;5 AVE;10003;119 5 AVE;True;False;False;False;True;0.755710852;75.57108522
Manhattan;Upper West Side (Central);1030157;6;166;76;W  76 ST;10023;166 W  76 ST;True;False;True;False;True;0.644229717;64.42297168
Manhattan;Hell's Kitchen;1026978;5;536;47;W  47 ST;10036;536 W  47 ST;True;False;False;False;True;0.648103488;64.81034877
Manhattan;Midtown South-Flatiron-Union Square;1014240;7;;;;;;False;False;False;False;False;0.788409856;78.84098561
Manhattan;Upper West Side (Central);1031011;6;306;75;W  75 ST;10023;306 W  75 ST;True;True;False;False;False;0.469176249;46.91762492
Manhattan;Hell's Kitchen;1025134;5;;;;;;True;True;True;False;False;0.169774418;16.97744181
Manhattan;Upper West Side-Lincoln Square;1030532;5;268;73;W  73 ST;10023;268 W  73 ST;True;True;True;False;False;0.119273956;11.92739557
Manhattan;Midtown South-Flatiron-Union Square;1016227;15;141;5;5 AVE;10010;141 5 AVE;True;False;False;False;True;0.813590558;81.35905579
Manhattan;Upper West Side (Central);1030848;20;260;76;W  76 ST;10023;260 W  76 ST;True;False;False;False;True;0.790802135;79.08021349
Manhattan;Chelsea-Hudson Yards;1013756;3;94;8;8 AVE;10011;94 8 AVE;True;False;False;False;True;0.642116955;64.21169547
Manhattan;Gramercy;1017920;4;135;19;E  19 ST;10003;135 E  19 ST;True;True;True;False;False;0.105274571;10.52745711
Manhattan;Upper West Side-Lincoln Square;1028470;4;;;;;;True;True;True;False;False;0.090765462;9.076546166
Manhattan;Hell's Kitchen;1026520;5;446;47;W  47 ST;10036;446 W  47 ST;True;True;True;False;False;0.550176281;55.01762809
Manhattan;Hell's Kitchen;1026324;2;454;41;W  41 ST;10036;454 W  41 ST;True;False;True;False;True;0.832165288;83.21652879
Manhattan;Midtown South-Flatiron-Union Square;1015157;12;151;30;W  30 ST;10001;151 W  30 ST;True;False;False;False;True;0.834509393;83.45093932
Manhattan;Upper West Side-Lincoln Square;1030388;3;266;71;W  71 ST;10023;266 W  71 ST;True;True;True;False;False;0.395841294;39.58412944
Manhattan;Upper West Side (Central);1031351;4;71;85;W  85 ST;10024;71 W  85 ST;True;True;True;False;False;0.249456279;24.94562793
Manhattan;Upper West Side (Central);1031146;4;50;82;W  82 ST;10024;50 W  82 ST;True;True;True;False;False;0.148882455;14.88824548
Manhattan;Upper West Side (Central);1031626;19;2;92;W  92 ST;10025;2 W  92 ST;True;False;True;False;True;0.643958727;64.39587274
Manhattan;Upper West Side (Central);1028724;4;28;75;W  75 ST;10023;28 W  75 ST;True;True;False;False;False;0.150353357;15.03533567
Manhattan;Hell's Kitchen;1026578;3;405;47;W  47 ST;10036;405 W  47 ST;True;False;True;False;False;0.260431776;26.04317762
Manhattan;Upper West Side-Lincoln Square;1028642;4;;;;;;True;True;True;False;False;0.136092612;13.60926123
Manhattan;Midtown-Times Square;1014449;16;226;37;W  37 ST;10018;226 W  37 ST;True;False;False;False;True;0.907233594;90.72335945
Manhattan;Hell's Kitchen;1026685;5;745;9;9 AVE;10019;745 9 AVE;True;True;False;False;True;0.607628122;60.76281222
Manhattan;Hell's Kitchen;1026369;6;402;44;W  44 ST;10036;402 W  44 ST;True;False;False;False;True;0.675964802;67.59648025
Manhattan;Chelsea-Hudson Yards;1014104;4;242;8;8 AVE;10011;242 8 AVE;True;False;False;False;True;0.7225027;72.25026998
Manhattan;Gramercy;1017831;3;120;17;E  17 ST;10003;120 E  17 ST;True;True;False;False;False;0.080036012;8.003601155
Manhattan;Hell's Kitchen;1027061;15;520;56;W  56 ST;10019;520 W  56 ST;True;False;True;False;True;0.677487022;67.74870215
Manhattan;Midtown South-Flatiron-Union Square;1016079;16;6;16;E  16 ST;10003;6 E  16 ST;True;False;False;False;True;0.835983127;83.5983127
Manhattan;Midtown-Times Square;1016053;17;24;40;W  40 ST;10018;24 W  40 ST;True;False;False;False;True;0.842488429;84.24884287
Manhattan;Midtown South-Flatiron-Union Square;1014295;12;208;30;W  30 ST;10001;208 W  30 ST;True;False;False;False;True;0.854753396;85.47533964
Manhattan;Hell's Kitchen;1026430;6;628;10;10 AVE;10036;628 10 AVE;True;False;False;False;True;0.66230715;66.23071498
Manhattan;Hell's Kitchen;1027037;5;;;;;;True;True;True;False;False;0.177872948;17.78729478
Manhattan;Upper West Side-Lincoln Square;1028505;14;19;69;W  69 ST;10023;19 W  69 ST;True;False;False;False;True;0.614057766;61.40577662
Manhattan;Midtown-Times Square;1017241;6;24;39;E  39 ST;10016;24 E  39 ST;True;True;False;False;False;0.397819273;39.78192734
Manhattan;Hell's Kitchen;1026884;5;425;57;W  57 ST;10019;425 W  57 ST;True;False;True;False;False;0.434662682;43.46626818
Manhattan;Upper West Side (Central);1030137;6;328;COLUMBUS;COLUMBUS AVE;10023;328 COLUMBUS AVE;True;False;False;True;True;0.605556108;60.55561084
Manhattan;Chelsea-Hudson Yards;1012853;17;430;34;W  34 ST;10001;430 W  34 ST;True;False;False;False;True;0.854096536;85.40965359
Manhattan;Upper West Side (Central);1031033;11;320;76;W  76 ST;10023;320 W  76 ST;True;False;False;True;True;0.629807978;62.98079779
Manhattan;Gramercy;1019526;4;215;15;E  15 ST;10003;215 E  15 ST;True;True;True;False;False;0.302677972;30.26779716
Manhattan;Upper West Side (Central);1031106;5;314;78;W  78 ST;10024;314 W  78 ST;True;False;True;True;False;0.133086896;13.30868963
Manhattan;Chelsea-Hudson Yards;1014036;5;178;7;7 AVE;10011;178 7 AVE;True;False;False;False;True;0.755069826;75.50698255
Manhattan;Upper West Side-Lincoln Square;1028499;5;37;69;W  69 ST;10023;37 W  69 ST;True;True;False;True;False;0.141696455;14.16964546
Manhattan;Gramercy;1018102;12;104;26;E  26 ST;10010;104 E  26 ST;True;False;False;False;True;0.828969243;82.89692426
Manhattan;Chelsea-Hudson Yards;1014743;6;155;20;W  20 ST;10011;155 W  20 ST;True;True;True;False;False;0.589142188;58.91421884
Manhattan;Upper West Side (Central);1031532;4;62;89;W  89 ST;10024;62 W  89 ST;True;True;False;False;False;0.097104346;9.710434582
Manhattan;Chelsea-Hudson Yards;1013568;5;329;35;W  35 ST;10001;329 W  35 ST;True;False;False;False;True;0.233402748;23.34027483
Manhattan;Hell's Kitchen;1013674;4;359;39;W  39 ST;10018;359 W  39 ST;True;False;False;False;True;0.684934018;68.49340177
Manhattan;Upper West Side-Lincoln Square;1028464;9;;;;;;True;True;False;False;False;0.529504682;52.95046818
Manhattan;Midtown-Times Square;1023165;12;831;7;7 AVE;10019;831 7 AVE;True;False;False;False;True;0.668895589;66.88955891
Manhattan;Midtown-Times Square;1024858;13;210;55;W  55 ST;10019;210 W  55 ST;True;False;False;True;True;0.786282065;78.62820652
Manhattan;Upper West Side (Central);1031445;5;61;87;W  87 ST;10024;61 W  87 ST;True;True;True;False;False;0.153030832;15.30308321
Manhattan;Chelsea-Hudson Yards;1012595;5;436;20;W  20 ST;10011;436 W  20 ST;True;True;True;False;False;0.104601141;10.4601141
Manhattan;Midtown South-Flatiron-Union Square;1015689;5;242;5;5 AVE;10001;242 5 AVE;True;False;False;False;True;0.79110379;79.11037895
Manhattan;Upper West Side-Lincoln Square;1030018;4;102;74;W  74 ST;10023;102 W  74 ST;True;True;True;False;False;0.160365768;16.03657685
Manhattan;Upper West Side-Lincoln Square;1030531;4;;;;;;True;True;True;False;False;0.084903882;8.490388152
Manhattan;Chelsea-Hudson Yards;1012787;3;455;24;W  24 ST;10011;455 W  24 ST;True;True;True;False;False;0.09717964;9.717964022
Manhattan;Chelsea-Hudson Yards;1012983;7;446;38;W  38 ST;10018;446 W  38 ST;True;False;False;False;True;0.717288626;71.72886256
Manhattan;Hell's Kitchen;1026466;5;428;46;W  46 ST;10036;428 W  46 ST;True;False;True;False;True;0.174340991;17.43409905
Manhattan;Upper West Side (Central);1031437;5;28;87;W  87 ST;10024;28 W  87 ST;True;True;False;True;True;0.106791769;10.67917694
Manhattan;Gramercy;1018166;4;131;27;E  27 ST;10016;131 E  27 ST;True;True;True;False;False;0.214976642;21.4976642
Manhattan;Chelsea-Hudson Yards;1014763;4;165;21;W  21 ST;10011;165 W  21 ST;True;True;True;False;False;0.187573303;18.75733033
Manhattan;Midtown South-Flatiron-Union Square;1015751;27;842;OF THE AMERICAS;AVE OF THE AMERICAS;10001;842 AVE OF THE AMERICAS;True;True;True;False;False;0.950405761;95.04057608
Manhattan;Hell's Kitchen;1026372;3;412;44;W  44 ST;10036;412 W  44 ST;True;False;True;False;True;0.138110767;13.81107668
Manhattan;Chelsea-Hudson Yards;1013340;6;204;9;9 AVE;10011;204 9 AVE;True;True;False;False;False;0.561934039;56.19340391
Manhattan;Hell's Kitchen;1025163;5;350;49;W  49 ST;10019;350 W  49 ST;True;False;True;True;False;0.667429807;66.74298072
Manhattan;Midtown South-Flatiron-Union Square;1015688;5;240;5;5 AVE;10001;240 5 AVE;True;False;False;False;True;0.778895643;77.88956427
Manhattan;Midtown-Times Square;1014408;46;205;34;W  34 ST;10001;205 W  34 ST;True;False;False;False;True;0.90297422;90.29742202
Manhattan;Upper West Side (Central);1030274;3;111;78;W  78 ST;10024;111 W  78 ST;True;True;False;True;False;0.051430246;5.143024613
Manhattan;Midtown-Times Square;1015916;16;70;36;W  36 ST;10018;70 W  36 ST;True;False;False;False;True;0.803694796;80.36947956
Manhattan;Midtown South-Flatiron-Union Square;1015847;6;25;32;W  32 ST;10001;25 W  32 ST;True;False;False;False;True;0.794784348;79.47843483
Manhattan;Upper West Side (Central);1030093;4;158;75;W  75 ST;10023;158 W  75 ST;True;True;True;False;False;0.159240574;15.92405735
Manhattan;Gramercy;1019649;3;202;22;E  22 ST;10010;202 E  22 ST;True;False;False;False;False;0.662686989;66.26869891
Manhattan;Midtown South-Flatiron-Union Square;1015123;4;100;29;W  29 ST;10001;100 W  29 ST;True;False;True;False;False;0.73120268;73.12026796
Manhattan;Gramercy;1018169;4;104;LEXINGTON;LEXINGTON AVE;10016;104 LEXINGTON AVE;True;False;False;False;True;0.698879417;69.88794174
Manhattan;Chelsea-Hudson Yards;1012320;4;559;22;W  22 ST;10011;559 W  22 ST;True;False;False;False;True;0.872968462;87.29684622
Manhattan;Midtown South-Flatiron-Union Square;1015309;4;27;15;W  15 ST;10011;27 W  15 ST;True;False;False;False;True;0.23263705;23.26370504
Manhattan;Upper West Side-Lincoln Square;1028634;16;37;72;W  72 ST;10023;37 W  72 ST;True;False;False;False;True;0.868626894;86.86268936
Manhattan;Hell's Kitchen;1026427;6;452;45;W  45 ST;10036;452 W  45 ST;True;False;True;False;True;0.775736075;77.57360753
Manhattan;Chelsea-Hudson Yards;1013785;5;234;16;W  16 ST;10011;234 W  16 ST;True;True;True;False;False;0.183677415;18.36774147
Manhattan;Gramercy;1018174;4;133;27;E  27 ST;10016;133 E  27 ST;True;False;True;False;True;0.706376763;70.63767627
Manhattan;Midtown South-Flatiron-Union Square;1015665;12;40;27;W  27 ST;10001;40 W  27 ST;True;False;False;False;True;0.863039106;86.30391059
Manhattan;Hell's Kitchen;1026673;3;449;50;W  50 ST;10019;449 W  50 ST;True;False;False;False;True;0.073095622;7.309562233
Manhattan;Upper West Side (Central);1030193;4;;;;;;True;True;True;False;False;0.125866059;12.58660592
Manhattan;Midtown-Times Square;1016041;16;25;39;W  39 ST;10018;25 W  39 ST;True;False;False;False;True;0.804164811;80.41648111
Manhattan;Chelsea-Hudson Yards;1014725;7;155;19;W  19 ST;10011;155 W  19 ST;True;False;False;False;True;0.81048183;81.04818304
Manhattan;Midtown-Times Square;1014474;17;263;38;W  38 ST;10018;263 W  38 ST;True;False;False;False;True;0.876775679;87.6775679
Manhattan;Chelsea-Hudson Yards;1014039;3;204;21;W  21 ST;10011;204 W  21 ST;True;True;True;False;False;0.145876867;14.58768669
Manhattan;Chelsea-Hudson Yards;1014531;4;110;15;W  15 ST;10011;110 W  15 ST;True;True;True;False;False;0.109323725;10.93237252
Manhattan;Gramercy;1019621;5;248;21;E  21 ST;10010;248 E  21 ST;True;True;True;False;False;0.223293357;22.32933568
Manhattan;Midtown South-Flatiron-Union Square;1015082;1;809;OF THE AMERICAS;AVE OF THE AMERICAS;10001;809 AVE OF THE AMERICAS;True;False;False;False;True;0.815027176;81.50271762
Manhattan;Upper West Side-Lincoln Square;1028556;4;27;70;W  70 ST;10023;27 W  70 ST;True;True;False;True;True;0.153266762;15.32667621
Manhattan;Midtown South-Flatiron-Union Square;1015804;4;884;OF THE AMERICAS;AVE OF THE AMERICAS;10001;884 AVE OF THE AMERICAS;True;False;False;False;True;0.7814605;78.14604999
Manhattan;Upper West Side-Lincoln Square;1028674;5;18;74;W  74 ST;10023;18 W  74 ST;True;True;True;False;False;0.130207897;13.02078969
Manhattan;Hell's Kitchen;1027036;5;534;50;W  50 ST;10019;534 W  50 ST;True;True;True;False;False;0.255229649;25.52296486
Manhattan;Hell's Kitchen;1026630;6.5;698;10;10 AVE;10019;698 10 AVE;True;False;False;False;True;0.693452107;69.34521075
Manhattan;Chelsea-Hudson Yards;1013195;4;154;9;9 AVE;10011;154 9 AVE;True;False;False;False;True;0.619857649;61.98576492
Manhattan;Upper West Side-Lincoln Square;1028501;4;33;69;W  69 ST;10023;33 W  69 ST;True;True;True;True;False;0.159751264;15.9751264
Manhattan;Upper West Side-Lincoln Square;1030542;16;254;74;W  74 ST;10023;254 W  74 ST;True;True;False;False;False;0.671189678;67.11896783
Manhattan;Upper West Side-Lincoln Square;1030416;4;217;71;W  71 ST;10023;217 W  71 ST;True;True;True;False;False;0.098897881;9.889788148
Manhattan;Chelsea-Hudson Yards;1014973;6;;;;;;True;False;False;False;True;0.497375959;49.73759586
Manhattan;Midtown South-Flatiron-Union Square;1015735;16;2;29;W  29 ST;10001;2 W  29 ST;True;False;False;False;True;0.886424637;88.64246366
Manhattan;Midtown South-Flatiron-Union Square;1016187;8;129;5;5 AVE;10003;129 5 AVE;True;False;False;False;True;0.768411692;76.84116923
Manhattan;Midtown South-Flatiron-Union Square;1015095;18;150;28;W  28 ST;10001;150 W  28 ST;True;False;False;False;True;0.884667355;88.4667355
Manhattan;Chelsea-Hudson Yards;1013475;4.5;;;;;;True;True;True;False;False;0.118351145;11.83511449
Manhattan;Hell's Kitchen;1026563;4;419;47;W  47 ST;10036;419 W  47 ST;True;True;False;False;False;0.132563047;13.25630467
Manhattan;Upper West Side-Lincoln Square;1030387;4;262;71;W  71 ST;10023;262 W  71 ST;True;True;True;False;False;0.122945727;12.29457273
Manhattan;Upper West Side-Lincoln Square;1029751;4;129;70;W  70 ST;10023;129 W  70 ST;True;True;True;False;False;0.099160963;9.916096321
Manhattan;Upper West Side (Central);1030202;4;;;;;;True;True;True;False;False;0.069592194;6.959219398
Manhattan;Midtown-Times Square;1016020;12;57;38;W  38 ST;10018;57 W  38 ST;True;False;False;False;True;0.774899554;77.48995537
Manhattan;Chelsea-Hudson Yards;1013054;7;139;8;8 AVE;10011;139 8 AVE;True;False;False;False;True;0.611713709;61.17137088
Manhattan;Upper West Side-Lincoln Square;1028624;5;44;72;W  72 ST;10023;44 W  72 ST;True;True;True;False;False;0.53323595;53.32359499
Manhattan;Upper West Side (Central);1031791;5;163;79;W  79 ST;10024;163 W  79 ST;True;True;False;False;False;0.168537261;16.85372606
Manhattan;Upper West Side (Central);1031362;5;;;;;;True;True;True;False;False;0.293935121;29.39351207
Manhattan;Gramercy;1018080;5;160;25;E  25 ST;10010;160 E  25 ST;True;False;False;False;True;0.515049226;51.50492257
Manhattan;Upper West Side (Central);1031171;4;29;82;W  82 ST;10024;29 W  82 ST;True;True;True;False;False;0.13070429;13.07042902
Manhattan;Chelsea-Hudson Yards;1012886;6;447;36;W  36 ST;10018;447 W  36 ST;True;False;False;False;True;0.340642685;34.06426847
Manhattan;Hell's Kitchen;1026865;5;419;56;W  56 ST;10019;419 W  56 ST;True;True;False;False;False;0.150101106;15.01011061
Manhattan;Upper West Side-Lincoln Square;1028579;4;50;71;W  71 ST;10023;50 W  71 ST;True;True;True;False;False;0.11165662;11.16566202
Manhattan;Upper West Side-Lincoln Square;1030976;5;;;;;;True;True;True;False;False;0.059740579;5.974057862
Manhattan;Midtown South-Flatiron-Union Square;1015737;5;12;29;W  29 ST;10001;12 W  29 ST;True;True;False;False;False;0.174997828;17.49978278
Manhattan;Upper West Side-Lincoln Square;1028134;5;15;64;W  64 ST;10023;15 W  64 ST;True;True;True;False;False;0.187817804;18.78178044
Manhattan;Chelsea-Hudson Yards;1014777;12;132;22;W  22 ST;10011;132 W  22 ST;True;False;False;False;True;0.822229942;82.22299421
Manhattan;Upper West Side (Central);1030099;3;;;;;;True;False;False;False;True;0.554513977;55.45139767
Manhattan;Chelsea-Hudson Yards;1013281;4;;;;;;True;False;False;False;True;0.59976088;59.97608798
Manhattan;Chelsea-Hudson Yards;1013527;4;317;30;W  30 ST;10001;317 W  30 ST;True;True;True;False;False;0.226154344;22.61543442
Manhattan;Hell's Kitchen;1026050;6;;;;;;True;False;False;False;True;0.69207418;69.20741803
Manhattan;Upper West Side-Lincoln Square;1030509;5;247;72;W  72 ST;10023;247 W  72 ST;True;True;False;False;False;0.611538788;61.15387882
Manhattan;Midtown South-Flatiron-Union Square;1015192;14;159;33;W  33 ST;10001;159 W  33 ST;True;False;True;False;False;0.893661659;89.36616594
Manhattan;Chelsea-Hudson Yards;1012647;3;426;22;W  22 ST;10011;426 W  22 ST;True;True;True;False;False;0.12964943;12.96494299
Manhattan;Chelsea-Hudson Yards;1013328;3;;;;;;True;True;True;False;False;0.08783106;8.78310597
Manhattan;Midtown-Times Square;1024656;38;200;42;W  42 ST;10036;200 W  42 ST;True;False;False;False;True;0.863441111;86.34411114
Manhattan;Upper West Side (Central);1031337;5.5;74;85;W  85 ST;10024;74 W  85 ST;True;True;True;False;False;0.669136636;66.91366362
Manhattan;Upper West Side-Lincoln Square;1030526;4;252;73;W  73 ST;10023;252 W  73 ST;True;True;True;False;False;0.105806068;10.5806068
Manhattan;Midtown-Times Square;1014466;14;252;38;W  38 ST;10018;252 W  38 ST;True;False;False;False;True;0.897293309;89.72933091
Manhattan;Chelsea-Hudson Yards;1014540;6;154;15;W  15 ST;10011;154 W  15 ST;True;True;True;False;False;0.52868294;52.86829404
Manhattan;Hell's Kitchen;1025036;4;372;46;W  46 ST;10036;372 W  46 ST;True;True;False;False;False;0.205688243;20.56882433
Manhattan;Chelsea-Hudson Yards;1014554;3;127;15;W  15 ST;10011;127 W  15 ST;True;True;True;False;False;0.132516165;13.25161647
Manhattan;Upper West Side (Central);1030996;19;;;;;;True;True;False;False;False;0.633891157;63.38911572
Manhattan;Midtown-Times Square;1023382;15;159;54;W  54 ST;10019;159 W  54 ST;True;False;False;False;True;0.88161985;88.16198504
Manhattan;Gramercy;1019577;3;212;18;E  18 ST;10003;212 E  18 ST;True;False;True;True;True;0.146492271;14.64922713
Manhattan;Gramercy;1017860;20;106;18;E  18 ST;10003;106 E  18 ST;False;False;False;False;False;0.684141422;68.41414221
Manhattan;Chelsea-Hudson Yards;1014580;3;579;OF THE AMERICAS;AVE OF THE AMERICAS;10011;579 AVE OF THE AMERICAS;True;False;False;False;True;0.773579445;77.35794449
Manhattan;Upper West Side (Central);1031507;4;31;88;W  88 ST;10024;31 W  88 ST;True;True;True;False;False;0.13501506;13.50150597
Manhattan;Gramercy;1020401;7;331;14;E  14 ST;10003;331 E  14 ST;True;False;False;False;True;0.483481038;48.34810383
Manhattan;Upper West Side (Central);1031770;4;114;80;W  80 ST;10024;114 W  80 ST;True;True;False;False;False;0.109359972;10.93599721
Manhattan;Upper West Side (Central);1030060;4;133;74;W  74 ST;10023;133 W  74 ST;True;False;True;False;True;0.164034056;16.40340556
Manhattan;Upper West Side-Lincoln Square;1029781;4;108;71;W  71 ST;10023;108 W  71 ST;True;True;True;False;False;0.154186856;15.41868562
Manhattan;Upper West Side-Lincoln Square;1028136;6;;;;;;True;True;True;True;True;0.377270264;37.72702635
Manhattan;Midtown South-Flatiron-Union Square;1015031;4;;;;;;True;False;False;False;True;0.723404901;72.34049011
Manhattan;Upper West Side (Central);1028799;4;51;76;W  76 ST;10023;51 W  76 ST;True;False;True;False;True;0.13624536;13.62453598
Manhattan;Midtown-Times Square;1017206;22;52;PARK;PARK AVE;10016;52 PARK AVE;True;True;False;False;False;0.809104075;80.91040745
Manhattan;Midtown South-Flatiron-Union Square;1015771;12;24;30;W  30 ST;10001;24 W  30 ST;True;False;False;False;True;0.801803913;80.18039129
Manhattan;Hell's Kitchen;1026435;5;627;9;9 AVE;10036;627 9 AVE;False;False;False;False;False;0.628044796;62.80447963
Manhattan;Gramercy;1017834;6;112;17;E  17 ST;10003;112 E  17 ST;True;True;True;False;False;0.477721253;47.77212527
Manhattan;Hell's Kitchen;1026789;5;;;;;;True;True;True;False;False;0.133230302;13.3230302
Manhattan;Hell's Kitchen;1026384;3;454;44;W  44 ST;10036;454 W  44 ST;True;True;True;False;False;0.080505236;8.050523619
Manhattan;Chelsea-Hudson Yards;1013759;5;253;15;W  15 ST;10011;253 W  15 ST;True;True;True;False;False;0.211285769;21.12857685
Manhattan;Midtown-Times Square;1024766;5;246;48;W  48 ST;10036;246 W  48 ST;True;False;False;False;True;0.706377133;70.63771326
Manhattan;Chelsea-Hudson Yards;1013736;4;206;15;W  15 ST;10011;206 W  15 ST;True;True;True;False;False;0.113275442;11.32754424
Manhattan;Upper West Side-Lincoln Square;1030350;15;208;70;W  70 ST;10023;208 W  70 ST;True;False;False;False;True;0.836636586;83.66365857
Manhattan;Hell's Kitchen;1026715;4;;;;;;True;True;True;False;False;0.257318403;25.73184025
Manhattan;Hell's Kitchen;1026841;6;444;56;W  56 ST;10019;444 W  56 ST;True;False;True;False;False;0.54414383;54.41438303
Manhattan;Hell's Kitchen;1027006;2;554;48;W  48 ST;10036;554 W  48 ST;True;True;False;False;False;0.805134663;80.51346625
Manhattan;Midtown South-Flatiron-Union Square;1016249;5;31;21;E  21 ST;10010;31 E  21 ST;True;True;False;False;False;0.53708869;53.70886903
Manhattan;Upper West Side (Central);1030187;4;168;77;W  77 ST;10024;168 W  77 ST;True;True;True;False;False;0.161244884;16.12448837
Manhattan;Gramercy;1017993;14;45;GRAMERCY;GRAMERCY PARK N;10010;45 GRAMERCY PARK N;True;False;False;False;True;0.728901144;72.8901144
Manhattan;Upper West Side (Central);1030277;3;105;78;W  78 ST;10024;105 W  78 ST;True;True;True;True;False;0.119051767;11.90517666
Manhattan;Chelsea-Hudson Yards;1013726;5;215;14;W  14 ST;10011;215 W  14 ST;True;False;False;False;True;0.635147204;63.5147204
Manhattan;Upper West Side (Central);1031747;4;9;95;W  95 ST;10025;9 W  95 ST;True;True;False;False;False;0.144609578;14.46095781
Manhattan;Upper West Side (Central);1031319;4;24;85;W  85 ST;10024;24 W  85 ST;True;True;True;False;False;0.105060136;10.50601363
Manhattan;Chelsea-Hudson Yards;1012643;4.5;402;22;W  22 ST;10011;402 W  22 ST;True;False;False;False;False;0.17333511;17.33351099
Manhattan;Gramercy;1017868;5;65;IRVING;IRVING PL;10003;65 IRVING PL;True;False;False;True;True;0.785393773;78.53937735
Manhattan;Chelsea-Hudson Yards;1013533;3;407;8;8 AVE;10001;407 8 AVE;True;False;False;False;True;0.756508886;75.65088856
Manhattan;Upper West Side (Central);1028758;4;23;75;W  75 ST;10023;23 W  75 ST;True;True;True;True;False;0.317437134;31.74371335
Manhattan;Midtown South-Flatiron-Union Square;1016123;3;859;BROADWAY;BROADWAY;10003;859 BROADWAY;True;False;False;False;True;0.522906713;52.29067128
Manhattan;Upper West Side (Central);1030121;4;;;;;;True;True;True;False;False;0.081739038;8.173903766
Manhattan;Upper West Side (Central);1030853;4;344;END;W  END AVE;10024;344 W  END AVE;True;True;True;False;False;0.10237417;10.23741704
Manhattan;Midtown South-Flatiron-Union Square;1015653;6;226;5;5 AVE;10001;226 5 AVE;True;False;False;False;True;0.807826091;80.78260907
Manhattan;Midtown South-Flatiron-Union Square;1015202;5;124;34;W  34 ST;10001;124 W  34 ST;True;False;False;False;True;0.792044031;79.20440312
Manhattan;Hell's Kitchen;1026506;5;436;47;W  47 ST;10036;436 W  47 ST;True;True;True;False;False;0.162329368;16.23293683
Manhattan;Chelsea-Hudson Yards;1013364;4;326;23;W  23 ST;10011;326 W  23 ST;True;True;True;False;False;0.601194499;60.1194499
Manhattan;Midtown South-Flatiron-Union Square;1015098;9;;;;;;True;False;False;False;True;0.827372281;82.73722809
Manhattan;Hell's Kitchen;1026939;3;527;45;W  45 ST;10036;527 W  45 ST;True;True;False;False;False;0.773140918;77.31409185
Manhattan;Upper West Side (Central);1031798;33;101;79;W  79 ST;10024;101 W  79 ST;True;False;False;False;True;0.958972353;95.89723532
Manhattan;Hell's Kitchen;1026985;6;525;47;W  47 ST;10036;525 W  47 ST;True;False;True;False;True;0.490089954;49.00899536
Manhattan;Hell's Kitchen;1025225;3;321;51;W  51 ST;10019;321 W  51 ST;True;True;True;False;False;0.468781701;46.87817011
Manhattan;Chelsea-Hudson Yards;1014046;4;226;21;W  21 ST;10011;226 W  21 ST;True;True;True;False;False;0.158924585;15.89245854
Manhattan;Midtown-Times Square;1014410;3;204;35;W  35 ST;10001;204 W  35 ST;True;False;False;False;True;0.75959161;75.95916099
Manhattan;Upper West Side (Central);1031761;5;123;79;W  79 ST;10024;123 W  79 ST;True;True;False;False;False;0.172572003;17.25720034
Manhattan;Upper West Side (Central);1031082;4;328;77;W  77 ST;10024;328 W  77 ST;True;True;True;False;False;0.104318887;10.43188867
Manhattan;Gramercy;1018006;6;134;22;E  22 ST;10010;134 E  22 ST;True;False;False;False;True;0.823067638;82.30676378
Manhattan;Gramercy;1018183;4;388;3;3 AVE;10016;388 3 AVE;True;False;False;False;True;0.68946711;68.94671098
Manhattan;Upper West Side-Lincoln Square;1029949;4;134;73;W  73 ST;10023;134 W  73 ST;True;True;True;False;False;0.097077801;9.707780058
Manhattan;Upper West Side-Lincoln Square;1030352;27;200;END;W  END AVE;10023;200 W  END AVE;True;False;False;False;True;0.940646576;94.0646576
Manhattan;Chelsea-Hudson Yards;1012796;6;;;;;;True;False;False;False;True;0.49592562;49.59256199
Manhattan;Upper West Side (Central);1031601;4;47;90;W  90 ST;10024;47 W  90 ST;True;True;True;False;False;0.132791371;13.27913706
Manhattan;Upper West Side (Central);1031533;4;66;89;W  89 ST;10024;66 W  89 ST;True;True;True;False;False;0.143733315;14.37333149
Manhattan;Upper West Side (Central);1031433;4.5;68;87;W  87 ST;10024;68 W  87 ST;True;True;True;False;False;0.109525295;10.95252947
Manhattan;Chelsea-Hudson Yards;1014740;5;152;20;W  20 ST;10011;152 W  20 ST;True;True;False;True;True;0.23563981;23.56398096
Manhattan;Hell's Kitchen;1025155;5;330;49;W  49 ST;10019;330 W  49 ST;True;True;False;False;False;0.229060791;22.90607912
Manhattan;Upper West Side-Lincoln Square;1028494;4;49;69;W  69 ST;10023;49 W  69 ST;True;True;True;False;False;0.152032578;15.20325778
Manhattan;Upper West Side (Central);1028773;6;20;76;W  76 ST;10023;20 W  76 ST;True;True;False;False;False;0.377145674;37.71456742
Manhattan;Upper West Side (Central);1030077;4;114;75;W  75 ST;10023;114 W  75 ST;True;True;True;False;False;0.113068863;11.30688635
Manhattan;Midtown South-Flatiron-Union Square;1015488;3;47;20;W  20 ST;10011;47 W  20 ST;True;False;True;False;False;0.608236494;60.82364942
Manhattan;Upper West Side-Lincoln Square;1030513;5;239;72;W  72 ST;10023;239 W  72 ST;True;False;False;False;True;0.209102755;20.91027548
Manhattan;Midtown South-Flatiron-Union Square;1015738;5;14;29;W  29 ST;10001;14 W  29 ST;True;False;False;False;False;0.617793742;61.77937419
Manhattan;Midtown South-Flatiron-Union Square;1015631;12;38;26;W  26 ST;10010;38 W  26 ST;True;False;False;False;True;0.873187412;87.31874116
Manhattan;Upper West Side (Central);1031138;16;25;81;W  81 ST;10024;25 W  81 ST;True;False;False;False;True;0.575209225;57.52092251
Manhattan;Hell's Kitchen;1026441;;;;;;;True;False;True;False;False;0.341999278;34.19992775
Manhattan;Upper West Side (Central);1031428;4;56;87;W  87 ST;10024;56 W  87 ST;True;True;True;False;False;0.133017608;13.30176082
Manhattan;Midtown-Times Square;1024781;9;220;49;W  49 ST;10019;220 W  49 ST;True;True;False;False;False;0.467664775;46.76647753
Manhattan;Chelsea-Hudson Yards;1012443;3;525;29;W  29 ST;10001;525 W  29 ST;True;False;False;False;True;0.799558838;79.95588379
Manhattan;Upper West Side (Central);1028744;4;55;75;W  75 ST;10023;55 W  75 ST;True;True;True;True;False;0.160123209;16.01232092
Manhattan;Midtown-Times Square;1014493;12;275;39;W  39 ST;10018;275 W  39 ST;True;False;False;False;True;0.840833309;84.08333089
Manhattan;Upper West Side (Central);1031552;4;47;89;W  89 ST;10024;47 W  89 ST;True;True;True;False;False;0.140329959;14.03299594
Manhattan;Gramercy;1018085;7;122;25;E  25 ST;10010;122 E  25 ST;True;False;False;False;True;0.773018007;77.30180071
Manhattan;Gramercy;1018086;12;118;25;E  25 ST;10010;118 E  25 ST;True;False;False;False;True;0.755580076;75.5580076
Manhattan;Upper West Side (Central);1031207;4;51;82;W  82 ST;10024;51 W  82 ST;True;True;True;False;False;0.089455423;8.94554231
Manhattan;Hell's Kitchen;1026623;5;446;49;W  49 ST;10019;446 W  49 ST;True;True;True;False;False;0.210562584;21.05625844
Manhattan;Upper West Side-Lincoln Square;1029647;4;103;69;W  69 ST;10023;103 W  69 ST;True;True;True;False;False;0.166286044;16.62860444
Manhattan;Midtown South-Flatiron-Union Square;1016296;2;26;23;E  23 ST;10010;26 E  23 ST;True;False;False;False;True;0.788074971;78.80749705
Manhattan;Upper West Side (Central);1030124;4;131;75;W  75 ST;10023;131 W  75 ST;True;True;True;False;False;0.160369218;16.03692179
Manhattan;Gramercy;1017808;4;136;16;E  16 ST;10003;136 E  16 ST;True;True;True;False;False;0.143213048;14.32130483
Manhattan;Gramercy;1017914;16;123;19;E  19 ST;10003;123 E  19 ST;True;False;False;False;True;0.746964591;74.69645909
Manhattan;Midtown-Times Square;1023159;49;140;53;W  53 ST;10019;140 W  53 ST;True;False;False;False;True;0.984683643;98.46836425
Manhattan;Hell's Kitchen;1026970;5;665;10;10 AVE;10036;665 10 AVE;True;True;True;False;False;0.621169143;62.11691432
Manhattan;Chelsea-Hudson Yards;1013128;3;;;;;;True;False;False;False;True;0.634422708;63.4422708
Manhattan;Midtown South-Flatiron-Union Square;1016157;5;125;5;5 AVE;10003;125 5 AVE;True;False;False;False;True;0.833170102;83.3170102
Manhattan;Upper West Side-Lincoln Square;1030442;5;242;72;W  72 ST;10023;242 W  72 ST;True;False;False;False;True;0.131525274;13.15252737
Manhattan;Upper West Side (Central);1030068;4;105;74;W  74 ST;10023;105 W  74 ST;True;True;True;True;False;0.152352664;15.2352664
Manhattan;Upper West Side-Lincoln Square;1029954;4;146;73;W  73 ST;10023;146 W  73 ST;True;True;True;True;True;0.155634592;15.56345919
Manhattan;Upper West Side (Central);1031756;16;147;79;W  79 ST;10024;147 W  79 ST;True;False;False;False;True;0.68888019;68.88801903
Manhattan;Chelsea-Hudson Yards;1014570;4;148;16;W  16 ST;10011;148 W  16 ST;True;False;True;False;False;0.158540795;15.85407946
Manhattan;Chelsea-Hudson Yards;1013730;5;205;14;W  14 ST;10011;205 W  14 ST;True;False;False;False;True;0.786123257;78.61232574
Manhattan;Upper West Side-Lincoln Square;1028141;5;42;65;W  65 ST;10023;42 W  65 ST;True;True;True;False;False;0.193237857;19.32378567
Manhattan;Chelsea-Hudson Yards;1013125;3;360;19;W  19 ST;10011;360 W  19 ST;True;True;True;False;False;0.103731419;10.37314188
Manhattan;Hell's Kitchen;1026443;5;433;45;W  45 ST;10036;433 W  45 ST;True;True;True;False;False;0.6240896;62.40895996
Manhattan;Chelsea-Hudson Yards;1014032;7;209;20;W  20 ST;10011;209 W  20 ST;True;False;False;True;True;0.629169081;62.91690807
Manhattan;Upper West Side-Lincoln Square;1030553;4;286;END;W  END AVE;10023;286 W  END AVE;True;True;False;False;False;0.097524625;9.752462527
Manhattan;Upper West Side (Central);1031709;3;47;95;W  95 ST;10025;47 W  95 ST;True;True;False;False;False;0.051126167;5.112616735
Manhattan;Chelsea-Hudson Yards;1014946;4;;;;;;True;False;False;False;True;0.585131002;58.51310021
Manhattan;Chelsea-Hudson Yards;1012620;5;449;21;W  21 ST;10011;449 W  21 ST;True;True;True;False;False;0.120627221;12.06272215
Manhattan;Midtown South-Flatiron-Union Square;1015657;13;10;27;W  27 ST;10001;10 W  27 ST;True;False;False;False;True;0.77288956;77.28895599
Manhattan;Upper West Side-Lincoln Square;1028631;7;261;COLUMBUS;COLUMBUS AVE;10023;261 COLUMBUS AVE;True;False;False;False;True;0.655308505;65.5308505
Manhattan;Upper West Side (Central);1028698;4;;;;;;True;True;False;False;False;0.125759818;12.57598176
Manhattan;Chelsea-Hudson Yards;1013084;5;310;18;W  18 ST;10011;310 W  18 ST;True;True;True;False;False;0.160723959;16.07239592
Manhattan;Chelsea-Hudson Yards;1013803;4;;;;;;True;True;True;False;False;0.136046832;13.60468325
Manhattan;Chelsea-Hudson Yards;1014769;4;145;21;W  21 ST;10011;145 W  21 ST;True;False;True;False;True;0.686509429;68.65094293
Manhattan;Upper West Side-Lincoln Square;1028651;4;63;73;W  73 ST;10023;63 W  73 ST;True;True;False;False;False;0.143024614;14.30246139
Manhattan;Midtown-Times Square;1017191;11;1;37;E  37 ST;10016;1 E  37 ST;True;False;False;False;True;0.800927442;80.0927442
Manhattan;Hell's Kitchen;1026515;3;403;46;W  46 ST;10036;403 W  46 ST;True;True;True;False;False;0.476042921;47.60429214
Manhattan;Midtown South-Flatiron-Union Square;1015809;12;25;31;W  31 ST;10001;25 W  31 ST;True;True;False;False;False;0.87418063;87.41806303
Manhattan;Chelsea-Hudson Yards;1013512;4;360;9;9 AVE;10001;360 9 AVE;True;False;False;False;True;0.697775585;69.77755848
Manhattan;Midtown South-Flatiron-Union Square;1015198;18;131;33;W  33 ST;10001;131 W  33 ST;True;False;False;False;True;0.87234737;87.23473703
Manhattan;Hell's Kitchen;1026764;5;401;53;W  53 ST;10019;401 W  53 ST;True;False;True;False;True;0.620007025;62.00070248
Manhattan;Chelsea-Hudson Yards;1014029;5;221;20;W  20 ST;10011;221 W  20 ST;True;True;False;False;False;0.160940242;16.09402422
Manhattan;Midtown South-Flatiron-Union Square;1015089;7;130;28;W  28 ST;10001;130 W  28 ST;True;False;False;False;True;0.807602202;80.76022023
Manhattan;Upper West Side-Lincoln Square;1028437;5;181;COLUMBUS;COLUMBUS AVE;10023;181 COLUMBUS AVE;False;False;False;False;False;0.581256874;58.12568735
Manhattan;Midtown South-Flatiron-Union Square;1016904;10;37;28;E  28 ST;10016;37 E  28 ST;True;False;False;False;True;0.842908135;84.2908135
Manhattan;Upper West Side (Central);1031600;4;51;90;W  90 ST;10024;51 W  90 ST;True;True;True;False;False;0.049455579;4.945557861
Manhattan;Hell's Kitchen;1013654;2;;;;;;True;False;False;False;True;0.71733755;71.73375502
Manhattan;Upper West Side-Lincoln Square;1030504;4;273;72;W  72 ST;10023;273 W  72 ST;True;False;False;False;True;0.566318018;56.63180183
Manhattan;Gramercy;1019581;7;211;18;E  18 ST;10003;211 E  18 ST;True;False;False;False;True;0.647238114;64.7238114
Manhattan;Midtown-Times Square;1015220;5;101;34;W  34 ST;10001;101 W  34 ST;True;False;False;False;True;0.757143081;75.71430806
Manhattan;Chelsea-Hudson Yards;1014113;4;229;22;W  22 ST;10011;229 W  22 ST;True;True;True;False;False;0.138770208;13.87702079
Manhattan;Chelsea-Hudson Yards;1014004;6;252;20;W  20 ST;10011;252 W  20 ST;True;True;True;False;False;0.531996552;53.19965524
Manhattan;Upper West Side-Lincoln Square;1028516;9;30;70;W  70 ST;10023;30 W  70 ST;True;False;False;False;True;0.804424948;80.44249478
Manhattan;Upper West Side (Central);1031633;4;49;92;W  92 ST;10025;49 W  92 ST;True;True;True;False;False;0.090437248;9.043724829
Manhattan;Upper West Side (Central);1028789;7;335;COLUMBUS;COLUMBUS AVE;10023;335 COLUMBUS AVE;True;False;True;False;False;0.598838834;59.8838834
Manhattan;Midtown South-Flatiron-Union Square;1015507;4;36;21;W  21 ST;10010;36 W  21 ST;True;False;False;False;True;0.58543171;58.54317098
Manhattan;Chelsea-Hudson Yards;1014597;6;154;17;W  17 ST;10011;154 W  17 ST;False;False;False;False;False;0.429927203;42.99272026
Manhattan;Upper West Side (Central);1031689;4;32;95;W  95 ST;10025;32 W  95 ST;True;True;True;False;False;0.15603804;15.60380404
Manhattan;Chelsea-Hudson Yards;1012603;4;452;20;W  20 ST;10011;452 W  20 ST;True;True;True;False;False;0.109395752;10.93957525
Manhattan;Chelsea-Hudson Yards;1013036;4;350;15;W  15 ST;10011;350 W  15 ST;True;True;True;False;False;0.120599379;12.05993789
Manhattan;Hell's Kitchen;1026576;3;461;47;W  47 ST;10036;461 W  47 ST;True;True;True;False;False;0.641929836;64.19298361
Manhattan;Hell's Kitchen;1025438;5;304;56;W  56 ST;10019;304 W  56 ST;True;False;True;False;True;0.736363055;73.63630552
Manhattan;Upper West Side (Central);1031254;9;20;84;W  84 ST;10024;20 W  84 ST;True;False;False;False;True;0.628970679;62.8970679
Manhattan;Hell's Kitchen;1025253;5;794;9;9 AVE;10019;794 9 AVE;True;False;False;False;True;0.641185536;64.1185536
Manhattan;Upper West Side-Lincoln Square;1030508;5;251;72;W  72 ST;10023;251 W  72 ST;True;True;False;False;False;0.577946791;57.79467905
Manhattan;Upper West Side-Lincoln Square;1027195;30;26;61;W  61 ST;10023;26 W  61 ST;True;False;False;False;True;0.948164103;94.81641028
Manhattan;Midtown-Times Square;1015951;13;40;37;W  37 ST;10018;40 W  37 ST;True;False;False;False;True;0.866579085;86.65790855
Manhattan;Hell's Kitchen;1026867;4;415;56;W  56 ST;10019;415 W  56 ST;True;True;True;False;False;0.183190279;18.31902787
Manhattan;Upper West Side (Central);1031237;3;46;84;W  84 ST;10024;46 W  84 ST;True;True;False;False;False;0.119657053;11.96570529
Manhattan;Chelsea-Hudson Yards;1012679;5;;;;;;True;True;True;False;False;0.099332793;9.933279324
Manhattan;Midtown South-Flatiron-Union Square;1014306;8;260;30;W  30 ST;10001;260 W  30 ST;True;False;False;False;True;0.784820204;78.48202042
Manhattan;Midtown-Times Square;1015897;12;3;35;W  35 ST;10001;3 W  35 ST;True;False;False;False;True;0.800188479;80.0188479
Manhattan;Midtown South-Flatiron-Union Square;1016213;12;260;PARK;PARK AVE S;10010;260 PARK AVE S;True;False;False;False;True;0.775496782;77.54967819
Manhattan;Chelsea-Hudson Yards;1013884;12;220;19;W  19 ST;10011;220 W  19 ST;True;False;False;False;True;0.837334921;83.73349206
Manhattan;Gramercy;1020563;7;332;22;E  22 ST;10010;332 E  22 ST;True;False;False;False;True;0.72664598;72.66459799
Manhattan;Upper West Side (Central);1031185;3;10;83;W  83 ST;10024;10 W  83 ST;True;True;True;False;False;0.093713137;9.371313714
Manhattan;Upper West Side-Lincoln Square;1030954;4;343;71;W  71 ST;10023;343 W  71 ST;True;True;True;False;False;0.126670428;12.66704277
Manhattan;Hell's Kitchen;1024932;5;355;41;W  41 ST;10036;355 W  41 ST;True;False;False;False;True;0.689975938;68.99759382
Manhattan;Chelsea-Hudson Yards;1012365;1;537;24;W  24 ST;10011;537 W  24 ST;False;False;False;False;False;0.786611303;78.66113026
Manhattan;Midtown South-Flatiron-Union Square;1016302;4;14;23;E  23 ST;10010;14 E  23 ST;True;False;False;False;True;0.776392543;77.63925427
Manhattan;Hell's Kitchen;1026930;1;518;44;W  44 ST;10036;518 W  44 ST;True;False;False;False;True;0.708316784;70.83167843
Manhattan;Upper West Side (Central);1031779;4;140;80;W  80 ST;10024;140 W  80 ST;True;True;True;False;False;0.108485112;10.84851116
Manhattan;Chelsea-Hudson Yards;1013020;5;315;14;W  14 ST;10014;315 W  14 ST;True;True;True;False;False;0.496096147;49.60961473
Manhattan;Midtown South-Flatiron-Union Square;1015392;6;3;16;W  16 ST;10011;3 W  16 ST;True;True;False;False;False;0.759690575;75.96905746
Manhattan;Upper West Side-Lincoln Square;1028547;5;51;70;W  70 ST;10023;51 W  70 ST;True;True;True;False;False;0.104553198;10.45531978
Manhattan;Hell's Kitchen;1026902;4;420;58;W  58 ST;10019;420 W  58 ST;True;False;False;False;True;0.139310607;13.93106068
Manhattan;Midtown South-Flatiron-Union Square;1016169;8;;;;;;True;False;False;False;True;0.762112128;76.21121279
Manhattan;Upper West Side (Central);1031251;3;50;84;W  84 ST;10024;50 W  84 ST;True;True;False;False;False;0.051075905;5.107590487
Manhattan;Midtown-Times Square;1015888;12;45;35;W  35 ST;10001;45 W  35 ST;True;False;False;True;True;0.735833451;73.58334511
Manhattan;Chelsea-Hudson Yards;1013022;4;309;14;W  14 ST;10014;309 W  14 ST;True;False;True;True;True;0.531873787;53.18737871
Manhattan;Chelsea-Hudson Yards;1013574;14;315;35;W  35 ST;10001;315 W  35 ST;True;False;False;False;True;0.895064758;89.50647578
Manhattan;Upper West Side (Central);1031742;3;49;95;W  95 ST;10025;49 W  95 ST;True;True;False;False;False;0.091568206;9.156820566
Manhattan;Upper West Side-Lincoln Square;1030332;8;241;63;W  63 ST;10023;241 W  63 ST;True;True;False;False;False;0.612865417;61.28654173
Manhattan;Upper West Side-Lincoln Square;1028584;5;62;71;W  71 ST;10023;62 W  71 ST;True;True;False;True;True;0.179846478;17.9846478
Manhattan;Upper West Side-Lincoln Square;1030345;1;162;AMSTERDAM;AMSTERDAM AVE;10023;162 AMSTERDAM AVE;True;False;False;False;True;0.811116239;81.11162386
Manhattan;Hell's Kitchen;1013650;12;318;39;W  39 ST;10018;318 W  39 ST;True;False;False;False;True;0.796399694;79.63996939
Manhattan;Chelsea-Hudson Yards;1012633;5;411;21;W  21 ST;10011;411 W  21 ST;True;True;True;True;False;0.117020958;11.70209577
Manhattan;Midtown South-Flatiron-Union Square;1015399;7;22;17;W  17 ST;10011;22 W  17 ST;True;False;False;False;True;0.55432443;55.43244297
Manhattan;Upper West Side (Central);1031197;5;58;83;W  83 ST;10024;58 W  83 ST;True;True;True;False;False;0.096680225;9.668022464
Manhattan;Upper West Side (Central);1031758;12;135;79;W  79 ST;10024;135 W  79 ST;True;True;True;False;False;0.616689055;61.66890546
Manhattan;Midtown South-Flatiron-Union Square;1015582;4;;;;;;False;False;False;False;False;0.733679814;73.36798139
Manhattan;Gramercy;1018053;4;168;24;E  24 ST;10010;168 E  24 ST;True;True;False;False;False;0.654964863;65.49648633
Manhattan;Hell's Kitchen;1027031;12;519;49;W  49 ST;10019;519 W  49 ST;True;True;True;False;False;0.645827109;64.58271089
Manhattan;Chelsea-Hudson Yards;1013967;5;261;19;W  19 ST;10011;261 W  19 ST;True;False;False;False;True;0.63252987;63.25298699
Manhattan;Midtown South-Flatiron-Union Square;1016258;9;;;;;;True;False;True;False;True;0.760722815;76.07228147
Manhattan;Upper West Side-Lincoln Square;1030044;4.5;;;;;;True;True;True;False;False;0.087055374;8.705537429
Manhattan;Chelsea-Hudson Yards;1013755;3;96;8;8 AVE;10011;96 8 AVE;True;False;False;False;True;0.671891382;67.18913822
Manhattan;Upper West Side (Central);1028782;4;40;76;W  76 ST;10023;40 W  76 ST;True;True;True;False;False;0.139569147;13.95691471
Manhattan;Gramercy;1017891;4;;;;;;True;True;True;False;False;0.142665431;14.26654306
Manhattan;Hell's Kitchen;1026799;7;424;55;W  55 ST;10019;424 W  55 ST;True;False;False;False;True;0.717221532;71.72215322
Manhattan;Midtown-Times Square;1024792;4;219;49;W  49 ST;10019;219 W  49 ST;True;False;False;False;True;0.713869533;71.38695328
Manhattan;Hell's Kitchen;1026950;3;558;46;W  46 ST;10036;558 W  46 ST;True;False;False;False;False;0.70960622;70.96062198
Manhattan;Upper West Side (Central);1030249;3;127;78;W  78 ST;10024;127 W  78 ST;True;True;True;False;False;0.077747912;7.774791203
Manhattan;Hell's Kitchen;1026807;4;826;10;10 AVE;10019;826 10 AVE;True;False;False;True;True;0.791343;79.13429998
Manhattan;Hell's Kitchen;1024977;5;356;44;W  44 ST;10036;356 W  44 ST;True;False;False;False;True;0.748737654;74.87376538
Manhattan;Midtown-Times Square;1024828;41;1680;BROADWAY;BROADWAY;10019;1680 BROADWAY;True;False;False;False;True;0.878342005;87.83420053
Manhattan;Gramercy;1018149;7;142;27;E  27 ST;10016;142 E  27 ST;True;False;True;False;False;0.577157197;57.71571971
Manhattan;Hell's Kitchen;1026392;3;452;44;W  44 ST;10036;452 W  44 ST;True;True;True;False;False;0.169691808;16.96918079
Manhattan;Hell's Kitchen;1025411;5;;;;;;True;True;True;False;False;0.569586378;56.95863776
Manhattan;Midtown South-Flatiron-Union Square;1016880;34;31;26;E  26 ST;10010;31 E  26 ST;True;False;False;False;True;0.800354191;80.03541906
Manhattan;Gramercy;1017913;4;117;19;E  19 ST;10003;117 E  19 ST;True;True;True;False;False;0.146412402;14.6412402
Manhattan;Hell's Kitchen;1025417;6;310;55;W  55 ST;10019;310 W  55 ST;True;False;False;False;True;0.570805367;57.0805367
Manhattan;Chelsea-Hudson Yards;1013124;6;340;19;W  19 ST;10011;340 W  19 ST;True;True;True;False;False;0.226460889;22.64608887
Manhattan;Upper West Side (Central);1031665;4;53;94;W  94 ST;10025;53 W  94 ST;True;True;True;False;False;0.137989072;13.79890715
Manhattan;Chelsea-Hudson Yards;1013273;3.5;348;21;W  21 ST;10011;348 W  21 ST;True;True;False;False;False;0.150819974;15.08199741
Manhattan;Hell's Kitchen;1026992;5;691;10;10 AVE;10036;691 10 AVE;True;False;False;False;True;0.630474833;63.04748329
Manhattan;Upper West Side (Central);1031088;5;340;77;W  77 ST;10024;340 W  77 ST;True;True;True;True;False;0.132063573;13.20635734
Manhattan;Hell's Kitchen;1026644;5;457;49;W  49 ST;10019;457 W  49 ST;False;False;False;False;False;0.203918535;20.39185349
Manhattan;Gramercy;1019622;6;244;21;E  21 ST;10010;244 E  21 ST;True;True;True;True;False;0.22471187;22.471187
Manhattan;Midtown South-Flatiron-Union Square;1016876;21;11;26;E  26 ST;10010;11 E  26 ST;True;False;False;False;False;0.695472173;69.54721728
Manhattan;Gramercy;1018033;5;103;23;E  23 ST;10010;103 E  23 ST;True;True;False;False;False;0.660964762;66.09647623
Manhattan;Chelsea-Hudson Yards;1014736;13;;;;;;True;False;False;False;True;0.758383451;75.8383451
Manhattan;Upper West Side (Central);1031341;4;37;84;W  84 ST;10024;37 W  84 ST;True;False;True;False;True;0.144828594;14.48285938
Manhattan;Chelsea-Hudson Yards;1014053;5;248;21;W  21 ST;10011;248 W  21 ST;True;True;True;False;False;0.164922307;16.49223071
Manhattan;Gramercy;1019640;4;227;21;E  21 ST;10010;227 E  21 ST;True;False;False;False;True;0.170524918;17.05249175
Manhattan;Midtown-Times Square;1017224;11;417;5;5 AVE;10016;417 5 AVE;True;False;False;False;True;0.796523184;79.65231836
Manhattan;Chelsea-Hudson Yards;1015014;4;761;OF THE AMERICAS;AVE OF THE AMERICAS;10010;761 AVE OF THE AMERICAS;True;False;False;False;True;0.769888721;76.98887213
Manhattan;Midtown South-Flatiron-Union Square;1016202;8;23;20;E  20 ST;10003;23 E  20 ST;True;False;False;False;True;0.515148347;51.51483467
Manhattan;Chelsea-Hudson Yards;1014042;6;214;21;W  21 ST;10011;214 W  21 ST;True;True;True;False;False;0.259239073;25.92390732
Manhattan;Chelsea-Hudson Yards;1014518;5;145;14;W  14 ST;10011;145 W  14 ST;True;False;False;False;True;0.634564773;63.45647731
Manhattan;Upper West Side (Central);1031327;4;50;85;W  85 ST;10024;50 W  85 ST;True;True;True;False;False;0.150269394;15.02693942
Manhattan;Chelsea-Hudson Yards;1012392;2;;;;;;True;False;False;False;True;0.757526134;75.75261343
Manhattan;Upper West Side-Lincoln Square;1030432;16;244;72;W  72 ST;10023;244 W  72 ST;True;True;True;False;False;0.813676486;81.36764861
Manhattan;Hell's Kitchen;1027026;5;535;49;W  49 ST;10019;535 W  49 ST;True;True;True;False;False;0.21686632;21.68663199
Manhattan;Upper West Side-Lincoln Square;1029763;4;104;71;W  71 ST;10023;104 W  71 ST;True;False;False;False;True;0.509549559;50.95495594
Manhattan;Midtown South-Flatiron-Union Square;1015458;4;14;19;W  19 ST;10011;14 W  19 ST;True;False;False;False;True;0.612538243;61.25382428
Manhattan;Upper West Side (Central);1031561;4;25;89;W  89 ST;10024;25 W  89 ST;True;False;True;False;True;0.138878353;13.88783526
Manhattan;Chelsea-Hudson Yards;1012495;4;508;37;W  37 ST;10018;508 W  37 ST;True;False;False;False;True;0.659406242;65.94062416
Manhattan;Hell's Kitchen;1026488;3;;;;;;True;True;False;False;False;0.351018018;35.10180185
Manhattan;Chelsea-Hudson Yards;1012408;2;513;27;W  27 ST;10001;513 W  27 ST;True;False;False;False;True;0.796084623;79.60846231
Manhattan;Chelsea-Hudson Yards;1013985;3;210;20;W  20 ST;10011;210 W  20 ST;True;True;True;False;False;0.171529185;17.15291849
Manhattan;Chelsea-Hudson Yards;1014588;3;128;17;W  17 ST;10011;128 W  17 ST;True;True;False;False;True;0.749900513;74.99005127
Manhattan;Hell's Kitchen;1026553;5;453;47;W  47 ST;10036;453 W  47 ST;True;True;True;False;False;0.613082036;61.30820356
Manhattan;Hell's Kitchen;1026707;4;448;51;W  51 ST;10019;448 W  51 ST;True;True;True;False;False;0.117733122;11.77331223
Manhattan;Chelsea-Hudson Yards;1013293;5;333;21;W  21 ST;10011;333 W  21 ST;True;True;True;False;False;0.163658678;16.36586781
Manhattan;Hell's Kitchen;1025012;3;725;8;8 AVE;10036;725 8 AVE;True;False;False;False;True;0.786595951;78.65959511
Manhattan;Midtown-Times Square;1024804;3;216;50;W  50 ST;10019;216 W  50 ST;True;False;False;False;True;0.747729106;74.77291059
Manhattan;Hell's Kitchen;1025395;4;349;53;W  53 ST;10019;349 W  53 ST;True;True;False;False;False;0.167608138;16.76081378
Manhattan;Chelsea-Hudson Yards;1013101;6;319;18;W  18 ST;10011;319 W  18 ST;True;False;True;False;True;0.673430643;67.34306427
Manhattan;Upper West Side (Central);1030191;5;349;AMSTERDAM;AMSTERDAM AVE;10024;349 AMSTERDAM AVE;True;False;True;False;True;0.581641794;58.16417943
Manhattan;Midtown South-Flatiron-Union Square;1015156;4;369;7;7 AVE;10001;369 7 AVE;True;False;False;True;True;0.754525228;75.45252281
Manhattan;Hell's Kitchen;1026446;5;427;45;W  45 ST;10036;427 W  45 ST;True;True;False;False;False;0.20482736;20.48273598
Manhattan;Gramercy;1018144;6;364;3;3 AVE;10016;364 3 AVE;True;False;False;False;True;0.661801746;66.18017456
Manhattan;Gramercy;1019777;5;236;24;E  24 ST;10010;236 E  24 ST;True;True;False;True;True;0.247056178;24.70561778
Manhattan;Chelsea-Hudson Yards;1013553;18;330;34;W  34 ST;10001;330 W  34 ST;True;False;True;True;False;0.853278102;85.32781017
Manhattan;Chelsea-Hudson Yards;1012282;11;518;19;W  19 ST;10011;518 W  19 ST;True;False;False;False;True;0.888251871;88.82518706
Manhattan;Upper West Side (Central);1030128;4;121;75;W  75 ST;10023;121 W  75 ST;True;True;True;False;False;0.311829687;31.18296869
Manhattan;Gramercy;1018040;12;;;;;;True;False;False;False;True;0.765267511;76.52675115
Manhattan;Midtown-Times Square;1014427;16;225;35;W  35 ST;10001;225 W  35 ST;True;False;False;False;True;0.870444049;87.04440494
Manhattan;Chelsea-Hudson Yards;1012865;5;459;35;W  35 ST;10001;459 W  35 ST;True;True;True;False;False;0.158231121;15.82311209
Manhattan;Chelsea-Hudson Yards;1014084;3;230;22;W  22 ST;10011;230 W  22 ST;True;True;True;False;False;0.137930261;13.79302607
Manhattan;Chelsea-Hudson Yards;1012696;5;411;22;W  22 ST;10011;411 W  22 ST;True;False;True;False;False;0.116950477;11.69504766
Manhattan;Upper West Side-Lincoln Square;1028540;5;;;;;;True;True;True;False;False;0.497738974;49.77389736
Manhattan;Gramercy;1019647;6;220;22;E  22 ST;10010;220 E  22 ST;True;True;True;False;False;0.556786104;55.67861038
Manhattan;Chelsea-Hudson Yards;1014153;4;228;7;7 AVE;10011;228 7 AVE;True;False;False;True;True;0.528323492;52.83234915
Manhattan;Midtown-Times Square;1024744;5;250;47;W  47 ST;10036;250 W  47 ST;True;False;False;False;True;0.63165955;63.16595496
Manhattan;Upper West Side (Central);1030189;5;353;AMSTERDAM;AMSTERDAM AVE;10024;353 AMSTERDAM AVE;True;False;False;False;True;0.572871937;57.28719375
Manhattan;Upper West Side (Central);1030158;9;170;76;W  76 ST;10023;170 W  76 ST;True;False;True;False;False;0.601899008;60.18990076
Manhattan;Chelsea-Hudson Yards;1013316;4;318;22;W  22 ST;10011;318 W  22 ST;True;True;True;False;False;0.397611305;39.76113049
Manhattan;Upper West Side-Lincoln Square;1029940;4;110;73;W  73 ST;10023;110 W  73 ST;True;True;True;False;False;0.091381725;9.138172509
Manhattan;Midtown South-Flatiron-Union Square;1016219;9;38;21;E  21 ST;10010;38 E  21 ST;True;False;False;False;True;0.78548216;78.54821605
Manhattan;Midtown South-Flatiron-Union Square;1014265;9;210;29;W  29 ST;10001;210 W  29 ST;True;False;False;False;True;0.836530453;83.6530453
Manhattan;Gramercy;1017915;6;82;IRVING;IRVING PL;10003;82 IRVING PL;True;True;False;False;False;0.682889336;68.28893359
Manhattan;Hell's Kitchen;1026724;5;769;9;9 AVE;10019;769 9 AVE;True;False;False;True;True;0.602838191;60.28381909
Manhattan;Midtown South-Flatiron-Union Square;1015578;7;61;23;W  23 ST;10010;61 W  23 ST;True;False;False;False;True;0.807429836;80.74298356
Manhattan;Hell's Kitchen;1025201;7;343;51;W  51 ST;10019;343 W  51 ST;True;True;True;True;True;0.563294736;56.32947363
Manhattan;Chelsea-Hudson Yards;1012319;3;556;22;W  22 ST;10011;556 W  22 ST;True;False;False;False;True;0.337619816;33.76198157
Manhattan;Hell's Kitchen;1025022;3;;;;;;True;True;True;False;False;0.554295209;55.42952094
Manhattan;Midtown-Times Square;1024686;32;1481;BROADWAY;BROADWAY;10036;1481 BROADWAY;True;False;False;False;True;0.726378104;72.63781042
Manhattan;Chelsea-Hudson Yards;1012673;4;467;22;W  22 ST;10011;467 W  22 ST;True;True;True;False;False;0.145508791;14.55087915
Manhattan;Midtown South-Flatiron-Union Square;1016264;12;;;;;;True;False;False;False;True;0.753840253;75.38402526
Manhattan;Upper West Side (Central);1031315;4;14;85;W  85 ST;10024;14 W  85 ST;True;False;True;False;True;0.146847417;14.68474166
Manhattan;Upper West Side (Central);1030123;4;133;75;W  75 ST;10023;133 W  75 ST;True;True;True;False;False;0.107940261;10.79402606
Manhattan;Upper West Side-Lincoln Square;1028578;5;;;;;;True;True;True;False;False;0.096788802;9.678880189
Manhattan;Upper West Side (Central);1031685;3;22;95;W  95 ST;10025;22 W  95 ST;True;True;False;False;False;0.103493826;10.34938258
Manhattan;Upper West Side (Central);1031782;4;148;80;W  80 ST;10024;148 W  80 ST;True;True;True;False;False;0.100489755;10.04897552
Manhattan;Upper West Side (Central);1031293;6;55;84;W  84 ST;10024;55 W  84 ST;True;True;True;False;False;0.155478306;15.54783058
Manhattan;Midtown South-Flatiron-Union Square;1015171;17;127;30;W  30 ST;10001;127 W  30 ST;True;False;False;False;True;0.854058874;85.40588742
Manhattan;Chelsea-Hudson Yards;1012391;1.15;;;;;;True;False;True;False;True;0.810500001;81.05000006
Manhattan;Midtown South-Flatiron-Union Square;1016991;5;;;;;;True;False;False;False;True;0.823834221;82.38342206
Manhattan;Chelsea-Hudson Yards;1012640;4.5;191;9;9 AVE;10011;191 9 AVE;True;False;False;False;True;0.706603395;70.6603395
Manhattan;Upper West Side (Central);1031292;5;505;COLUMBUS;COLUMBUS AVE;10024;505 COLUMBUS AVE;True;True;False;False;False;0.629848736;62.98487364
Manhattan;Midtown-Times Square;1024662;5;218;42;W  42 ST;10036;218 W  42 ST;True;False;False;False;True;0.7478559;74.78558999
Manhattan;Upper West Side (Central);1028725;4;30;75;W  75 ST;10023;30 W  75 ST;True;True;False;False;False;0.105553555;10.55535547
Manhattan;Upper West Side (Central);1028743;10;325;COLUMBUS;COLUMBUS AVE;10023;325 COLUMBUS AVE;True;False;False;False;True;0.695441732;69.54417315
Manhattan;Gramercy;1018148;7;150;27;E  27 ST;10016;150 E  27 ST;True;False;False;False;True;0.648102421;64.81024213
Manhattan;Upper West Side (Central);1030194;4;151;76;W  76 ST;10023;151 W  76 ST;True;True;False;False;True;0.103366708;10.3366708
Manhattan;Upper West Side (Central);1031064;5;347;END;W  END AVE;10024;347 W  END AVE;True;True;True;False;False;0.123052523;12.30525227
Manhattan;Upper West Side-Lincoln Square;1029934;5;117;72;W  72 ST;10023;117 W  72 ST;True;False;False;False;True;0.858945709;85.89457088
Manhattan;Upper West Side (Central);1031070;4.75;302;77;W  77 ST;10024;302 W  77 ST;True;True;True;False;False;0.166883895;16.68838948
Manhattan;Upper West Side (Central);1031295;4;49;84;W  84 ST;10024;49 W  84 ST;True;True;False;False;False;0.103329343;10.33293433
Manhattan;Chelsea-Hudson Yards;1013798;3;245;16;W  16 ST;10011;245 W  16 ST;True;True;False;False;False;0.690615066;69.06150663
Manhattan;Chelsea-Hudson Yards;1014961;6;124;24;W  24 ST;10011;124 W  24 ST;True;False;False;False;True;0.832361118;83.23611179
Manhattan;Upper West Side (Central);1031244;5;493;COLUMBUS;COLUMBUS AVE;10024;493 COLUMBUS AVE;True;False;False;False;True;0.507927605;50.79276046
Manhattan;Upper West Side (Central);1031703;3;20;95;W  95 ST;10025;20 W  95 ST;True;True;True;False;False;0.141618172;14.16181722
Manhattan;Hell's Kitchen;1026479;5.5;455;46;W  46 ST;10036;455 W  46 ST;True;False;False;False;True;0.209652671;20.96526711
Manhattan;Midtown South-Flatiron-Union Square;1015560;3;1;22;W  22 ST;10010;1 W  22 ST;True;False;False;False;True;0.825899893;82.58998932
Manhattan;Hell's Kitchen;1026737;3;405;51;W  51 ST;10019;405 W  51 ST;True;True;False;True;False;0.734042078;73.40420776
Manhattan;Upper West Side-Lincoln Square;1030982;6;2;RIVERSIDE;RIVERSIDE DR;10023;2 RIVERSIDE DR;True;True;False;False;False;0.531341919;53.13419188
Manhattan;Upper West Side (Central);1030919;5;;;;;;True;True;True;False;False;0.11601791;11.60179103
Manhattan;Chelsea-Hudson Yards;1014747;7;129;20;W  20 ST;10011;129 W  20 ST;True;False;False;False;True;0.817125718;81.7125718
Manhattan;Hell's Kitchen;1012995;5;525;9;9 AVE;10018;525 9 AVE;True;False;False;False;True;0.656493222;65.64932217
Manhattan;Chelsea-Hudson Yards;1014181;4;262;25;W  25 ST;10001;262 W  25 ST;True;True;True;False;False;0.062751288;6.275128834
Manhattan;Chelsea-Hudson Yards;1013355;3;;;;;;True;True;True;False;False;0.067744948;6.774494808
Manhattan;Upper West Side (Central);1031093;10;325;77;W  77 ST;10024;325 W  77 ST;True;False;False;False;True;0.614059095;61.40590955
Manhattan;Upper West Side (Central);1028732;5;48;75;W  75 ST;10023;48 W  75 ST;True;True;True;False;False;0.113435876;11.34358759
Manhattan;Midtown South-Flatiron-Union Square;1015583;15;19;23;W  23 ST;10010;19 W  23 ST;True;False;False;False;True;0.831836779;83.18367789
Manhattan;Midtown South-Flatiron-Union Square;1016076;7;18;16;E  16 ST;10003;18 E  16 ST;True;False;False;False;True;0.804109228;80.41092283
Manhattan;Upper West Side-Lincoln Square;1028492;4;55;69;W  69 ST;10023;55 W  69 ST;True;True;True;False;False;0.152656366;15.26563661
Manhattan;Chelsea-Hudson Yards;1013733;5;68;7;7 AVE;10011;68 7 AVE;True;False;False;False;True;0.735956593;73.59565935
Manhattan;Midtown South-Flatiron-Union Square;1015470;4;25;19;W  19 ST;10011;25 W  19 ST;True;True;False;False;False;0.503981;50.39810001
Manhattan;Upper West Side (Central);1031411;4;10;87;W  87 ST;10024;10 W  87 ST;True;True;True;False;False;0.145321382;14.53213824
Manhattan;Upper West Side (Central);1031490;5;;;;;;True;True;False;False;False;0.050352646;5.035264608
Manhattan;Gramercy;1019553;3;207;17;E  17 ST;10003;207 E  17 ST;True;True;True;False;False;0.055387208;5.538720761
Manhattan;Chelsea-Hudson Yards;1013894;6;210;19;W  19 ST;10011;210 W  19 ST;True;False;False;False;True;0.587090801;58.70908013
Manhattan;Chelsea-Hudson Yards;1012826;11;263;9;9 AVE;10001;263 9 AVE;True;False;True;False;False;0.52893226;52.89322604
Manhattan;Upper West Side-Lincoln Square;1030373;41;1;SHERMAN SQUARE;SHERMAN SQUARE;10023;1 SHERMAN SQUARE;True;False;False;False;True;0.924768887;92.47688874
Manhattan;Gramercy;1020427;4;;;;;;True;False;False;False;True;0.731971139;73.19711391
Manhattan;Hell's Kitchen;1026987;2;519;47;W  47 ST;10036;519 W  47 ST;True;False;False;True;True;0.754426337;75.44263374
Manhattan;Upper West Side (Central);1031518;4;28;89;W  89 ST;10024;28 W  89 ST;True;True;False;False;False;0.149285564;14.9285564
Manhattan;Midtown South-Flatiron-Union Square;1016899;8;80;MADISON;MADISON AVE;10016;80 MADISON AVE;True;False;False;False;True;0.756451045;75.64510449
Manhattan;Chelsea-Hudson Yards;1014979;7;131;24;W  24 ST;10011;131 W  24 ST;True;False;False;False;True;0.79887919;79.88791904
Manhattan;Midtown South-Flatiron-Union Square;1015478;11;4;20;W  20 ST;10011;4 W  20 ST;True;False;False;True;False;0.796068161;79.60681612
Manhattan;Chelsea-Hudson Yards;1013481;5;311;29;W  29 ST;10001;311 W  29 ST;True;True;True;False;False;0.209884626;20.98846264
Manhattan;Upper West Side-Lincoln Square;1029752;4;;;;;;True;True;True;True;True;0.117171421;11.71714211
Manhattan;Upper West Side-Lincoln Square;1030320;5;210;61;W  61 ST;10023;210 W  61 ST;True;False;True;False;False;0.540523579;54.05235791
Manhattan;Chelsea-Hudson Yards;1013375;5;208;9;9 AVE;10011;208 9 AVE;True;False;False;False;True;0.526129297;52.61292968
Manhattan;Midtown-Times Square;1024873;11;245;55;W  55 ST;10019;245 W  55 ST;False;False;False;False;False;0.825094928;82.50949276
Manhattan;Chelsea-Hudson Yards;1014584;7;110;17;W  17 ST;10011;110 W  17 ST;True;True;True;False;False;0.77266786;77.26678595
Manhattan;Chelsea-Hudson Yards;1013618;9;;;;;;True;False;False;False;True;0.544966844;54.49668443
Manhattan;Chelsea-Hudson Yards;1014006;3;194;8;8 AVE;10011;194 8 AVE;True;False;False;False;True;0.741038207;74.10382067
Manhattan;Chelsea-Hudson Yards;1013779;5;216;16;W  16 ST;10011;216 W  16 ST;True;True;True;False;False;0.223117411;22.31174106
Manhattan;Hell's Kitchen;1025170;5;744;9;9 AVE;10019;744 9 AVE;True;False;False;False;True;0.652854448;65.28544484
Manhattan;Gramercy;1019590;4;321;2;2 AVE;10003;321 2 AVE;True;True;True;False;False;0.166919043;16.69190434
Manhattan;Upper West Side (Central);1030839;15;2140;BROADWAY;BROADWAY;10023;2140 BROADWAY;True;False;False;False;True;0.805214255;80.52142551
Manhattan;Upper West Side-Lincoln Square;1029875;3;163;71;W  71 ST;10023;163 W  71 ST;True;True;True;False;False;0.463934875;46.3934875
Manhattan;Midtown-Times Square;1024754;4;;;;;;True;False;False;True;True;0.718722139;71.8722139
Manhattan;Midtown South-Flatiron-Union Square;1016955;7;13;30;E  30 ST;10016;13 E  30 ST;False;False;False;False;False;0.757955774;75.79557739
Manhattan;Chelsea-Hudson Yards;1013541;3;357;30;W  30 ST;10001;357 W  30 ST;True;True;True;False;False;0.199764735;19.97647349
Manhattan;Gramercy;1020560;5;338;22;E  22 ST;10010;338 E  22 ST;True;True;True;False;False;0.280786629;28.07866289
Manhattan;Midtown South-Flatiron-Union Square;1015374;4;;;;;;True;True;True;False;False;0.138946834;13.89468342
Manhattan;Chelsea-Hudson Yards;1013511;12;352;9;9 AVE;10001;352 9 AVE;True;False;False;False;True;0.740716178;74.07161779
Manhattan;Chelsea-Hudson Yards;1013286;3.5;351;21;W  21 ST;10011;351 W  21 ST;True;True;True;False;False;0.092907368;9.290736806
Manhattan;Midtown-Times Square;1022695;4;150;49;W  49 ST;10019;150 W  49 ST;False;False;False;False;False;0.767614911;76.76149112
Manhattan;Midtown South-Flatiron-Union Square;1015565;8;;;;;;True;False;False;False;True;0.745777118;74.57771183
Manhattan;Upper West Side (Central);1030053;4;153;74;W  74 ST;10023;153 W  74 ST;True;False;True;True;True;0.100179535;10.01795355
Manhattan;Midtown South-Flatiron-Union Square;1015521;8;682;OF THE AMERICAS;AVE OF THE AMERICAS;10010;682 AVE OF THE AMERICAS;True;False;False;False;True;0.788030961;78.80309608
Manhattan;Hell's Kitchen;1027027;5;533;49;W  49 ST;10019;533 W  49 ST;True;True;True;False;False;0.217501207;21.75012066
Manhattan;Upper West Side (Central);1031382;6;36;86;W  86 ST;10024;36 W  86 ST;True;True;True;False;False;0.521479437;52.14794374
Manhattan;Upper West Side-Lincoln Square;1028845;5;158;COLUMBUS;COLUMBUS AVE;10023;158 COLUMBUS AVE;True;False;False;True;True;0.610376658;61.03766579
Manhattan;Gramercy;1017801;4;;;;;;True;True;True;False;False;0.112656487;11.26564869
Manhattan;Midtown-Times Square;1022665;5.5;133;46;W  46 ST;10036;133 W  46 ST;True;True;False;False;False;0.282703903;28.27039025
Manhattan;Hell's Kitchen;1025166;5;710;9;9 AVE;10019;710 9 AVE;True;False;False;False;True;0.652650306;65.26503061
Manhattan;Chelsea-Hudson Yards;1013627;16;330;38;W  38 ST;10018;330 W  38 ST;True;False;False;False;True;0.875327243;87.5327243
Manhattan;Midtown-Times Square;1016019;4;1032;OF THE AMERICAS;AVE OF THE AMERICAS;10018;1032 AVE OF THE AMERICAS;True;True;False;False;False;0.761117142;76.11171416
Manhattan;Hell's Kitchen;1025209;3;319;51;W  51 ST;10019;319 W  51 ST;True;True;True;False;False;0.573548325;57.35483251
Manhattan;Chelsea-Hudson Yards;1014071;3;213;21;W  21 ST;10011;213 W  21 ST;True;True;True;False;False;0.130964874;13.0964874
Manhattan;Hell's Kitchen;1026859;4;449;56;W  56 ST;10019;449 W  56 ST;True;False;False;False;True;0.167692981;16.76929814
Manhattan;Chelsea-Hudson Yards;1013584;12;348;36;W  36 ST;10018;348 W  36 ST;True;True;False;False;False;0.853843911;85.38439105
Manhattan;Gramercy;1020559;5;340;22;E  22 ST;10010;340 E  22 ST;True;True;True;False;False;0.279750539;27.97505386
Manhattan;Midtown-Times Square;1015903;12;20;36;W  36 ST;10018;20 W  36 ST;True;False;True;False;False;0.827279137;82.72791371
Manhattan;Upper West Side-Lincoln Square;1030506;5;;;;;;True;False;False;False;True;0.52433881;52.43388102
Manhattan;Upper West Side (Central);1031602;4;45;90;W  90 ST;10024;45 W  90 ST;True;True;True;False;False;0.12881201;12.88120095
Manhattan;Chelsea-Hudson Yards;1014651;6;135;17;W  17 ST;10011;135 W  17 ST;True;False;False;False;True;0.851066875;85.10668749
Manhattan;Midtown-Times Square;1022623;5;158;44;W  44 ST;10036;158 W  44 ST;False;False;False;False;False;0.669032876;66.90328758
Manhattan;Upper West Side-Lincoln Square;1030435;13;260;72;W  72 ST;10023;260 W  72 ST;False;False;False;False;False;0.855377767;85.53777669
Manhattan;Midtown-Times Square;1022699;15;156;49;W  49 ST;10019;156 W  49 ST;True;False;False;False;True;0.780040751;78.00407506
Manhattan;Chelsea-Hudson Yards;1013274;4;350;21;W  21 ST;10011;350 W  21 ST;True;True;False;False;False;0.200798435;20.07984347
Manhattan;Midtown-Times Square;1014476;17;247;38;W  38 ST;10018;247 W  38 ST;True;False;False;False;True;0.846521132;84.65211315
Manhattan;Chelsea-Hudson Yards;1014521;11;137;14;W  14 ST;10011;137 W  14 ST;True;False;False;False;True;0.851862489;85.18624892
Manhattan;Hell's Kitchen;1025109;4;326;48;W  48 ST;10036;326 W  48 ST;True;False;False;False;True;0.683673571;68.36735709
Manhattan;Chelsea-Hudson Yards;1013035;4;348;15;W  15 ST;10011;348 W  15 ST;True;True;False;False;False;0.155097869;15.50978687
Manhattan;Midtown South-Flatiron-Union Square;1016304;29;2;23;E  23 ST;10010;2 E  23 ST;True;False;False;False;True;0.954121727;95.41217271
Manhattan;Upper West Side (Central);1031785;4;160;80;W  80 ST;10024;160 W  80 ST;True;True;True;False;False;0.519270691;51.9270691
Manhattan;Chelsea-Hudson Yards;1014537;3;148;15;W  15 ST;10011;148 W  15 ST;True;False;False;True;True;0.12960669;12.96066897
Manhattan;Upper West Side-Lincoln Square;1028449;4;47;68;W  68 ST;10023;47 W  68 ST;True;False;True;False;True;0.163803336;16.38033363
Manhattan;Upper West Side (Central);1031129;12;;;;;;True;True;False;False;False;0.606409384;60.64093842
Manhattan;Upper West Side (Central);1030184;4;156;77;W  77 ST;10024;156 W  77 ST;True;True;True;False;False;0.155228158;15.52281584
Manhattan;Gramercy;1018198;4;116;LEXINGTON;LEXINGTON AVE;10016;116 LEXINGTON AVE;True;True;False;True;True;0.835192323;83.51923235
Manhattan;Chelsea-Hudson Yards;1012516;4;538;38;W  38 ST;10018;538 W  38 ST;False;False;False;False;False;0.286934867;28.69348668
Manhattan;Midtown South-Flatiron-Union Square;1016126;4;;;;;;True;False;False;False;True;0.481571653;48.15716534
Manhattan;Hell's Kitchen;1026628;4;458;49;W  49 ST;10019;458 W  49 ST;True;True;True;False;False;0.135793576;13.57935765
Manhattan;Midtown-Times Square;1016000;17;;;;;;True;False;True;False;True;0.846826987;84.68269871
Manhattan;Chelsea-Hudson Yards;1013578;5;316;36;W  36 ST;10018;316 W  36 ST;True;False;False;False;True;0.183888598;18.3888598
Manhattan;Midtown-Times Square;1017208;6;58;PARK;PARK AVE;10016;58 PARK AVE;True;False;False;False;True;0.622298716;62.22987165
Manhattan;Midtown South-Flatiron-Union Square;1015568;6;;;;;;True;False;False;False;True;0.760244321;76.02443206
Manhattan;Chelsea-Hudson Yards;1014529;4;545;OF THE AMERICAS;AVE OF THE AMERICAS;10011;545 AVE OF THE AMERICAS;True;False;False;False;True;0.732176261;73.21762609
Manhattan;Midtown-Times Square;1024726;2.5;;;;;;True;True;False;False;False;0.637433484;63.74334837
Manhattan;Chelsea-Hudson Yards;1012689;4;425;22;W  22 ST;10011;425 W  22 ST;True;True;True;False;False;0.136069447;13.60694471
Manhattan;Hell's Kitchen;1025194;5;768;9;9 AVE;10019;768 9 AVE;True;False;False;False;True;0.223394547;22.33945469
Manhattan;Hell's Kitchen;1027071;2;508;57;W  57 ST;10019;508 W  57 ST;True;False;False;False;True;0.56526485;56.52648497
Manhattan;Midtown South-Flatiron-Union Square;1015312;10;4;16;W  16 ST;10011;4 W  16 ST;True;True;False;False;False;0.825598428;82.55984283
Manhattan;Chelsea-Hudson Yards;1012691;11;;;;;;True;False;False;True;True;0.847112103;84.71121032
Manhattan;Midtown-Times Square;1024661;3;;;;;;True;False;False;True;False;0.690040081;69.0040081
Manhattan;Upper West Side-Lincoln Square;1029786;7;135;70;W  70 ST;10023;135 W  70 ST;True;False;False;False;True;0.397298281;39.72982815
Manhattan;Upper West Side-Lincoln Square;1027462;4;1881;BROADWAY;BROADWAY;10023;1881 BROADWAY;True;False;False;False;True;0.867226985;86.7226985
Manhattan;Midtown-Times Square;1022710;20;148;51;W  51 ST;10020;148 W  51 ST;True;False;True;False;False;0.859198905;85.91989054
Manhattan;Midtown South-Flatiron-Union Square;1016954;6;11;30;E  30 ST;10016;11 E  30 ST;True;False;False;False;True;0.778843943;77.88439428
Manhattan;Upper West Side (Central);1031584;3;65;89;W  89 ST;10024;65 W  89 ST;True;True;True;False;False;0.053063526;5.306352571
Manhattan;Hell's Kitchen;1026383;4;450;44;W  44 ST;10036;450 W  44 ST;True;True;True;False;False;0.485280245;48.52802449
Manhattan;Gramercy;1019641;6;229;21;E  21 ST;10010;229 E  21 ST;True;True;True;False;False;0.704878798;70.48787978
Manhattan;Midtown South-Flatiron-Union Square;1015151;5;134;30;W  30 ST;10001;134 W  30 ST;True;False;True;False;False;0.489889724;48.98897235
Manhattan;Midtown South-Flatiron-Union Square;1015391;4;5;16;W  16 ST;10011;5 W  16 ST;True;True;False;False;False;0.150193243;15.01932425
Manhattan;Midtown South-Flatiron-Union Square;1016086;4;35;UNION;UNION SQ;10003;35 UNION SQ;True;False;False;False;False;0.776776648;77.67766481
Manhattan;Upper West Side (Central);1031119;3.5;307;78;W  78 ST;10024;307 W  78 ST;True;True;False;False;False;0.058700573;5.870057316
Manhattan;Upper West Side (Central);1030092;4;156;75;W  75 ST;10023;156 W  75 ST;True;True;True;False;False;0.148419572;14.84195722
Manhattan;Upper West Side (Central);1031170;4;;;;;;True;True;True;False;False;0.119515611;11.95156109
Manhattan;Hell's Kitchen;1026585;5;447;48;W  48 ST;10036;447 W  48 ST;True;True;True;False;False;0.198002667;19.80026673
Manhattan;Hell's Kitchen;1027096;6;645;44;W  44 ST;10036;645 W  44 ST;True;True;False;True;True;0.754921315;75.49213148
Manhattan;Upper West Side-Lincoln Square;1029665;11;104;70;W  70 ST;10023;104 W  70 ST;True;False;False;False;True;0.741956528;74.19565275
Manhattan;Gramercy;1017902;5;116;19;E  19 ST;10003;116 E  19 ST;True;False;False;False;True;0.250867248;25.08672483
Manhattan;Midtown South-Flatiron-Union Square;1014268;14;224;29;W  29 ST;10001;224 W  29 ST;True;False;False;False;True;0.889219104;88.92191044
Manhattan;Upper West Side (Central);1031528;4;52;89;W  89 ST;10024;52 W  89 ST;True;True;True;False;False;0.139155804;13.91558044
Manhattan;Hell's Kitchen;1026938;5;531;45;W  45 ST;10036;531 W  45 ST;True;False;False;False;False;0.165757085;16.57570853
Manhattan;Chelsea-Hudson Yards;1012801;4;;;;;;True;False;False;False;True;0.67670853;67.67085299
Manhattan;Chelsea-Hudson Yards;1014562;3;;;;;;True;False;True;False;True;0.445237567;44.52375672
Manhattan;Upper West Side (Central);1030203;4;123;77;W  77 ST;10024;123 W  77 ST;True;True;True;False;False;0.151819575;15.18195749
Manhattan;Hell's Kitchen;1026695;4;416;51;W  51 ST;10019;416 W  51 ST;True;True;True;False;False;0.145428379;14.5428379
Manhattan;Gramercy;1019538;1;211;16;E  16 ST;10003;211 E  16 ST;True;False;True;False;False;0.176155016;17.61550163
Manhattan;Chelsea-Hudson Yards;1013867;4;259;18;W  18 ST;10011;259 W  18 ST;True;True;True;False;False;0.724210182;72.4210182
Manhattan;Hell's Kitchen;1026550;3;459;47;W  47 ST;10036;459 W  47 ST;True;True;True;False;False;0.112333299;11.23332993
Manhattan;Chelsea-Hudson Yards;1012324;1;545;22;W  22 ST;10011;545 W  22 ST;True;False;False;False;True;0.793092872;79.30928724
Manhattan;Gramercy;1019536;6;205;16;E  16 ST;10003;205 E  16 ST;True;True;False;False;False;0.684361038;68.43610375
Manhattan;Upper West Side-Lincoln Square;1028629;4;;;;;;True;True;True;False;False;0.126685728;12.66857276
Manhattan;Midtown-Times Square;1017119;4;379;5;5 AVE;10016;379 5 AVE;True;False;False;False;True;0.840295399;84.0295399
Manhattan;Chelsea-Hudson Yards;1013081;3;;;;;;True;False;False;False;True;0.720170072;72.01700724
Manhattan;Midtown South-Flatiron-Union Square;1015545;12;40;22;W  22 ST;10010;40 W  22 ST;True;False;False;False;True;0.860191297;86.01912967
Manhattan;Midtown South-Flatiron-Union Square;1015386;3.5;21;16;W  16 ST;10011;21 W  16 ST;True;True;True;False;False;0.098892559;9.889255889
Manhattan;Chelsea-Hudson Yards;1013526;4;319;30;W  30 ST;10001;319 W  30 ST;True;True;True;False;False;0.232534466;23.25344664
Manhattan;Hell's Kitchen;1026548;1;670;10;10 AVE;10036;670 10 AVE;True;True;True;False;False;0.16024096;16.02409602
Manhattan;Upper West Side-Lincoln Square;1028849;47;145;67;W  67 ST;10023;145 W  67 ST;True;False;False;False;True;0.948413271;94.84132709
Manhattan;Midtown-Times Square;1023461;15;128;57;W  57 ST;10019;128 W  57 ST;True;False;False;False;True;0.895014417;89.50144172
Manhattan;Hell's Kitchen;1026399;7;465;44;W  44 ST;10036;465 W  44 ST;True;False;True;False;True;0.850638875;85.06388751
Manhattan;Upper West Side (Central);1031220;4;63;83;W  83 ST;10024;63 W  83 ST;True;True;True;False;False;0.099748132;9.974813245
Manhattan;Chelsea-Hudson Yards;1013234;2;346;20;W  20 ST;10011;346 W  20 ST;True;True;True;False;False;0.201584483;20.15844827
Manhattan;Midtown-Times Square;1017201;4;23;37;E  37 ST;10016;23 E  37 ST;True;True;True;False;False;0.130715476;13.07154759
Manhattan;Upper West Side-Lincoln Square;1028506;9;11;69;W  69 ST;10023;11 W  69 ST;True;True;False;False;False;0.616301765;61.63017653
Manhattan;Upper West Side (Central);1031162;11;465;COLUMBUS;COLUMBUS AVE;10024;465 COLUMBUS AVE;True;False;False;False;True;0.805037235;80.5037235
Manhattan;Midtown South-Flatiron-Union Square;1017104;6;55;34;E  34 ST;10016;55 E  34 ST;True;False;False;False;True;0.689487752;68.94877521
Manhattan;Chelsea-Hudson Yards;1014152;2;226;7;7 AVE;10011;226 7 AVE;True;False;False;False;True;0.505999102;50.59991018
Manhattan;Upper West Side-Lincoln Square;1028530;1;211;COLUMBUS;COLUMBUS AVE;10023;211 COLUMBUS AVE;False;False;False;False;False;0.856536032;85.65360325
Manhattan;Hell's Kitchen;1026605;5;;;;;;True;False;False;False;True;0.546762747;54.67627469
Manhattan;Upper West Side (Central);1031211;4;20;83;W  83 ST;10024;20 W  83 ST;True;True;True;True;False;0.141412008;14.14120085
Manhattan;Hell's Kitchen;1012996;4;529;9;9 AVE;10018;529 9 AVE;True;False;False;False;True;0.708342136;70.83421362
Manhattan;Midtown South-Flatiron-Union Square;1015455;12;140;5;5 AVE;10011;140 5 AVE;True;False;False;False;True;0.800727959;80.07279588
Manhattan;Midtown-Times Square;1022614;5;125;43;W  43 ST;10036;125 W  43 ST;True;False;False;False;True;0.646644259;64.66442586
Manhattan;Upper West Side-Lincoln Square;1029770;4;124;71;W  71 ST;10023;124 W  71 ST;True;True;True;False;False;0.154886208;15.48862078
Manhattan;Chelsea-Hudson Yards;1013289;5;345;21;W  21 ST;10011;345 W  21 ST;True;True;True;False;False;0.185802456;18.58024563
Manhattan;Upper West Side-Lincoln Square;1030409;6;251;71;W  71 ST;10023;251 W  71 ST;True;False;False;False;True;0.79389545;79.389545
Manhattan;Chelsea-Hudson Yards;1013875;5;;;;;;True;False;False;False;True;0.210153315;21.01533146
Manhattan;Midtown-Times Square;1014428;13;213;35;W  35 ST;10001;213 W  35 ST;True;False;False;False;True;0.83807492;83.80749198
Manhattan;Upper West Side (Central);1031777;4;132;80;W  80 ST;10024;132 W  80 ST;True;True;False;False;False;0.10807181;10.80718099
Manhattan;Hell's Kitchen;1027129;4;605;48;W  48 ST;10036;605 W  48 ST;True;False;False;False;True;0.793716278;79.37162778
Manhattan;Hell's Kitchen;1026604;5;707;9;9 AVE;10019;707 9 AVE;True;False;False;False;True;0.610193934;61.01939337
Manhattan;Upper West Side-Lincoln Square;1029917;5;165;72;W  72 ST;10023;165 W  72 ST;True;False;False;True;True;0.632772331;63.2772331
Manhattan;Midtown South-Flatiron-Union Square;1015451;11;1;18;W  18 ST;10011;1 W  18 ST;True;False;False;False;True;0.807683864;80.76838636
Manhattan;Upper West Side (Central);1030887;16;201;77;W  77 ST;10024;201 W  77 ST;True;False;False;False;True;0.769895428;76.98954281
Manhattan;Upper West Side (Central);1031572;4;8;90;W  90 ST;10024;8 W  90 ST;True;True;True;False;False;0.13908446;13.90844605
Manhattan;Upper West Side (Central);1030885;3;205;77;W  77 ST;10024;205 W  77 ST;True;False;False;True;True;0.787114543;78.71145427
Manhattan;Midtown South-Flatiron-Union Square;1016115;7;11;17;E  17 ST;10003;11 E  17 ST;True;False;False;False;True;0.762124087;76.21240866
Manhattan;Upper West Side (Central);1031677;4;17;94;W  94 ST;10025;17 W  94 ST;True;True;True;True;False;0.648812787;64.88127872
Manhattan;Upper West Side (Central);1028710;4;21;74;W  74 ST;10023;21 W  74 ST;True;False;True;False;True;0.162987878;16.29878785
Manhattan;Chelsea-Hudson Yards;1013366;3;338;23;W  23 ST;10011;338 W  23 ST;True;True;False;False;False;0.624558625;62.45586252
Manhattan;Hell's Kitchen;1026401;6;;;;;;True;True;False;False;False;0.157489409;15.74894093
Manhattan;Upper West Side-Lincoln Square;1030397;3;;;;;;True;True;True;False;False;0.092877285;9.287728549
Manhattan;Upper West Side (Central);1030215;3;110;78;W  78 ST;10024;110 W  78 ST;True;True;True;False;False;0.141760964;14.17609641
Manhattan;Chelsea-Hudson Yards;1013775;6;205;15;W  15 ST;10011;205 W  15 ST;True;False;True;False;False;0.797008833;79.7008833
Manhattan;Chelsea-Hudson Yards;1013206;3;345;19;W  19 ST;10011;345 W  19 ST;True;True;False;False;False;0.133549111;13.35491113
Manhattan;Gramercy;1020407;4;;;;;;True;False;True;False;False;0.210494141;21.04941405
Manhattan;Upper West Side (Central);1030846;4;250;76;W  76 ST;10023;250 W  76 ST;True;True;True;False;False;0.172460343;17.24603431
Manhattan;Upper West Side (Central);1030159;4;180;76;W  76 ST;10023;180 W  76 ST;True;False;False;False;True;0.731929663;73.19296632
Manhattan;Upper West Side-Lincoln Square;1028834;5;140;66;W  66 ST;10023;140 W  66 ST;True;False;False;False;True;0.323354618;32.33546179
Manhattan;Upper West Side-Lincoln Square;1030956;5;335;71;W  71 ST;10023;335 W  71 ST;True;True;True;False;False;0.137081841;13.70818414
Manhattan;Chelsea-Hudson Yards;1013351;4;333;22;W  22 ST;10011;333 W  22 ST;True;True;True;False;False;0.38465305;38.46530505
Manhattan;Upper West Side (Central);1031241;4;58;84;W  84 ST;10024;58 W  84 ST;True;True;False;False;False;0.146868244;14.68682443
Manhattan;Gramercy;1017997;17;147;21;E  21 ST;10010;147 E  21 ST;True;False;False;False;True;0.841792023;84.17920226
Manhattan;Upper West Side (Central);1031520;4;32;89;W  89 ST;10024;32 W  89 ST;True;True;False;False;False;0.053630067;5.363006722
Manhattan;Upper West Side (Central);1031545;3;69;89;W  89 ST;10024;69 W  89 ST;True;True;True;False;False;0.053235962;5.323596169
Manhattan;Midtown South-Flatiron-Union Square;1016877;20;14;27;E  27 ST;10016;14 E  27 ST;True;False;False;False;True;0.639920109;63.99201089
Manhattan;Upper West Side (Central);1031384;20;40;86;W  86 ST;10024;40 W  86 ST;True;True;False;True;False;0.86151222;86.15122203
Manhattan;Hell's Kitchen;1026574;5;408;48;W  48 ST;10036;408 W  48 ST;True;True;True;False;False;0.228948313;22.89483125
Manhattan;Upper West Side (Central);1030275;3;103;78;W  78 ST;10024;103 W  78 ST;True;True;True;True;False;0.054994946;5.499494635
Manhattan;Midtown South-Flatiron-Union Square;1014341;6;241;30;W  30 ST;10001;241 W  30 ST;True;False;False;False;True;0.718800702;71.8800702
Manhattan;Chelsea-Hudson Yards;1013747;6;240;15;W  15 ST;10011;240 W  15 ST;True;True;True;False;False;0.725631594;72.56315944
Manhattan;Midtown South-Flatiron-Union Square;1016937;4;36;30;E  30 ST;10016;36 E  30 ST;True;False;True;False;True;0.860750315;86.07503154
Manhattan;Midtown South-Flatiron-Union Square;1014337;2;257;30;W  30 ST;10001;257 W  30 ST;True;False;False;False;True;0.338774797;33.87747968
Manhattan;Upper West Side-Lincoln Square;1029885;10;;;;;;True;False;True;False;True;0.517975439;51.79754388
Manhattan;Chelsea-Hudson Yards;1014757;12;132;21;W  21 ST;10011;132 W  21 ST;True;False;False;False;True;0.662205133;66.22051327
Manhattan;Gramercy;1020564;8;320;22;E  22 ST;10010;320 E  22 ST;True;False;False;False;True;0.636915879;63.69158791
Manhattan;Chelsea-Hudson Yards;1013500;5;342;30;W  30 ST;10001;342 W  30 ST;True;True;True;False;False;0.220199761;22.01997612
Manhattan;Chelsea-Hudson Yards;1014059;1;;;;;;True;True;True;False;False;0.77117257;77.11725701
Manhattan;Hell's Kitchen;1027097;3;;;;;;False;False;False;False;False;0.576462301;57.64623007
Manhattan;Upper West Side (Central);1031582;4;;;;;;True;True;True;False;False;0.130420075;13.04200755
Manhattan;Chelsea-Hudson Yards;1012687;3;431;22;W  22 ST;10011;431 W  22 ST;True;True;True;False;False;0.09533849;9.533848992
Manhattan;Hell's Kitchen;1026618;5;432;49;W  49 ST;10019;432 W  49 ST;True;True;True;False;False;0.214109304;21.41093038
Manhattan;Chelsea-Hudson Yards;1013845;5;148;8;8 AVE;10011;148 8 AVE;True;True;False;False;False;0.800530032;80.05300322
Manhattan;Gramercy;1019545;4;218;17;E  17 ST;10003;218 E  17 ST;True;False;True;False;False;0.158250339;15.82503389
Manhattan;Chelsea-Hudson Yards;1013339;5;202;9;9 AVE;10011;202 9 AVE;True;False;False;False;True;0.721825589;72.18255888
Manhattan;Gramercy;1018171;5;108;LEXINGTON;LEXINGTON AVE;10016;108 LEXINGTON AVE;True;True;False;False;False;0.627264103;62.72641031
Manhattan;Gramercy;1017941;5;112;20;E  20 ST;10003;112 E  20 ST;True;True;True;False;False;0.402587057;40.25870567
Manhattan;Hell's Kitchen;1026664;4;458;50;W  50 ST;10019;458 W  50 ST;True;True;True;False;False;0.154304585;15.4304585
Manhattan;Chelsea-Hudson Yards;1014056;5;256;21;W  21 ST;10011;256 W  21 ST;True;True;True;False;False;0.184479788;18.44797875
Manhattan;Midtown-Times Square;1014487;10;234;39;W  39 ST;10018;234 W  39 ST;True;False;False;False;True;0.827825316;82.78253162
Manhattan;Chelsea-Hudson Yards;1012822;4;256;10;10 AVE;10001;256 10 AVE;True;False;False;True;True;0.714530532;71.45305325
Manhattan;Chelsea-Hudson Yards;1013859;6;160;8;8 AVE;10011;160 8 AVE;True;False;False;False;True;0.760790052;76.07900525
Manhattan;Upper West Side-Lincoln Square;1028545;4;55;70;W  70 ST;10023;55 W  70 ST;True;True;True;False;False;0.161592605;16.15926048
Manhattan;Gramercy;1018058;3;136;24;E  24 ST;10010;136 E  24 ST;True;False;True;False;True;0.723300076;72.33000763
Manhattan;Upper West Side (Central);1030049;4;;;;;;True;False;False;False;True;0.639177195;63.91771953
Manhattan;Midtown South-Flatiron-Union Square;1015484;11;36;20;W  20 ST;10011;36 W  20 ST;True;False;False;False;True;0.858066002;85.80660024
Manhattan;Midtown-Times Square;1014482;5;;;;;;True;False;True;True;True;0.720106128;72.01061283
Manhattan;Upper West Side-Lincoln Square;1028606;4;55;71;W  71 ST;10023;55 W  71 ST;True;True;True;False;False;0.149657224;14.96572236
Manhattan;Chelsea-Hudson Yards;1014727;6;137;19;W  19 ST;10011;137 W  19 ST;True;False;False;False;True;0.858944727;85.89447269
Manhattan;Chelsea-Hudson Yards;1013283;3;357;21;W  21 ST;10011;357 W  21 ST;True;True;True;False;False;0.058851576;5.885157623
Manhattan;Chelsea-Hudson Yards;1012830;3;303;9;9 AVE;10001;303 9 AVE;True;False;True;False;False;0.120076524;12.00765238
Manhattan;Upper West Side-Lincoln Square;1028609;5;;;;;;True;False;False;False;True;0.140085633;14.00856335
Manhattan;Chelsea-Hudson Yards;1013536;4;413;8;8 AVE;10001;413 8 AVE;True;False;False;False;True;0.754647692;75.46476919
Manhattan;Gramercy;1020472;4;315;18;E  18 ST;10003;315 E  18 ST;True;True;True;False;False;0.156468584;15.64685844
Manhattan;Upper West Side (Central);1028737;4;47;74;W  74 ST;10023;47 W  74 ST;True;True;True;False;False;0.151061789;15.1061789
Manhattan;Upper West Side-Lincoln Square;1028239;14;27;67;W  67 ST;10023;27 W  67 ST;True;False;True;False;False;0.677401842;67.74018423
Manhattan;Midtown South-Flatiron-Union Square;1016259;9;26;22;E  22 ST;10010;26 E  22 ST;True;False;False;False;True;0.818815516;81.88155163
Manhattan;Upper West Side (Central);1028745;4;53;75;W  75 ST;10023;53 W  75 ST;True;True;True;True;False;0.152881151;15.28811507
Manhattan;Chelsea-Hudson Yards;1013786;5.5;236;16;W  16 ST;10011;236 W  16 ST;True;True;True;False;False;0.230814017;23.08140166
Manhattan;Upper West Side-Lincoln Square;1030973;4;347;71;W  71 ST;10023;347 W  71 ST;True;True;True;False;False;0.134098195;13.40981953
Manhattan;Midtown South-Flatiron-Union Square;1015713;5;;;;;;True;False;False;False;True;0.816996527;81.69965265
Manhattan;Chelsea-Hudson Yards;1014103;4;;;;;;True;True;False;False;True;0.662015046;66.20150463
Manhattan;Gramercy;1020456;4;312;18;E  18 ST;10003;312 E  18 ST;True;True;True;False;False;0.082955164;8.295516374
Manhattan;Gramercy;1017881;6;153;18;E  18 ST;10003;153 E  18 ST;True;True;True;False;False;0.171295803;17.12958035
Manhattan;Chelsea-Hudson Yards;1013228;3;324;20;W  20 ST;10011;324 W  20 ST;True;True;False;False;False;0.108707797;10.87077974
Manhattan;Chelsea-Hudson Yards;1012864;5;450;10;10 AVE;10018;450 10 AVE;True;False;True;False;False;0.671131158;67.1131158
Manhattan;Upper West Side (Central);1031357;6;49;85;W  85 ST;10024;49 W  85 ST;True;False;True;False;True;0.522223416;52.22234163
Manhattan;Gramercy;1017921;4;137;19;E  19 ST;10003;137 E  19 ST;True;True;True;False;False;0.128826093;12.88260932
Manhattan;Upper West Side (Central);1031948;5;421;AMSTERDAM;AMSTERDAM AVE;10024;421 AMSTERDAM AVE;True;False;False;False;True;0.129772371;12.97723706
Manhattan;Hell's Kitchen;1026629;5;462;49;W  49 ST;10019;462 W  49 ST;True;False;False;False;True;0.65349665;65.34966496
Manhattan;Chelsea-Hudson Yards;1013724;5;217;14;W  14 ST;10011;217 W  14 ST;True;True;True;False;False;0.752258804;75.22588043
Manhattan;Upper West Side (Central);1031126;3;;;;;;True;True;False;False;False;0.094734721;9.47347213
Manhattan;Midtown South-Flatiron-Union Square;1015059;4;295;7;7 AVE;10001;295 7 AVE;False;False;False;False;False;0.766210536;76.62105363
Manhattan;Upper West Side-Lincoln Square;1028255;10;74;68;W  68 ST;10023;74 W  68 ST;True;False;False;False;True;0.642722186;64.27221862
Manhattan;Upper West Side-Lincoln Square;1028551;5;41;70;W  70 ST;10023;41 W  70 ST;True;True;True;False;False;0.08075696;8.075696013
Manhattan;Gramercy;1017919;5;;;;;;True;False;True;False;False;0.120025336;12.00253364
Manhattan;Chelsea-Hudson Yards;1013199;3;;;;;;True;True;True;False;False;0.167274577;16.72745765
Manhattan;Upper West Side (Central);1031733;4;30;96;W  96 ST;10025;30 W  96 ST;True;True;True;False;False;0.14985399;14.985399
Manhattan;Upper West Side-Lincoln Square;1030374;4;212;71;W  71 ST;10023;212 W  71 ST;True;True;True;False;False;0.62540113;62.54011302
Manhattan;Upper West Side (Central);1031440;4;46;87;W  87 ST;10024;46 W  87 ST;True;True;True;False;False;0.156238948;15.62389483
Manhattan;Chelsea-Hudson Yards;1013881;5;209;18;W  18 ST;10011;209 W  18 ST;True;False;False;False;True;0.4707998;47.07997998
Manhattan;Hell's Kitchen;1026674;4;447;50;W  50 ST;10019;447 W  50 ST;True;False;False;False;True;0.188401225;18.84012252
Manhattan;Upper West Side (Central);1030198;4;135;77;W  77 ST;10024;135 W  77 ST;True;True;True;False;False;0.102003959;10.20039589
Manhattan;Upper West Side (Central);1031388;6;535;COLUMBUS;COLUMBUS AVE;10024;535 COLUMBUS AVE;True;False;False;True;True;0.696919226;69.69192261
Manhattan;Chelsea-Hudson Yards;1013869;3;;;;;;True;False;True;True;False;0.674912752;67.49127516
Manhattan;Upper West Side (Central);1031110;5;322;78;W  78 ST;10024;322 W  78 ST;True;True;True;False;False;0.139903612;13.9903612
Manhattan;Hell's Kitchen;1027047;5;714;11;11 AVE;10019;714 11 AVE;True;False;False;False;True;0.623401508;62.34015081
Manhattan;Hell's Kitchen;1026406;5;437;44;W  44 ST;10036;437 W  44 ST;True;True;True;False;False;0.223733255;22.37332547
Manhattan;Chelsea-Hudson Yards;1014021;5;237;20;W  20 ST;10011;237 W  20 ST;True;True;False;False;False;0.21342186;21.34218601
Manhattan;Upper West Side (Central);1031004;4;309;74;W  74 ST;10023;309 W  74 ST;True;True;True;False;False;0.27980714;27.98071399
Manhattan;Upper West Side-Lincoln Square;1028669;6;3;73;W  73 ST;10023;3 W  73 ST;True;True;True;False;False;0.432050982;43.20509816
Manhattan;Hell's Kitchen;1013005;4;410;40;W  40 ST;10018;410 W  40 ST;True;True;True;False;False;0.184182201;18.41822005
Manhattan;Gramercy;1017876;4;139;18;E  18 ST;10003;139 E  18 ST;True;True;True;False;False;0.056223875;5.622387541
Manhattan;Midtown South-Flatiron-Union Square;1017015;12;153;MADISON;MADISON AVE;10016;153 MADISON AVE;True;False;False;False;True;0.596204674;59.62046743
Manhattan;Hell's Kitchen;1027024;6;541;49;W  49 ST;10019;541 W  49 ST;True;True;True;False;False;0.150616471;15.06164707
Manhattan;Midtown-Times Square;1024784;7;242;49;W  49 ST;10019;242 W  49 ST;True;True;True;True;True;0.585380771;58.53807715
Manhattan;Upper West Side (Central);1031679;16;1;94;W  94 ST;10025;1 W  94 ST;True;False;False;False;True;0.617787481;61.77874807
Manhattan;Chelsea-Hudson Yards;1012568;5;;;;;;True;False;False;True;True;0.638572334;63.85723341
Manhattan;Gramercy;1017847;6;129;17;E  17 ST;10003;129 E  17 ST;True;True;True;False;False;0.217181388;21.71813876
Manhattan;Upper West Side (Central);1030089;4;148;75;W  75 ST;10023;148 W  75 ST;True;True;True;False;False;0.159969316;15.99693155
Manhattan;Midtown South-Flatiron-Union Square;1016921;25;;;;;;True;False;False;False;True;0.69138483;69.13848301
Manhattan;Chelsea-Hudson Yards;1013613;5;486;9;9 AVE;10018;486 9 AVE;True;False;False;False;True;0.685505829;68.55058294
Manhattan;Midtown South-Flatiron-Union Square;1016283;12;29;22;E  22 ST;10010;29 E  22 ST;True;False;False;False;True;0.834665801;83.4665801
Manhattan;Upper West Side (Central);1028811;6;23;76;W  76 ST;10023;23 W  76 ST;True;True;True;False;False;0.373801223;37.38012231
Manhattan;Upper West Side (Central);1031383;6;38;86;W  86 ST;10024;38 W  86 ST;True;True;True;False;False;0.505508645;50.5508645
Manhattan;Upper West Side (Central);1031363;5;35;85;W  85 ST;10024;35 W  85 ST;True;True;True;False;False;0.405768925;40.57689248
Manhattan;Upper West Side-Lincoln Square;1030027;4;;;;;;True;True;False;False;False;0.130873558;13.08735585
Manhattan;Midtown South-Flatiron-Union Square;1015816;14;3;31;W  31 ST;10001;3 W  31 ST;True;False;False;False;True;0.896442513;89.64425125
Manhattan;Midtown South-Flatiron-Union Square;1015523;6;53;21;W  21 ST;10010;53 W  21 ST;False;False;False;False;False;0.795388697;79.53886974
Manhattan;Midtown-Times Square;1017222;14;14;38;E  38 ST;10016;14 E  38 ST;True;True;True;False;False;0.874033427;87.40334272
Manhattan;Chelsea-Hudson Yards;1013994;5;230;20;W  20 ST;10011;230 W  20 ST;True;False;False;True;True;0.569540962;56.95409618
Manhattan;Midtown South-Flatiron-Union Square;1016093;9;;;;;;True;False;False;False;False;0.746703839;74.67038388
Manhattan;Midtown-Times Square;1022577;29;130;42;W  42 ST;10036;130 W  42 ST;True;False;False;False;True;0.717162492;71.7162492
Manhattan;Midtown-Times Square;1015227;7;124;36;W  36 ST;10018;124 W  36 ST;True;False;True;False;True;0.85127112;85.12711198
Manhattan;Midtown South-Flatiron-Union Square;1015610;12;48;25;W  25 ST;10010;48 W  25 ST;True;False;False;False;True;0.845931906;84.59319059
Manhattan;Upper West Side-Lincoln Square;1029961;5;167;72;W  72 ST;10023;167 W  72 ST;True;False;False;False;True;0.546044658;54.60446584
Manhattan;Midtown South-Flatiron-Union Square;1015579;8;24;24;W  24 ST;10010;24 W  24 ST;True;False;False;False;True;0.777272399;77.72723994
Manhattan;Midtown South-Flatiron-Union Square;1015284;4;51;14;W  14 ST;10011;51 W  14 ST;True;False;False;False;True;0.84381748;84.38174797
Manhattan;Upper West Side (Central);1028806;4;35;76;W  76 ST;10023;35 W  76 ST;True;False;True;False;False;0.145690477;14.56904768
Manhattan;Midtown South-Flatiron-Union Square;1015042;6;101;26;W  26 ST;10001;101 W  26 ST;True;False;False;False;True;0.778638889;77.86388893
Manhattan;Upper West Side-Lincoln Square;1029658;12;154;70;W  70 ST;10023;154 W  70 ST;True;False;False;False;True;0.668154827;66.81548274
Manhattan;Chelsea-Hudson Yards;1012395;6;510;27;W  27 ST;10001;510 W  27 ST;True;False;True;False;False;0.504068113;50.40681125
Manhattan;Upper West Side (Central);1030727;12;2124;BROADWAY;BROADWAY;10023;2124 BROADWAY;True;False;True;False;True;0.773877837;77.38778369
Manhattan;Chelsea-Hudson Yards;1013049;6;333;16;W  16 ST;10011;333 W  16 ST;True;False;False;True;True;0.191279815;19.12798147
Manhattan;Midtown South-Flatiron-Union Square;1015040;11;109;26;W  26 ST;10001;109 W  26 ST;True;False;False;False;True;0.851353348;85.13533482
Manhattan;Hell's Kitchen;1025251;5;798;9;9 AVE;10019;798 9 AVE;True;False;False;True;True;0.651244907;65.12449069
Manhattan;Gramercy;1019624;5;224;21;E  21 ST;10010;224 E  21 ST;True;True;True;False;False;0.291478427;29.1478427
Manhattan;Hell's Kitchen;1027000;5;514;48;W  48 ST;10036;514 W  48 ST;True;True;True;False;False;0.16412485;16.41248505
Manhattan;Midtown South-Flatiron-Union Square;1015638;7;29;26;W  26 ST;10010;29 W  26 ST;True;False;False;False;True;0.731225805;73.12258046
Manhattan;Chelsea-Hudson Yards;1014739;5;150;20;W  20 ST;10011;150 W  20 ST;True;False;False;True;True;0.809119673;80.91196734
Manhattan;Hell's Kitchen;1025214;4;344;52;W  52 ST;10019;344 W  52 ST;True;False;False;False;True;0.760367002;76.03670024
Manhattan;Chelsea-Hudson Yards;1012262;1;451;12;12 AVE;10018;451 12 AVE;True;False;False;False;True;0.906032405;90.60324054
Manhattan;Hell's Kitchen;1026921;8;552;43;W  43 ST;10036;552 W  43 ST;True;False;False;False;True;0.828106282;82.81062823
Manhattan;Gramercy;1019506;5;227;14;E  14 ST;10003;227 E  14 ST;True;False;True;False;False;0.16109967;16.10996697
Manhattan;Upper West Side-Lincoln Square;1028564;18;2;71;W  71 ST;10023;2 W  71 ST;True;True;True;False;False;0.677603072;67.76030717
Manhattan;Upper West Side (Central);1028726;5;32;75;W  75 ST;10023;32 W  75 ST;True;True;False;False;False;0.120749536;12.0749536
Manhattan;Midtown South-Flatiron-Union Square;1015543;6;34;22;W  22 ST;10010;34 W  22 ST;True;False;False;False;True;0.721101995;72.11019949
Manhattan;Upper West Side (Central);1031695;4;51;94;W  94 ST;10025;51 W  94 ST;True;True;True;False;False;0.087274833;8.727483265
Manhattan;Upper West Side (Central);1030206;4;115;77;W  77 ST;10024;115 W  77 ST;True;True;True;False;False;0.151239294;15.12392942
Manhattan;Hell's Kitchen;1027020;1;682;11;11 AVE;10019;682 11 AVE;True;False;False;True;True;0.751055985;75.10559852
Manhattan;Upper West Side (Central);1030729;4;228;75;W  75 ST;10023;228 W  75 ST;True;True;False;False;False;0.518229462;51.82294619
Manhattan;Midtown-Times Square;1014452;17;252;37;W  37 ST;10018;252 W  37 ST;True;False;True;False;False;0.879320844;87.93208438
Manhattan;Hell's Kitchen;1025110;4;340;48;W  48 ST;10036;340 W  48 ST;True;False;False;False;True;0.150986571;15.09865706
Manhattan;Upper West Side-Lincoln Square;1028456;4.5;17;68;W  68 ST;10023;17 W  68 ST;True;True;False;True;True;0.160586438;16.05864378
Manhattan;Upper West Side-Lincoln Square;1028838;10;155;66;W  66 ST;10023;155 W  66 ST;True;True;False;True;True;0.82208492;82.20849201
Manhattan;Chelsea-Hudson Yards;1014569;4;146;16;W  16 ST;10011;146 W  16 ST;True;True;True;False;False;0.154580248;15.45802483
Manhattan;Upper West Side-Lincoln Square;1028507;5;;;;;;True;True;False;False;False;0.16349297;16.34929697
Manhattan;Chelsea-Hudson Yards;1014140;4;250;8;8 AVE;10011;250 8 AVE;True;False;False;False;True;0.793910595;79.39105947
Manhattan;Upper West Side-Lincoln Square;1029956;4;150;73;W  73 ST;10023;150 W  73 ST;True;True;False;False;False;0.156467476;15.64674757
Manhattan;Midtown-Times Square;1015222;22;157;35;W  35 ST;10001;157 W  35 ST;True;False;False;True;True;0.714136661;71.41366613
Manhattan;Chelsea-Hudson Yards;1014546;9;147;15;W  15 ST;10011;147 W  15 ST;True;False;False;False;True;0.871826978;87.18269778
Manhattan;Hell's Kitchen;1024993;5;302;45;W  45 ST;10036;302 W  45 ST;True;True;True;False;False;0.753395508;75.33955085
Manhattan;Gramercy;1020515;5;341;19;E  19 ST;10003;341 E  19 ST;True;True;True;False;False;0.529898723;52.98987234
Manhattan;Chelsea-Hudson Yards;1014663;7;124;18;W  18 ST;10011;124 W  18 ST;True;False;False;False;True;0.781754495;78.17544947
Manhattan;Upper West Side (Central);1028788;4;56;76;W  76 ST;10023;56 W  76 ST;True;True;True;False;False;0.156825532;15.68255318
Manhattan;Upper West Side (Central);1028717;4;10;75;W  75 ST;10023;10 W  75 ST;True;True;True;False;False;0.159132865;15.91328651
Manhattan;Gramercy;1018106;10;137;25;E  25 ST;10010;137 E  25 ST;True;False;False;False;True;0.702815861;70.28158613
Manhattan;Midtown-Times Square;1014498;17;251;39;W  39 ST;10018;251 W  39 ST;True;False;False;False;True;0.873765432;87.37654323
Manhattan;Upper West Side-Lincoln Square;1030535;5;266;END;W  END AVE;10023;266 W  END AVE;True;True;True;False;False;0.622710309;62.27103087
Manhattan;Gramercy;1019637;4;;;;;;True;True;True;False;False;0.378189608;37.81896077
Manhattan;Upper West Side (Central);1030867;4;;;;;;True;True;True;False;False;0.467508356;46.75083563
Manhattan;Upper West Side (Central);1031636;15;1;92;W  92 ST;10025;1 W  92 ST;True;False;False;False;True;0.603912629;60.39126289
Manhattan;Chelsea-Hudson Yards;1014015;1;206;8;8 AVE;10011;206 8 AVE;True;False;False;False;True;0.801346121;80.13461212
Manhattan;Chelsea-Hudson Yards;1013246;3;357;20;W  20 ST;10011;357 W  20 ST;True;True;False;False;False;0.128728016;12.87280161
Manhattan;Midtown South-Flatiron-Union Square;1015419;11;1;17;W  17 ST;10011;1 W  17 ST;True;False;False;False;True;0.862865948;86.2865948
Manhattan;Midtown South-Flatiron-Union Square;1016085;11;33;UNION;UNION SQ;10003;33 UNION SQ;False;False;False;False;False;0.688625417;68.86254167
Manhattan;Upper West Side (Central);1028693;5;305;COLUMBUS;COLUMBUS AVE;10023;305 COLUMBUS AVE;True;False;False;False;True;0.717125793;71.71257929
Manhattan;Upper West Side-Lincoln Square;1030927;4;339;70;W  70 ST;10023;339 W  70 ST;True;True;True;False;False;0.120524978;12.05249785
Manhattan;Upper West Side (Central);1030135;5;105;75;W  75 ST;10023;105 W  75 ST;True;True;True;False;False;0.169518797;16.95187968
Manhattan;Gramercy;1017815;12;116;16;E  16 ST;10003;116 E  16 ST;True;False;False;False;True;0.884553306;88.45533064
Manhattan;Upper West Side-Lincoln Square;1028448;5.5;49;68;W  68 ST;10023;49 W  68 ST;True;False;True;False;False;0.175496919;17.54969185
Manhattan;Midtown South-Flatiron-Union Square;1014251;10;220;28;W  28 ST;10001;220 W  28 ST;True;False;False;False;True;0.611302129;61.13021288
Manhattan;Upper West Side (Central);1031576;4;18;90;W  90 ST;10024;18 W  90 ST;True;False;True;False;True;0.384626116;38.46261163
Manhattan;Midtown South-Flatiron-Union Square;1015405;12;50;17;W  17 ST;10011;50 W  17 ST;True;False;False;False;True;0.893373034;89.33730338
Manhattan;Midtown South-Flatiron-Union Square;1016186;9.5;133;5;5 AVE;10003;133 5 AVE;True;False;False;False;True;0.77874656;77.87465595
Manhattan;Chelsea-Hudson Yards;1013887;7;270;19;W  19 ST;10011;270 W  19 ST;True;False;False;False;True;0.885298447;88.52984472
Manhattan;Midtown-Times Square;1024872;2;251;55;W  55 ST;10019;251 W  55 ST;True;False;True;False;False;0.718603686;71.86036856
Manhattan;Midtown-Times Square;1016013;5;40;39;W  39 ST;10018;40 W  39 ST;True;False;False;False;True;0.846589391;84.65893907
Manhattan;Upper West Side (Central);1031651;4;32;94;W  94 ST;10025;32 W  94 ST;True;True;True;False;False;0.21463612;21.46361196
Manhattan;Hell's Kitchen;1027150;1;624;52;W  52 ST;10019;624 W  52 ST;True;False;False;True;True;0.873748892;87.37488916
Manhattan;Midtown South-Flatiron-Union Square;1015539;12;4;22;W  22 ST;10010;4 W  22 ST;True;True;False;False;True;0.728895337;72.88953374
Manhattan;Chelsea-Hudson Yards;1014149;10;213;23;W  23 ST;10011;213 W  23 ST;True;True;False;False;False;0.456834662;45.68346621
Manhattan;Gramercy;1019512;5;241;14;E  14 ST;10003;241 E  14 ST;True;False;False;False;True;0.650976553;65.09765532
Manhattan;Chelsea-Hudson Yards;1026909;4;524;42;W  42 ST;10036;524 W  42 ST;True;False;False;False;True;0.594897332;59.48973324
Manhattan;Hell's Kitchen;1026890;6;;;;;;True;False;False;False;True;0.588107564;58.81075645
Manhattan;Hell's Kitchen;1026864;5;421;56;W  56 ST;10019;421 W  56 ST;True;True;False;False;False;0.198519157;19.85191574
Manhattan;Upper West Side-Lincoln Square;1028566;5;;;;;;True;True;True;True;False;0.148945092;14.89450919
Manhattan;Upper West Side-Lincoln Square;1027465;14;1889;BROADWAY;BROADWAY;10023;1889 BROADWAY;True;False;False;False;True;0.856032374;85.60323743
Manhattan;Upper West Side (Central);1028704;4;33;74;W  74 ST;10023;33 W  74 ST;True;True;False;True;True;0.14114866;14.11486599
Manhattan;Midtown-Times Square;1015259;4;;;;;;False;False;False;False;False;0.747218502;74.72185024
Manhattan;Upper West Side-Lincoln Square;1028561;4;15;70;W  70 ST;10023;15 W  70 ST;True;True;False;False;False;0.149062342;14.90623418
Manhattan;Hell's Kitchen;1013686;2;607;8;8 AVE;10018;607 8 AVE;True;False;False;False;True;0.775628251;77.56282509
Manhattan;Chelsea-Hudson Yards;1014746;6;135;20;W  20 ST;10011;135 W  20 ST;True;False;False;False;True;0.887157566;88.7157566
Manhattan;Upper West Side-Lincoln Square;1030400;3;258;71;W  71 ST;10023;258 W  71 ST;True;True;True;False;False;0.097851635;9.785163546
Manhattan;Upper West Side (Central);1030238;4;161;78;W  78 ST;10024;161 W  78 ST;True;True;True;False;False;0.101429462;10.14294623
Manhattan;Upper West Side (Central);1030063;4;117;74;W  74 ST;10023;117 W  74 ST;True;True;True;False;False;0.170753324;17.07533244
Manhattan;Midtown-Times Square;1015929;12;19;36;W  36 ST;10018;19 W  36 ST;True;False;False;False;True;0.868820349;86.88203487
Manhattan;Midtown South-Flatiron-Union Square;1015855;41;42;33;W  33 ST;10001;42 W  33 ST;True;False;False;False;True;0.987755262;98.77552624
Manhattan;Upper West Side-Lincoln Square;1028238;14;33;67;W  67 ST;10023;33 W  67 ST;True;True;True;False;False;0.685233247;68.52332468
Manhattan;Upper West Side (Central);1028705;5;31;74;W  74 ST;10023;31 W  74 ST;True;True;True;False;False;0.159486959;15.9486959
Manhattan;Upper West Side (Central);1031035;4;326;76;W  76 ST;10023;326 W  76 ST;True;True;False;False;False;0.107976465;10.79764648
Manhattan;Midtown-Times Square;1014483;5;203;38;W  38 ST;10018;203 W  38 ST;True;False;True;False;True;0.770592759;77.05927592
Manhattan;Upper West Side (Central);1030190;5;351;AMSTERDAM;AMSTERDAM AVE;10024;351 AMSTERDAM AVE;True;False;True;True;True;0.572154693;57.21546925
Manhattan;Hell's Kitchen;1025164;5;714;9;9 AVE;10019;714 9 AVE;True;False;False;False;True;0.649884608;64.98846076
Manhattan;Upper West Side (Central);1030845;15;242;76;W  76 ST;10023;242 W  76 ST;True;False;False;False;True;0.725176392;72.51763924
Manhattan;Upper West Side-Lincoln Square;1028479;4;68;69;W  69 ST;10023;68 W  69 ST;True;True;True;True;False;0.158212278;15.82122781
Manhattan;Midtown-Times Square;1017215;5;34;38;E  38 ST;10016;34 E  38 ST;True;True;True;False;False;0.162556469;16.25564689
Manhattan;Midtown South-Flatiron-Union Square;1015826;13;12;32;W  32 ST;10001;12 W  32 ST;True;False;False;False;True;0.853360155;85.33601547
Manhattan;Upper West Side (Central);1031325;4;46;85;W  85 ST;10024;46 W  85 ST;True;True;False;False;False;0.096558958;9.655895805
Manhattan;Chelsea-Hudson Yards;1014593;5;146;17;W  17 ST;10011;146 W  17 ST;True;False;False;False;True;0.662315142;66.23151422
Manhattan;Chelsea-Hudson Yards;1014986;40;112;25;W  25 ST;10001;112 W  25 ST;True;False;False;False;True;0.996038089;99.60380889
Manhattan;Midtown South-Flatiron-Union Square;1016925;5;1;29;E  29 ST;10016;1 E  29 ST;True;True;True;False;False;0.198897131;19.88971314
Manhattan;Chelsea-Hudson Yards;1012618;4;453;21;W  21 ST;10011;453 W  21 ST;True;True;True;False;False;0.11425314;11.42531404
Manhattan;Midtown-Times Square;1017217;5;30;38;E  38 ST;10016;30 E  38 ST;True;False;True;False;True;0.722394035;72.23940347
Manhattan;Midtown South-Flatiron-Union Square;1015401;10;34;17;W  17 ST;10011;34 W  17 ST;True;False;False;False;True;0.790549567;79.05495672
Manhattan;Midtown South-Flatiron-Union Square;1016064;8;5;UNION;UNION SQ;10003;5 UNION SQ;True;False;False;False;True;0.774306929;77.43069293
Manhattan;Midtown South-Flatiron-Union Square;1016188;7;47;19;E  19 ST;10003;47 E  19 ST;True;False;False;False;True;0.77672281;77.67228102
Manhattan;Chelsea-Hudson Yards;1013193;4;150;9;9 AVE;10011;150 9 AVE;True;False;True;False;False;0.618355856;61.83558555
Manhattan;Midtown South-Flatiron-Union Square;1016303;6;10;23;E  23 ST;10010;10 E  23 ST;True;False;False;False;True;0.87938012;87.93801201
Manhattan;Hell's Kitchen;1026637;4;454;49;W  49 ST;10019;454 W  49 ST;True;True;True;False;False;0.189383475;18.93834754
Manhattan;Upper West Side (Central);1030111;7;102;75;W  75 ST;10023;102 W  75 ST;True;False;False;False;True;0.688170132;68.81701315
Manhattan;Midtown South-Flatiron-Union Square;1015585;6;18;24;W  24 ST;10010;18 W  24 ST;True;True;True;False;False;0.87503538;87.50353803
Manhattan;Midtown South-Flatiron-Union Square;1015664;12;34;27;W  27 ST;10001;34 W  27 ST;True;False;True;False;True;0.83617575;83.61757497
Manhattan;Upper West Side (Central);1031670;3;37;94;W  94 ST;10025;37 W  94 ST;True;True;True;False;False;0.112437604;11.24376043
Manhattan;Upper West Side (Central);1028692;7;301;COLUMBUS;COLUMBUS AVE;10023;301 COLUMBUS AVE;True;True;False;False;False;0.435141391;43.51413911
Manhattan;Gramercy;1018159;16;100;27;E  27 ST;10016;100 E  27 ST;True;False;False;False;True;0.855633943;85.56339434
Manhattan;Hell's Kitchen;1024939;4;;;;;;True;False;True;False;False;0.274241241;27.42412409
Manhattan;Midtown-Times Square;1015219;19;140;35;W  35 ST;10001;140 W  35 ST;True;False;False;False;True;0.839294146;83.9294146
Manhattan;Upper West Side-Lincoln Square;1028234;8;50;67;W  67 ST;10023;50 W  67 ST;True;False;True;False;False;0.519593113;51.95931134
Manhattan;Midtown South-Flatiron-Union Square;1015845;5;37;32;W  32 ST;10001;37 W  32 ST;True;False;False;False;True;0.770274153;77.02741526
Manhattan;Upper West Side (Central);1031519;4;30;89;W  89 ST;10024;30 W  89 ST;True;True;False;False;False;0.12368556;12.36855596
Manhattan;Gramercy;1018131;18;129;26;E  26 ST;10010;129 E  26 ST;True;False;False;False;True;0.639291206;63.92912056
Manhattan;Midtown South-Flatiron-Union Square;1015612;11;41;25;W  25 ST;10010;41 W  25 ST;True;False;True;False;True;0.854173568;85.41735678
Manhattan;Hell's Kitchen;1026885;6;421;57;W  57 ST;10019;421 W  57 ST;True;True;True;False;False;0.592734303;59.27343031
Manhattan;Chelsea-Hudson Yards;1014995;12;164;25;W  25 ST;10001;164 W  25 ST;True;False;True;False;True;0.865882456;86.58824562
Manhattan;Chelsea-Hudson Yards;1012659;4;456;22;W  22 ST;10011;456 W  22 ST;True;True;True;False;False;0.163421931;16.34219314
Manhattan;Upper West Side-Lincoln Square;1028645;6;46;73;W  73 ST;10023;46 W  73 ST;True;True;False;False;False;0.72607523;72.60752304
Manhattan;Upper West Side (Central);1031498;4;53;88;W  88 ST;10024;53 W  88 ST;True;True;False;True;True;0.069073852;6.907385249
Manhattan;Upper West Side (Central);1031456;4;31;87;W  87 ST;10024;31 W  87 ST;True;True;True;False;False;0.145954804;14.5954804
Manhattan;Chelsea-Hudson Yards;1012878;5;452;36;W  36 ST;10018;452 W  36 ST;True;False;False;False;True;0.212765112;21.27651121
Manhattan;Chelsea-Hudson Yards;1014154;4;;;;;;True;False;False;True;True;0.721199211;72.11992111
Manhattan;Hell's Kitchen;1025130;7;359;48;W  48 ST;10036;359 W  48 ST;True;True;True;False;False;0.618267105;61.82671051
Manhattan;Upper West Side (Central);1031208;4;;;;;;True;True;True;False;False;0.126826128;12.68261276
Manhattan;Midtown-Times Square;1015983;2;58;38;W  38 ST;10018;58 W  38 ST;True;False;False;False;True;0.750155604;75.0155604
Manhattan;Midtown South-Flatiron-Union Square;1014345;;232;31;W  31 ST;10001;232 W  31 ST;True;False;False;False;False;0.701118192;70.11181925
Manhattan;Chelsea-Hudson Yards;1013891;2;;;;;;True;False;False;False;False;0.728065523;72.8065523
Manhattan;Gramercy;1017855;2;192;3;3 AVE;10003;192 3 AVE;True;False;False;False;True;0.81030836;81.03083599
Manhattan;Midtown South-Flatiron-Union Square;1016939;20.5;105;MADISON;MADISON AVE;10016;105 MADISON AVE;True;False;False;False;True;0.678343913;67.83439132
Manhattan;Chelsea-Hudson Yards;1013507;3;362;30;W  30 ST;10001;362 W  30 ST;True;True;False;False;False;0.106726323;10.67263232
Manhattan;Hell's Kitchen;1027160;3;;;;;;True;False;False;False;True;0.679731612;67.97316123
Manhattan;Gramercy;1017938;4;120;20;E  20 ST;10003;120 E  20 ST;True;True;False;False;False;0.214540828;21.45408284
Manhattan;Midtown-Times Square;1014453;23;265;37;W  37 ST;10018;265 W  37 ST;False;False;False;False;False;0.717560149;71.75601491
Manhattan;Gramercy;1018068;6;105;24;E  24 ST;10010;105 E  24 ST;True;False;False;False;True;0.580838116;58.08381157
Manhattan;Chelsea-Hudson Yards;1012654;4.5;446;22;W  22 ST;10011;446 W  22 ST;True;True;True;False;False;0.096335067;9.633506712
Manhattan;Midtown South-Flatiron-Union Square;1015808;11;31;31;W  31 ST;10001;31 W  31 ST;True;True;False;False;False;0.60108142;60.108142
Manhattan;Chelsea-Hudson Yards;1014128;5;206;23;W  23 ST;10011;206 W  23 ST;False;False;False;False;False;0.783358494;78.33584939
Manhattan;Hell's Kitchen;1026801;6;430;55;W  55 ST;10019;430 W  55 ST;False;False;False;False;False;0.707356806;70.73568056
Manhattan;Midtown South-Flatiron-Union Square;1017095;6;4;34;E  34 ST;10016;4 E  34 ST;True;False;False;False;True;0.88263613;88.26361296
Manhattan;Midtown South-Flatiron-Union Square;1016181;7;30;20;E  20 ST;10003;30 E  20 ST;True;False;False;False;True;0.827319851;82.73198507
Manhattan;Chelsea-Hudson Yards;1014789;4;;;;;;True;False;False;False;True;0.661030323;66.10303228
Manhattan;Upper West Side (Central);1030849;12;330;END;W  END AVE;10023;330 W  END AVE;True;False;True;False;True;0.586311728;58.63117281
Manhattan;Gramercy;1017911;4;113;19;E  19 ST;10003;113 E  19 ST;True;True;True;False;False;0.151204551;15.12045515
Manhattan;Chelsea-Hudson Yards;1014145;2;;;;;;True;False;False;False;True;0.681405192;68.14051915
Manhattan;Chelsea-Hudson Yards;1012598;4;442;20;W  20 ST;10011;442 W  20 ST;True;True;True;False;False;0.145739879;14.57398792
Manhattan;Upper West Side (Central);1031410;5;8;87;W  87 ST;10024;8 W  87 ST;True;True;True;False;False;0.168954274;16.89542738
Manhattan;Chelsea-Hudson Yards;1014055;5;252;21;W  21 ST;10011;252 W  21 ST;True;False;False;False;True;0.169590206;16.95902059
Manhattan;Upper West Side-Lincoln Square;1030957;5;333;71;W  71 ST;10023;333 W  71 ST;True;True;True;False;False;0.121384753;12.13847528
Manhattan;Chelsea-Hudson Yards;1012584;4;408;20;W  20 ST;10011;408 W  20 ST;True;True;True;False;False;0.126130341;12.61303405
Manhattan;Chelsea-Hudson Yards;1013469;5;353;29;W  29 ST;10001;353 W  29 ST;True;False;True;False;False;0.100402381;10.04023813
Manhattan;Chelsea-Hudson Yards;1014947;5;159;23;W  23 ST;10011;159 W  23 ST;True;False;False;False;True;0.802154935;80.21549346
Manhattan;Midtown South-Flatiron-Union Square;1016922;11;267;5;5 AVE;10016;267 5 AVE;True;False;True;False;False;0.862841003;86.28410034
Manhattan;Hell's Kitchen;1026739;1;463;52;W  52 ST;10019;463 W  52 ST;True;False;True;False;False;0.820028023;82.00280235
Manhattan;Gramercy;1017999;3;272;3;3 AVE;10010;272 3 AVE;False;False;False;False;False;0.504882882;50.48828818
Manhattan;Upper West Side-Lincoln Square;1029654;4;136;70;W  70 ST;10023;136 W  70 ST;True;True;True;False;False;0.097829063;9.782906274
Manhattan;Gramercy;1017882;6;157;18;E  18 ST;10003;157 E  18 ST;True;False;False;True;True;0.776444139;77.64441393
Manhattan;Midtown South-Flatiron-Union Square;1016216;5;44;21;E  21 ST;10010;44 E  21 ST;True;True;False;False;False;0.618718265;61.87182653
Manhattan;Upper West Side-Lincoln Square;1030414;9;225;71;W  71 ST;10023;225 W  71 ST;True;False;False;False;True;0.807898938;80.78989385
Manhattan;Midtown South-Flatiron-Union Square;1015479;11;6;20;W  20 ST;10011;6 W  20 ST;True;False;False;False;True;0.855294571;85.52945714
Manhattan;Chelsea-Hudson Yards;1012573;7;453;19;W  19 ST;10011;453 W  19 ST;True;True;True;False;False;0.702396971;70.23969714
Manhattan;Midtown South-Flatiron-Union Square;1015072;4;105;27;W  27 ST;10001;105 W  27 ST;True;False;False;False;True;0.748395468;74.8395468
Manhattan;Upper West Side (Central);1031086;5;336;77;W  77 ST;10024;336 W  77 ST;True;True;True;False;False;0.11578891;11.57889098
Manhattan;Gramercy;1019569;4;;;;;;True;True;True;False;False;0.583168408;58.31684079
Manhattan;Hell's Kitchen;1027080;6;500;58;W  58 ST;10019;500 W  58 ST;True;False;False;False;True;0.849091111;84.90911107
Manhattan;Upper West Side (Central);1031321;5;36;85;W  85 ST;10024;36 W  85 ST;True;True;False;False;False;0.119222761;11.92227606
Manhattan;Chelsea-Hudson Yards;1012653;3;444;22;W  22 ST;10011;444 W  22 ST;True;True;True;False;False;0.128365079;12.83650791
Manhattan;Midtown South-Flatiron-Union Square;1017011;12;15;32;E  32 ST;10016;15 E  32 ST;True;False;False;False;True;0.873666104;87.36661038
Manhattan;Chelsea-Hudson Yards;1013607;3;354;37;W  37 ST;10018;354 W  37 ST;True;False;False;False;True;0.742437323;74.24373234
Manhattan;Chelsea-Hudson Yards;1014783;6;;;;;;True;False;False;False;True;0.646867889;64.68678891
Manhattan;Midtown South-Flatiron-Union Square;1014304;3;250;30;W  30 ST;10001;250 W  30 ST;False;False;False;False;False;0.745800339;74.58003392
Manhattan;Upper West Side (Central);1030730;4;;;;;;True;True;True;False;False;0.087910901;8.791090079
Manhattan;Hell's Kitchen;1026364;3;611;9;9 AVE;10036;611 9 AVE;True;False;False;False;True;0.772165447;77.21654466
Manhattan;Gramercy;1020573;5;335;22;E  22 ST;10010;335 E  22 ST;True;False;True;False;False;0.248823325;24.88233253
Manhattan;Hell's Kitchen;1026504;5;432;47;W  47 ST;10036;432 W  47 ST;True;True;True;False;False;0.18207355;18.20735505
Manhattan;Chelsea-Hudson Yards;1013973;5;233;19;W  19 ST;10011;233 W  19 ST;True;False;False;False;True;0.632138743;63.21387427
Manhattan;Chelsea-Hudson Yards;1013264;3;201;8;8 AVE;10011;201 8 AVE;True;False;False;False;True;0.743608434;74.36084343
Manhattan;Upper West Side-Lincoln Square;1029906;3;103;71;W  71 ST;10023;103 W  71 ST;True;False;False;False;False;0.513244329;51.32443286
Manhattan;Upper West Side (Central);1030737;4;230;75;W  75 ST;10023;230 W  75 ST;True;True;True;False;False;0.509193151;50.91931509
Manhattan;Upper West Side (Central);1031530;4;58;89;W  89 ST;10024;58 W  89 ST;True;True;True;False;False;0.143942336;14.39423364
Manhattan;Upper West Side-Lincoln Square;1029925;5;;;;;;True;False;False;True;True;0.561254114;56.12541143
Manhattan;Midtown South-Flatiron-Union Square;1015654;20;1150;BROADWAY;BROADWAY;10001;1150 BROADWAY;True;False;False;False;True;0.665824603;66.5824603
Manhattan;Hell's Kitchen;1026484;5;439;46;W  46 ST;10036;439 W  46 ST;True;True;True;False;False;0.222485176;22.24851763
Manhattan;Upper West Side-Lincoln Square;1029760;6;101;70;W  70 ST;10023;101 W  70 ST;True;False;False;False;True;0.567482572;56.74825719
Manhattan;Chelsea-Hudson Yards;1013537;4;320;31;W  31 ST;10001;320 W  31 ST;True;False;False;False;False;0.383377029;38.33770295
Manhattan;Hell's Kitchen;1024941;5;325;42;W  42 ST;10036;325 W  42 ST;True;False;False;False;False;0.645236213;64.52362129
Manhattan;Chelsea-Hudson Yards;1013026;4;;;;;;True;True;True;False;False;0.119822558;11.98225582
Manhattan;Upper West Side-Lincoln Square;1029775;4;136;71;W  71 ST;10023;136 W  71 ST;True;False;True;False;False;0.157585381;15.75853806
Manhattan;Midtown-Times Square;1015995;12;39;38;W  38 ST;10018;39 W  38 ST;False;False;False;False;False;0.842358059;84.23580587
Manhattan;Upper West Side (Central);1028792;4;;;;;;True;True;False;False;False;0.120205128;12.02051275
Manhattan;Chelsea-Hudson Yards;1013742;3;218;15;W  15 ST;10011;218 W  15 ST;True;True;False;False;False;0.146621676;14.66216761
Manhattan;Upper West Side (Central);1028808;4;31;76;W  76 ST;10023;31 W  76 ST;True;True;False;False;False;0.104395785;10.43957854
Manhattan;Chelsea-Hudson Yards;1014098;7;234;8;8 AVE;10011;234 8 AVE;True;False;False;False;True;0.634685814;63.46858138
Manhattan;Gramercy;1019507;5;229;14;E  14 ST;10003;229 E  14 ST;True;False;False;False;True;0.162845389;16.28453894
Manhattan;Hell's Kitchen;1025394;4;351;53;W  53 ST;10019;351 W  53 ST;True;True;False;False;False;0.144144443;14.41444428
Manhattan;Upper West Side-Lincoln Square;1027188;12;17;60;W  60 ST;10023;17 W  60 ST;True;False;False;False;True;0.591464357;59.14643568
Manhattan;Upper West Side (Central);1031780;4;142;80;W  80 ST;10024;142 W  80 ST;True;True;True;False;False;0.159719936;15.9719936
Manhattan;Gramercy;1020511;5;320;2;2 AVE;10003;320 2 AVE;True;True;False;False;False;0.189954608;18.99546084
Manhattan;Chelsea-Hudson Yards;1014655;3;109;17;W  17 ST;10011;109 W  17 ST;True;False;False;False;True;0.779463241;77.94632409
Manhattan;Upper West Side (Central);1031472;4;;;;;;True;True;True;False;False;0.124824047;12.48240474
Manhattan;Gramercy;1017929;5;148;20;E  20 ST;10003;148 E  20 ST;True;True;True;False;False;0.120967903;12.09679035
Manhattan;Midtown South-Flatiron-Union Square;1015469;5;29;19;W  19 ST;10011;29 W  19 ST;True;True;False;False;True;0.632213286;63.22132856
Manhattan;Midtown-Times Square;1014418;14;260;35;W  35 ST;10001;260 W  35 ST;True;False;False;False;True;0.897946298;89.79462984
Manhattan;Hell's Kitchen;1026379;3;440;44;W  44 ST;10036;440 W  44 ST;True;True;True;False;False;0.131458469;13.14584694
Manhattan;Chelsea-Hudson Yards;1014096;6;;;;;;True;True;True;False;False;0.6087563;60.87562999
Manhattan;Upper West Side (Central);1031669;3;39;94;W  94 ST;10025;39 W  94 ST;True;True;False;False;False;0.11240462;11.24046205
Manhattan;Chelsea-Hudson Yards;1014670;9;;;;;;True;False;False;False;True;0.728141802;72.81418022
Manhattan;Hell's Kitchen;1026491;4;413;46;W  46 ST;10036;413 W  46 ST;True;True;True;False;False;0.259896522;25.9896522
Manhattan;Midtown South-Flatiron-Union Square;1016883;7;235;5;5 AVE;10016;235 5 AVE;True;False;False;False;True;0.825722533;82.57225329
Manhattan;Chelsea-Hudson Yards;1013721;4;229;14;W  14 ST;10011;229 W  14 ST;True;True;True;False;False;0.377300309;37.73003088
Manhattan;Gramercy;1017883;3;214;3;3 AVE;10003;214 3 AVE;True;False;False;False;True;0.624045284;62.40452841
Manhattan;Upper West Side (Central);1028729;4;40;75;W  75 ST;10023;40 W  75 ST;True;True;False;False;False;0.154990113;15.49901135
Manhattan;Midtown-Times Square;1023759;36;150;CENTRAL;CENTRAL PARK S;10019;150 CENTRAL PARK S;True;False;False;False;True;0.838663758;83.86637583
Manhattan;Chelsea-Hudson Yards;1013988;3;216;20;W  20 ST;10011;216 W  20 ST;True;False;False;False;True;0.682235625;68.22356252
Manhattan;Midtown South-Flatiron-Union Square;1015608;16;;;;;;True;False;False;False;True;0.855948697;85.59486966
Manhattan;Chelsea-Hudson Yards;1013753;3;262;15;W  15 ST;10011;262 W  15 ST;True;False;False;False;True;0.688598068;68.85980679
Manhattan;Upper West Side-Lincoln Square;1028640;4;32;73;W  73 ST;10023;32 W  73 ST;True;True;True;False;False;0.159279356;15.92793556
Manhattan;Upper West Side (Central);1030900;5;2191;BROADWAY;BROADWAY;10024;2191 BROADWAY;True;False;False;False;True;0.560238034;56.02380344
Manhattan;Hell's Kitchen;1026757;7;439;53;W  53 ST;10019;439 W  53 ST;True;False;False;False;True;0.699337107;69.93371066
Manhattan;Midtown South-Flatiron-Union Square;1015195;2;155;33;W  33 ST;10001;155 W  33 ST;True;False;False;False;True;0.782539582;78.25395815
Manhattan;Upper West Side (Central);1031359;5;;;;;;True;True;True;False;False;0.093374907;9.337490675
Manhattan;Upper West Side (Central);1030061;5;129;74;W  74 ST;10023;129 W  74 ST;True;True;True;False;False;0.370232842;37.02328419
Manhattan;Midtown-Times Square;1015952;18;48;37;W  37 ST;10018;48 W  37 ST;True;False;False;False;True;0.866785579;86.67855789
Manhattan;Hell's Kitchen;1025447;5;856;9;9 AVE;10019;856 9 AVE;True;False;False;False;True;0.198240631;19.82406314
Manhattan;Midtown-Times Square;1024832;43;900;8;8 AVE;10019;900 8 AVE;True;False;False;False;True;0.981130232;98.11302315
Manhattan;Midtown-Times Square;1017595;41;;;;;;True;False;False;False;True;0.808046091;80.8046091
Manhattan;Midtown-Times Square;1024805;23;218;50;W  50 ST;10019;218 W  50 ST;True;False;False;False;True;0.866466365;86.64663647
Manhattan;Upper West Side (Central);1028785;4;48;76;W  76 ST;10023;48 W  76 ST;True;False;True;True;True;0.155434759;15.54347589
Manhattan;Upper West Side-Lincoln Square;1029950;4;136;73;W  73 ST;10023;136 W  73 ST;True;True;True;False;False;0.107335924;10.73359242
Manhattan;Chelsea-Hudson Yards;1013858;5;250;18;W  18 ST;10011;250 W  18 ST;True;False;False;False;True;0.515893013;51.58930131
Manhattan;Midtown South-Flatiron-Union Square;1015161;12;115;30;W  30 ST;10001;115 W  30 ST;True;False;False;False;True;0.823853742;82.38537421
Manhattan;Midtown-Times Square;1023755;14;100;CENTRAL;CENTRAL PARK S;10019;100 CENTRAL PARK S;True;False;False;False;True;0.808956928;80.89569282
Manhattan;Upper West Side-Lincoln Square;1029936;4;103;72;W  72 ST;10023;103 W  72 ST;True;True;False;False;False;0.686097913;68.60979128
Manhattan;Midtown-Times Square;1015890;12;35;35;W  35 ST;10001;35 W  35 ST;True;False;False;False;True;0.876740114;87.67401137
Manhattan;Upper West Side (Central);1030891;10;208;78;W  78 ST;10024;208 W  78 ST;True;False;True;False;True;0.642953691;64.29536914
Manhattan;Upper West Side (Central);1031558;4;;;;;;True;True;True;False;False;0.078327314;7.832731389
Manhattan;Chelsea-Hudson Yards;1013284;3;355;21;W  21 ST;10011;355 W  21 ST;True;True;True;False;False;0.05513187;5.513187021
Manhattan;Chelsea-Hudson Yards;1012627;4;427;21;W  21 ST;10011;427 W  21 ST;True;True;True;False;False;0.102561889;10.25618893
Manhattan;Upper West Side-Lincoln Square;1028445;5;57;68;W  68 ST;10023;57 W  68 ST;True;True;True;False;False;0.170548105;17.05481049
Manhattan;Chelsea-Hudson Yards;1013346;3;349;22;W  22 ST;10011;349 W  22 ST;True;True;True;False;False;0.11140163;11.14016299
Manhattan;Chelsea-Hudson Yards;1012519;2;;;;;;True;False;True;False;False;0.779078838;77.90788384
Manhattan;Gramercy;1019594;3;;;;;;True;True;True;False;False;0.069224453;6.922445262
Manhattan;Upper West Side (Central);1031022;4;315;75;W  75 ST;10023;315 W  75 ST;True;True;True;False;False;0.103303833;10.3303833
Manhattan;Upper West Side (Central);1031124;3;;;;;;True;True;False;False;False;0.093927853;9.392785264
Manhattan;Upper West Side-Lincoln Square;1030365;9;243;70;W  70 ST;10023;243 W  70 ST;True;False;False;False;True;0.578203948;57.82039477
Manhattan;Gramercy;1020499;3;336;19;E  19 ST;10003;336 E  19 ST;True;True;True;False;False;0.157502187;15.75021875
Manhattan;Gramercy;1018107;7;151;25;E  25 ST;10010;151 E  25 ST;True;False;False;False;True;0.113121743;11.31217435
Manhattan;Midtown-Times Square;1014450;5;232;37;W  37 ST;10018;232 W  37 ST;True;False;False;False;True;0.879655569;87.96555687
Manhattan;Upper West Side (Central);1031668;3;43;94;W  94 ST;10025;43 W  94 ST;True;True;False;False;False;0.048439712;4.843971228
Manhattan;Midtown-Times Square;1024894;36;1754;BROADWAY;BROADWAY;10019;1754 BROADWAY;True;False;False;False;True;0.950463341;95.04633411
Manhattan;Upper West Side (Central);1030056;4;143;74;W  74 ST;10023;143 W  74 ST;True;True;True;False;False;0.164543926;16.45439262
Manhattan;Hell's Kitchen;1027151;3;628;52;W  52 ST;10019;628 W  52 ST;True;False;False;False;True;0.760162696;76.01626961
Manhattan;Midtown South-Flatiron-Union Square;1014228;5;249;26;W  26 ST;10001;249 W  26 ST;True;False;False;False;True;0.634321244;63.43212445
Manhattan;Gramercy;1018044;22;145;23;E  23 ST;10010;145 E  23 ST;True;False;False;False;True;0.906232783;90.62327827
Manhattan;Chelsea-Hudson Yards;1013734;5;70;7;7 AVE;10011;70 7 AVE;True;False;False;False;True;0.633549455;63.35494552
Manhattan;Midtown South-Flatiron-Union Square;1015084;4;108;28;W  28 ST;10001;108 W  28 ST;True;False;False;False;True;0.74227125;74.22712501
Manhattan;Upper West Side (Central);1030126;4;125;75;W  75 ST;10023;125 W  75 ST;True;True;True;False;False;0.110237667;11.02376666
Manhattan;Upper West Side (Central);1031182;6;;;;;;True;True;False;False;False;0.482766463;48.27664631
Manhattan;Upper West Side (Central);1028764;5;3;75;W  75 ST;10023;3 W  75 ST;True;False;True;False;True;0.104830703;10.48307026
Manhattan;Chelsea-Hudson Yards;1014038;4;184;7;7 AVE;10011;184 7 AVE;True;False;False;False;True;0.649581417;64.95814165
Manhattan;Midtown-Times Square;1017599;14;280;MADISON;MADISON AVE;10016;280 MADISON AVE;True;False;False;False;True;0.851153202;85.11532022
Manhattan;Chelsea-Hudson Yards;1013585;12;360;36;W  36 ST;10018;360 W  36 ST;True;False;True;False;False;0.84002433;84.00243303
Manhattan;Hell's Kitchen;1026465;5;426;46;W  46 ST;10036;426 W  46 ST;True;False;True;False;True;0.17446368;17.44636801
Manhattan;Midtown South-Flatiron-Union Square;1015559;10;3;22;W  22 ST;10010;3 W  22 ST;True;False;False;False;True;0.801717504;80.17175043
Manhattan;Chelsea-Hudson Yards;1013249;3;;;;;;True;True;True;False;False;0.087997743;8.799774326
Manhattan;Upper West Side (Central);1031099;15;301;77;W  77 ST;10024;301 W  77 ST;True;True;False;True;True;0.747120299;74.71202994
Manhattan;Gramercy;1020580;16;318;23;E  23 ST;10010;318 E  23 ST;True;False;False;False;True;0.866101798;86.61017982
Manhattan;Upper West Side-Lincoln Square;1028569;4;24;71;W  71 ST;10023;24 W  71 ST;True;True;False;False;False;0.113762157;11.37621573
Manhattan;Gramercy;1018160;5;379;PARK;PARK AVE S;10016;379 PARK AVE S;True;False;False;False;True;0.762809548;76.28095478
Manhattan;Upper West Side (Central);1031467;5;;;;;;True;True;True;False;False;0.093144344;9.31443435
Manhattan;Midtown-Times Square;1014486;16;230;39;W  39 ST;10018;230 W  39 ST;True;False;False;True;True;0.90299561;90.29956103
Manhattan;Midtown South-Flatiron-Union Square;1015107;18;127;28;W  28 ST;10001;127 W  28 ST;True;False;False;False;True;0.81359394;81.35939403
Manhattan;Midtown South-Flatiron-Union Square;1016972;15;129;MADISON;MADISON AVE;10016;129 MADISON AVE;True;False;False;False;True;0.602692596;60.26925955
Manhattan;Midtown-Times Square;1015948;5;;;;;;True;False;False;False;True;0.667576253;66.75762529
Manhattan;Midtown-Times Square;1014511;20;264;40;W  40 ST;10018;264 W  40 ST;True;False;False;False;True;0.799138224;79.91382242
Manhattan;Chelsea-Hudson Yards;1014536;4;140;15;W  15 ST;10011;140 W  15 ST;True;True;True;False;False;0.221825588;22.18255883
Manhattan;Gramercy;1018132;6;95;LEXINGTON;LEXINGTON AVE;10016;95 LEXINGTON AVE;True;True;True;False;False;0.525259196;52.52591964
Manhattan;Midtown South-Flatiron-Union Square;1015791;7;298;5;5 AVE;10001;298 5 AVE;True;False;False;False;True;0.82206247;82.20624697
Manhattan;Midtown-Times Square;1014422;16;261;35;W  35 ST;10001;261 W  35 ST;True;False;False;False;True;0.873045351;87.30453512
Manhattan;Upper West Side-Lincoln Square;1028622;5;32;72;W  72 ST;10023;32 W  72 ST;True;False;False;False;True;0.464879885;46.48798845
Manhattan;Upper West Side-Lincoln Square;1028636;36;14;73;W  73 ST;10023;14 W  73 ST;True;False;False;True;True;0.889715599;88.97155994
Manhattan;Midtown South-Flatiron-Union Square;1015859;26;1282;BROADWAY;BROADWAY;10001;1282 BROADWAY;True;False;False;False;True;0.879711527;87.9711527
Manhattan;Upper West Side-Lincoln Square;1030507;22;253;72;W  72 ST;10023;253 W  72 ST;True;False;False;False;True;0.818730992;81.87309917
Manhattan;Upper West Side (Central);1031657;5;50;94;W  94 ST;10025;50 W  94 ST;True;False;True;False;False;0.388786044;38.87860435
Manhattan;Gramercy;1020421;5;261;1;1 AVE;10003;261 1 AVE;True;False;False;False;True;0.650186624;65.01866243
Manhattan;Chelsea-Hudson Yards;1013338;5;200;9;9 AVE;10011;200 9 AVE;True;False;True;False;True;0.561939266;56.19392659
Manhattan;Midtown South-Flatiron-Union Square;1016938;9;34;30;E  30 ST;10016;34 E  30 ST;True;False;True;False;True;0.844961225;84.4961225
Manhattan;Midtown-Times Square;1023453;5;127;56;W  56 ST;10019;127 W  56 ST;True;True;False;False;False;0.674237051;67.42370514
Manhattan;Upper West Side (Central);1028780;4;34;76;W  76 ST;10023;34 W  76 ST;True;True;False;False;False;0.1084103;10.84103
Manhattan;Upper West Side (Central);1030262;12;140;79;W  79 ST;10024;140 W  79 ST;True;False;False;False;True;0.620382957;62.03829568
Manhattan;Gramercy;1019769;6;205;23;E  23 ST;10010;205 E  23 ST;True;False;False;False;False;0.432880158;43.28801575
Manhattan;Midtown-Times Square;1023726;7;117;57;W  57 ST;10019;117 W  57 ST;True;False;False;False;True;0.638003192;63.80031918
Manhattan;Midtown-Times Square;1015937;58;400;5;5 AVE;10018;400 5 AVE;True;False;False;False;True;0.990710372;99.07103725
Manhattan;Midtown-Times Square;1014435;12;256;36;W  36 ST;10018;256 W  36 ST;True;False;False;False;True;0.904760741;90.47607412
Manhattan;Midtown South-Flatiron-Union Square;1015687;11;236;5;5 AVE;10001;236 5 AVE;True;False;False;False;True;0.866638326;86.6638326
Manhattan;Hell's Kitchen;1024982;13;357;44;W  44 ST;10036;357 W  44 ST;True;False;False;False;True;0.847863945;84.78639453
Manhattan;Chelsea-Hudson Yards;1014054;5;;;;;;True;True;True;False;False;0.144570944;14.4570944
Manhattan;Upper West Side-Lincoln Square;1029924;5;149;72;W  72 ST;10023;149 W  72 ST;True;False;False;False;True;0.548043861;54.8043861
Manhattan;Gramercy;1020555;5;365;1;1 AVE;10010;365 1 AVE;True;False;False;False;True;0.795215128;79.52151279
Manhattan;Hell's Kitchen;1026891;9;410;58;W  58 ST;10019;410 W  58 ST;True;False;False;False;True;0.596922169;59.69221693
Manhattan;Hell's Kitchen;1026986;4;521;47;W  47 ST;10036;521 W  47 ST;True;False;False;False;True;0.19256622;19.25662198
Manhattan;Midtown South-Flatiron-Union Square;1016301;6;16;23;E  23 ST;10010;16 E  23 ST;True;False;False;False;True;0.758011158;75.80111583
Manhattan;Chelsea-Hudson Yards;1014188;3;282;25;W  25 ST;10001;282 W  25 ST;True;False;True;False;False;0.829480849;82.94808489
Manhattan;Midtown South-Flatiron-Union Square;1015302;6;;;;;;True;False;True;False;False;0.779925479;77.99254795
Manhattan;Midtown South-Flatiron-Union Square;1017084;21;53;33;E  33 ST;10016;53 E  33 ST;True;False;False;False;True;0.761469373;76.14693734
Manhattan;Gramercy;1019652;4;;;;;;True;False;False;False;True;0.581220395;58.12203949
Manhattan;Chelsea-Hudson Yards;1013567;5;331;35;W  35 ST;10001;331 W  35 ST;True;False;False;False;True;0.233350691;23.33506913
Manhattan;Chelsea-Hudson Yards;1012613;4.5;463;21;W  21 ST;10011;463 W  21 ST;True;True;True;False;False;0.096943663;9.69436633
Manhattan;Midtown South-Flatiron-Union Square;1016167;8;;;;;;True;False;False;False;True;0.735166578;73.51665775
Manhattan;Chelsea-Hudson Yards;1012973;5;445;37;W  37 ST;10018;445 W  37 ST;True;True;False;False;False;0.164900355;16.49003549
Manhattan;Gramercy;1020536;2;332;20;E  20 ST;10003;332 E  20 ST;True;True;True;False;False;0.395149714;39.51497141
Manhattan;Gramercy;1019776;5;238;24;E  24 ST;10010;238 E  24 ST;True;True;False;False;False;0.713796765;71.37967647
Manhattan;Gramercy;1018138;5;147;26;E  26 ST;10010;147 E  26 ST;True;False;False;False;True;0.843503948;84.35039478
Manhattan;Hell's Kitchen;1024948;5;324;43;W  43 ST;10036;324 W  43 ST;True;True;False;False;False;0.25041358;25.04135799
Manhattan;Chelsea-Hudson Yards;1013600;6;537;8;8 AVE;10018;537 8 AVE;True;False;False;False;True;0.874187152;87.41871516
Manhattan;Gramercy;1017796;5;125;15;E  15 ST;10003;125 E  15 ST;True;False;False;False;True;0.621987796;62.19877962
Manhattan;Upper West Side (Central);1031762;4;121;79;W  79 ST;10024;121 W  79 ST;True;True;False;False;False;0.162235565;16.22355646
Manhattan;Upper West Side-Lincoln Square;1028605;9;59;71;W  71 ST;10023;59 W  71 ST;True;False;False;False;True;0.653703881;65.37038813
Manhattan;Midtown-Times Square;1017233;5;27;38;E  38 ST;10016;27 E  38 ST;True;True;True;False;False;0.515643395;51.56433953
Manhattan;Chelsea-Hudson Yards;1014174;11;225;24;W  24 ST;10011;225 W  24 ST;True;False;False;True;True;0.567072424;56.70724243
Manhattan;Hell's Kitchen;1026708;4;458;51;W  51 ST;10019;458 W  51 ST;True;True;True;False;False;0.157138551;15.71385507
Manhattan;Upper West Side (Central);1031650;4;30;94;W  94 ST;10025;30 W  94 ST;True;True;False;False;False;0.209765204;20.97652039
Manhattan;Hell's Kitchen;1026376;3;430;44;W  44 ST;10036;430 W  44 ST;True;True;True;False;False;0.14549925;14.54992504
Manhattan;Hell's Kitchen;1026055;12;308;58;W  58 ST;10019;308 W  58 ST;False;False;False;False;False;0.782225557;78.22255574
Manhattan;Upper West Side (Central);1031450;4;45;87;W  87 ST;10024;45 W  87 ST;True;True;False;False;False;0.149398829;14.93988292
Manhattan;Midtown South-Flatiron-Union Square;1015873;14;17;34;W  34 ST;10001;17 W  34 ST;True;False;False;False;True;0.829126987;82.91269872
Manhattan;Midtown South-Flatiron-Union Square;1015494;11;15;20;W  20 ST;10011;15 W  20 ST;True;False;False;False;True;0.827034878;82.70348783
Manhattan;Chelsea-Hudson Yards;1012600;4;;;;;;True;True;True;False;False;0.0558191;5.581909999
Manhattan;Midtown South-Flatiron-Union Square;1015127;26;128;29;W  29 ST;10001;128 W  29 ST;True;False;False;False;True;0.933480003;93.34800027
Manhattan;Upper West Side (Central);1030734;9;250;75;W  75 ST;10023;250 W  75 ST;True;False;False;False;True;0.625558561;62.55585609
Manhattan;Chelsea-Hudson Yards;1014062;6;228;8;8 AVE;10011;228 8 AVE;True;False;False;False;True;0.690297836;69.02978362
Manhattan;Chelsea-Hudson Yards;1014183;5;266;25;W  25 ST;10001;266 W  25 ST;True;False;True;False;False;0.255559298;25.55592981
Manhattan;Upper West Side (Central);1031741;9;55;95;W  95 ST;10025;55 W  95 ST;True;False;True;False;True;0.559011055;55.90110549
Manhattan;Chelsea-Hudson Yards;1012266;2;164;12;12 AVE;10011;164 12 AVE;True;False;False;False;False;0.72581213;72.58121304
Manhattan;Upper West Side (Central);1031387;5;50;86;W  86 ST;10024;50 W  86 ST;True;True;True;False;False;0.577582846;57.75828458
Manhattan;Upper West Side-Lincoln Square;1028947;1;122;69;W  69 ST;10023;122 W  69 ST;True;False;False;False;False;0.275577432;27.55774321
Manhattan;Gramercy;1020574;5;341;22;E  22 ST;10010;341 E  22 ST;True;False;False;False;True;0.212438354;21.24383538
Manhattan;Upper West Side-Lincoln Square;1029780;4;107;70;W  70 ST;10023;107 W  70 ST;True;True;True;False;False;0.096481297;9.648129727
Manhattan;Upper West Side (Central);1031559;4;31;89;W  89 ST;10024;31 W  89 ST;True;True;True;False;False;0.138687528;13.86875281
Manhattan;Gramercy;1017889;4;;;;;;True;True;True;False;False;0.102834752;10.28347521
Manhattan;Upper West Side-Lincoln Square;1029638;4;129;69;W  69 ST;10023;129 W  69 ST;True;True;False;False;False;0.136548286;13.65482855
Manhattan;Chelsea-Hudson Yards;1012825;4;250;10;10 AVE;10001;250 10 AVE;True;False;False;False;True;0.671334879;67.13348794
Manhattan;Midtown South-Flatiron-Union Square;1016162;5;13;19;E  19 ST;10003;13 E  19 ST;True;False;False;False;True;0.817156228;81.71562277
Manhattan;Midtown-Times Square;1014494;5;606;8;8 AVE;10018;606 8 AVE;True;False;False;False;True;0.645529292;64.55292917
Manhattan;Upper West Side (Central);1028768;5;10;76;W  76 ST;10023;10 W  76 ST;True;True;True;True;False;0.362440041;36.24400412
Manhattan;Chelsea-Hudson Yards;1012621;4;;;;;;True;True;True;False;False;0.093748645;9.374864514
Manhattan;Upper West Side (Central);1031042;5;41;RIVERSIDE;RIVERSIDE DR;10023;41 RIVERSIDE DR;True;True;False;True;True;0.136837677;13.68376767
Manhattan;Midtown South-Flatiron-Union Square;1015825;5;10;32;W  32 ST;10001;10 W  32 ST;True;False;False;False;True;0.772318405;77.23184049
Manhattan;Upper West Side (Central);1030903;12;2201;BROADWAY;BROADWAY;10024;2201 BROADWAY;True;True;False;True;True;0.758513501;75.85135014
Manhattan;Hell's Kitchen;1026622;4;442;49;W  49 ST;10019;442 W  49 ST;True;True;True;False;False;0.578785287;57.87852865
Manhattan;Hell's Kitchen;1026412;6;411;44;W  44 ST;10036;411 W  44 ST;True;False;False;True;True;0.21042863;21.04286299
Manhattan;Upper West Side-Lincoln Square;1030528;5;258;73;W  73 ST;10023;258 W  73 ST;True;True;True;False;False;0.117375303;11.73753035
Manhattan;Midtown-Times Square;1015920;12;;;;;;True;False;False;False;True;0.844012826;84.40128263
Manhattan;Gramercy;1019554;3;209;17;E  17 ST;10003;209 E  17 ST;True;True;True;False;False;0.054020647;5.402064671
Manhattan;Gramercy;1018019;4;161;22;E  22 ST;10010;161 E  22 ST;True;True;False;False;True;0.713490337;71.34903374
Manhattan;Midtown-Times Square;1014475;16;257;38;W  38 ST;10018;257 W  38 ST;True;False;False;False;True;0.885419361;88.54193614
Manhattan;Upper West Side (Central);1030235;5;169;78;W  78 ST;10024;169 W  78 ST;True;True;False;False;False;0.438234016;43.82340157
Manhattan;Upper West Side (Central);1030195;4;;;;;;True;True;False;False;False;0.139780336;13.97803358
Manhattan;Midtown-Times Square;1014460;45;512;7;7 AVE;10018;512 7 AVE;True;False;False;False;True;0.897499247;89.74992472
Manhattan;Hell's Kitchen;1012985;5;507;9;9 AVE;10018;507 9 AVE;True;False;False;True;True;0.640702736;64.07027364
Manhattan;Hell's Kitchen;1024997;3;354;45;W  45 ST;10036;354 W  45 ST;True;False;False;False;True;0.343494231;34.34942307
Manhattan;Hell's Kitchen;1027154;6;630;55;W  55 ST;10019;630 W  55 ST;True;False;True;True;True;0.785770863;78.57708627
Manhattan;Upper West Side (Central);1031666;4;49;94;W  94 ST;10025;49 W  94 ST;True;True;True;False;False;0.137919855;13.79198548
Manhattan;Hell's Kitchen;1026648;4;725;9;9 AVE;10019;725 9 AVE;False;False;False;False;False;0.626546665;62.65466648
Manhattan;Midtown South-Flatiron-Union Square;1015624;24;1134;BROADWAY;BROADWAY;10010;1134 BROADWAY;True;False;False;False;True;0.873754471;87.3754471
Manhattan;Midtown South-Flatiron-Union Square;1015680;12;31;27;W  27 ST;10001;31 W  27 ST;True;False;False;False;True;0.807774409;80.77744085
Manhattan;Chelsea-Hudson Yards;1014595;6;150;17;W  17 ST;10011;150 W  17 ST;True;False;False;False;True;0.439757109;43.97571091
Manhattan;Midtown-Times Square;1015987;5;1020;OF THE AMERICAS;AVE OF THE AMERICAS;10018;1020 AVE OF THE AMERICAS;True;False;False;False;True;0.557033053;55.70330532
Manhattan;Upper West Side-Lincoln Square;1030386;3;;;;;;True;True;True;False;False;0.096260484;9.626048359
Manhattan;Hell's Kitchen;1026434;4;403;44;W  44 ST;10036;403 W  44 ST;True;False;False;False;True;0.209959032;20.99590316
Manhattan;Hell's Kitchen;1026371;6;410;44;W  44 ST;10036;410 W  44 ST;True;False;True;False;True;0.548434286;54.84342855
Manhattan;Gramercy;1020408;6;342;15;E  15 ST;10003;342 E  15 ST;True;True;True;False;False;0.195979298;19.5979298
Manhattan;Midtown South-Flatiron-Union Square;1015373;4;53;16;W  16 ST;10011;53 W  16 ST;True;True;False;False;False;0.698802451;69.8802451
Manhattan;Chelsea-Hudson Yards;1013241;4;158;9;9 AVE;10011;158 9 AVE;True;False;True;False;False;0.625071337;62.50713368
Manhattan;Midtown South-Flatiron-Union Square;1015577;1;67;23;W  23 ST;10010;67 W  23 ST;True;False;False;False;True;0.787644325;78.76443253
Manhattan;Midtown South-Flatiron-Union Square;1015158;12;145;30;W  30 ST;10001;145 W  30 ST;True;False;False;False;True;0.837248233;83.72482335
Manhattan;Chelsea-Hudson Yards;1014653;8;123;17;W  17 ST;10011;123 W  17 ST;True;False;False;False;True;0.798546087;79.85460869
Manhattan;Upper West Side (Central);1030059;4;135;74;W  74 ST;10023;135 W  74 ST;True;True;True;True;True;0.164874083;16.48740825
Manhattan;Upper West Side-Lincoln Square;1028618;31;115;CENTRAL;CENTRAL PARK W;10023;115 CENTRAL PARK W;True;True;False;False;False;0.800013306;80.00133065
Manhattan;Upper West Side (Central);1030220;4;124;78;W  78 ST;10024;124 W  78 ST;True;True;True;False;False;0.14181381;14.18138095
Manhattan;Upper West Side (Central);1028800;4;49;76;W  76 ST;10023;49 W  76 ST;True;False;True;False;True;0.15782211;15.78221099
Manhattan;Chelsea-Hudson Yards;1012807;5;410;25;W  25 ST;10001;410 W  25 ST;True;False;False;False;True;0.176283093;17.62830925
Manhattan;Midtown South-Flatiron-Union Square;1015068;12;115;27;W  27 ST;10001;115 W  27 ST;True;True;False;False;False;0.872558189;87.25581893
Manhattan;Chelsea-Hudson Yards;1014177;5;226;25;W  25 ST;10001;226 W  25 ST;True;True;True;True;False;0.242833748;24.28337479
Manhattan;Chelsea-Hudson Yards;1014134;6;248;23;W  23 ST;10011;248 W  23 ST;True;False;False;False;True;0.553041347;55.30413466
Manhattan;Chelsea-Hudson Yards;1013513;3.5;361;30;W  30 ST;10001;361 W  30 ST;True;True;True;False;False;0.147507725;14.7507725
Manhattan;Upper West Side-Lincoln Square;1028559;4;21;70;W  70 ST;10023;21 W  70 ST;True;True;False;False;False;0.108100608;10.81006075
Manhattan;Midtown South-Flatiron-Union Square;1015842;;99;32;W  32 ST;10001;99 W  32 ST;True;False;True;False;True;0.282075131;28.20751308
Manhattan;Gramercy;1020424;4;271;1;1 AVE;10003;271 1 AVE;True;False;False;False;True;0.719454631;71.94546312
Manhattan;Midtown-Times Square;1015246;2;126;37;W  37 ST;10018;126 W  37 ST;True;True;False;False;False;0.280408788;28.04087878
Manhattan;Gramercy;1017932;12;24;GRAMERCY;GRAMERCY PARK S;10003;24 GRAMERCY PARK S;True;True;True;False;False;0.635591313;63.55913125
Manhattan;Midtown-Times Square;1023163;46;101;53;W  53 ST;10019;101 W  53 ST;True;False;False;False;True;0.981295969;98.12959695
Manhattan;Midtown-Times Square;1017203;4;27;37;E  37 ST;10016;27 E  37 ST;True;True;True;False;False;0.144450271;14.44502706
Manhattan;Chelsea-Hudson Yards;1013343;4;359;22;W  22 ST;10011;359 W  22 ST;True;True;True;False;False;0.127736184;12.77361837
Manhattan;Chelsea-Hudson Yards;1013799;3;;;;;;True;True;True;False;False;0.086853013;8.685301349
Manhattan;Hell's Kitchen;1025217;;350;52;W  52 ST;10019;350 W  52 ST;True;False;False;False;True;0.409126602;40.91266024
Manhattan;Midtown South-Flatiron-Union Square;1016246;6;21;21;E  21 ST;10010;21 E  21 ST;True;False;False;False;True;0.461820705;46.18207049
Manhattan;Chelsea-Hudson Yards;1013333;4;346;22;W  22 ST;10011;346 W  22 ST;True;True;True;False;False;0.140671603;14.06716028
Manhattan;Midtown-Times Square;1024916;4;;;;;;True;False;False;False;True;0.204270499;20.42704994
Manhattan;Upper West Side-Lincoln Square;1029887;4;101;71;W  71 ST;10023;101 W  71 ST;True;False;False;False;True;0.511787973;51.17879733
Manhattan;Chelsea-Hudson Yards;1012658;5;454;22;W  22 ST;10011;454 W  22 ST;True;True;True;False;False;0.231873536;23.18735358
Manhattan;Hell's Kitchen;1024992;3;300;45;W  45 ST;10036;300 W  45 ST;True;False;False;False;True;0.843889403;84.38894031
Manhattan;Hell's Kitchen;1027016;5;515;48;W  48 ST;10036;515 W  48 ST;True;True;True;False;False;0.210758947;21.07589471
Manhattan;Gramercy;1020403;5;347;14;E  14 ST;10003;347 E  14 ST;True;False;False;False;True;0.651549373;65.15493725
Manhattan;Upper West Side (Central);1030180;4;;;;;;True;True;False;False;False;0.13444363;13.44436296
Manhattan;Midtown-Times Square;1017187;15;16;37;E  37 ST;10016;16 E  37 ST;True;True;True;False;False;0.660575754;66.05757543
Manhattan;Gramercy;1019572;4;222;18;E  18 ST;10003;222 E  18 ST;True;True;True;False;False;0.168064352;16.80643518
Manhattan;Midtown-Times Square;1023388;12;158;55;W  55 ST;10019;158 W  55 ST;True;False;True;False;True;0.760578317;76.05783173
Manhattan;Upper West Side (Central);1031235;9;36;84;W  84 ST;10024;36 W  84 ST;True;True;False;False;False;0.618559773;61.85597728
Manhattan;Midtown South-Flatiron-Union Square;1015070;11;109;27;W  27 ST;10001;109 W  27 ST;True;False;False;False;True;0.847214449;84.72144488
Manhattan;Upper West Side-Lincoln Square;1028950;34;155;68;W  68 ST;10023;155 W  68 ST;True;False;False;True;True;0.959948267;95.99482671
Manhattan;Gramercy;1018124;4;111;26;E  26 ST;10010;111 E  26 ST;True;False;False;True;True;0.202898766;20.28987659
Manhattan;Upper West Side (Central);1031434;4;70;87;W  87 ST;10024;70 W  87 ST;True;True;False;False;False;0.090361178;9.036117776
Manhattan;Hell's Kitchen;1026448;5;423;45;W  45 ST;10036;423 W  45 ST;True;True;True;False;False;0.203421557;20.34215567
Manhattan;Midtown South-Flatiron-Union Square;1015587;10;40;24;W  24 ST;10010;40 W  24 ST;True;False;False;False;True;0.808217769;80.82177688
Manhattan;Midtown-Times Square;1015997;16;29;38;W  38 ST;10018;29 W  38 ST;True;False;False;False;True;0.88715004;88.71500403
Manhattan;Midtown South-Flatiron-Union Square;1014338;16;251;30;W  30 ST;10001;251 W  30 ST;True;False;False;False;True;0.907345849;90.7345849
Manhattan;Hell's Kitchen;1026968;4;659;10;10 AVE;10036;659 10 AVE;True;False;False;False;True;0.620153012;62.01530117
Manhattan;Chelsea-Hudson Yards;1012624;5;441;21;W  21 ST;10011;441 W  21 ST;True;True;True;False;False;0.164198448;16.41984484
Manhattan;Midtown South-Flatiron-Union Square;1015033;6;;;;;;True;False;True;False;True;0.583642518;58.36425181
Manhattan;Chelsea-Hudson Yards;1012835;;432;31;W  31 ST;10001;432 W  31 ST;True;False;False;False;True;0.396444291;39.64442915
Manhattan;Midtown South-Flatiron-Union Square;1016130;7;33;17;E  17 ST;10003;33 E  17 ST;True;False;False;False;True;0.700548793;70.0548793
Manhattan;Chelsea-Hudson Yards;1013210;4;335;19;W  19 ST;10011;335 W  19 ST;True;True;True;False;False;0.315926738;31.59267383
Manhattan;Chelsea-Hudson Yards;1013304;5;303;21;W  21 ST;10011;303 W  21 ST;True;True;True;False;False;0.208231288;20.82312876
Manhattan;Midtown South-Flatiron-Union Square;1015061;23;158;28;W  28 ST;10001;158 W  28 ST;True;False;True;False;False;0.748970192;74.89701921
Manhattan;Midtown South-Flatiron-Union Square;1015833;10;1265;BROADWAY;BROADWAY;10001;1265 BROADWAY;True;False;False;False;True;0.694353712;69.43537117
Manhattan;Chelsea-Hudson Yards;1013069;5;357;17;W  17 ST;10011;357 W  17 ST;True;False;False;False;True;0.197858098;19.78580977
Manhattan;Chelsea-Hudson Yards;1013215;3;325;19;W  19 ST;10011;325 W  19 ST;True;True;True;False;False;0.17673253;17.67325303
Manhattan;Upper West Side (Central);1031335;5;70;85;W  85 ST;10024;70 W  85 ST;True;True;True;False;False;0.089328014;8.932801365
Manhattan;Gramercy;1018088;12;104;25;E  25 ST;10010;104 E  25 ST;True;False;False;False;True;0.836032047;83.60320473
Manhattan;Midtown-Times Square;1022573;16;;;;;;True;False;False;False;True;0.7583641;75.83641003
Manhattan;Midtown South-Flatiron-Union Square;1015863;1;34;34;W  34 ST;10001;34 W  34 ST;True;False;False;False;True;0.850178003;85.01780033
Manhattan;Upper West Side (Central);1031617;4;63;90;W  90 ST;10024;63 W  90 ST;True;True;True;False;False;0.135686138;13.56861375
Manhattan;Upper West Side (Central);1030890;5;204;78;W  78 ST;10024;204 W  78 ST;True;True;True;False;False;0.15461736;15.46173605
Manhattan;Hell's Kitchen;1025115;5;350;48;W  48 ST;10036;350 W  48 ST;True;True;True;False;False;0.172036058;17.20360582
Manhattan;Upper West Side (Central);1031560;4;27;89;W  89 ST;10024;27 W  89 ST;True;True;False;True;False;0.139946224;13.99462244
Manhattan;Gramercy;1018057;1;32;LEXINGTON;LEXINGTON AVE;10010;32 LEXINGTON AVE;True;False;False;False;True;0.765815677;76.58156767
Manhattan;Hell's Kitchen;1024949;5;326;43;W  43 ST;10036;326 W  43 ST;True;True;True;False;False;0.222628527;22.26285268
Manhattan;Chelsea-Hudson Yards;1012971;5;449;37;W  37 ST;10018;449 W  37 ST;True;True;True;False;False;0.208997525;20.89975253
Manhattan;Chelsea-Hudson Yards;1012662;3;188;10;10 AVE;10011;188 10 AVE;True;False;False;False;True;0.457586272;45.75862724
Manhattan;Upper West Side-Lincoln Square;1028543;5;;;;;;True;True;True;False;False;0.142043191;14.20431908
Manhattan;Midtown South-Flatiron-Union Square;1015069;4;113;27;W  27 ST;10001;113 W  27 ST;True;False;False;False;True;0.694423837;69.44238373
Manhattan;Hell's Kitchen;1026391;3;;;;;;True;True;True;False;False;0.06758841;6.758841007
Manhattan;Gramercy;1020541;1;351;1;1 AVE;10010;351 1 AVE;True;False;False;False;True;0.820301474;82.03014739
Manhattan;Chelsea-Hudson Yards;1014954;6;102;24;W  24 ST;10011;102 W  24 ST;True;False;False;True;True;0.630057597;63.00575974
Manhattan;Upper West Side (Central);1031443;5;65;87;W  87 ST;10024;65 W  87 ST;True;True;True;False;False;0.152750483;15.27504826
Manhattan;Chelsea-Hudson Yards;1013590;16;347;36;W  36 ST;10018;347 W  36 ST;True;False;False;False;True;0.875738624;87.57386235
Manhattan;Upper West Side-Lincoln Square;1028519;4;42;70;W  70 ST;10023;42 W  70 ST;True;True;True;False;False;0.112410047;11.24100469
Manhattan;Chelsea-Hudson Yards;1014110;6;255;22;W  22 ST;10011;255 W  22 ST;True;True;True;False;False;0.615351127;61.53511267
Manhattan;Upper West Side (Central);1030893;6;;;;;;True;True;False;False;False;0.429916918;42.99169184
Manhattan;Hell's Kitchen;1026798;4;;;;;;True;True;True;True;False;0.071127027;7.112702661
Manhattan;Gramercy;1018127;3;121;26;E  26 ST;10010;121 E  26 ST;True;True;True;False;False;0.165510713;16.55107134
Manhattan;Upper West Side (Central);1028697;4;51;74;W  74 ST;10023;51 W  74 ST;True;True;False;False;False;0.095944932;9.594493172
Manhattan;Hell's Kitchen;1026573;5;406;48;W  48 ST;10036;406 W  48 ST;True;True;True;False;False;0.227248266;22.72482664
Manhattan;Midtown South-Flatiron-Union Square;1015524;6;45;21;W  21 ST;10010;45 W  21 ST;True;False;False;False;True;0.838275747;83.82757471
Manhattan;Chelsea-Hudson Yards;1013471;5;;;;;;True;True;True;True;False;0.08777528;8.777527998
Manhattan;Chelsea-Hudson Yards;1013237;4;352;20;W  20 ST;10011;352 W  20 ST;True;True;True;False;False;0.062318051;6.231805052
Manhattan;Gramercy;1020524;4;335;1;1 AVE;10003;335 1 AVE;True;False;False;False;True;0.751789434;75.17894343
Manhattan;Gramercy;1018173;5;101;LEXINGTON;LEXINGTON AVE;10016;101 LEXINGTON AVE;True;False;True;False;False;0.68917382;68.91738203
Manhattan;Hell's Kitchen;1026874;5;456;57;W  57 ST;10019;456 W  57 ST;True;True;False;False;False;0.601139187;60.11391871
Manhattan;Hell's Kitchen;1013000;4;537;9;9 AVE;10018;537 9 AVE;True;False;True;False;True;0.681889797;68.18897969
Manhattan;Midtown South-Flatiron-Union Square;1015658;18;12;27;W  27 ST;10001;12 W  27 ST;False;False;False;False;False;0.8845591;88.45590997
Manhattan;Hell's Kitchen;1026688;5;751;9;9 AVE;10019;751 9 AVE;True;False;False;False;True;0.604770636;60.47706361
Manhattan;Upper West Side-Lincoln Square;1028511;9;18;70;W  70 ST;10023;18 W  70 ST;True;False;False;False;True;0.614118613;61.41186132
Manhattan;Upper West Side (Central);1031111;16;53;RIVERSIDE;RIVERSIDE DR;10024;53 RIVERSIDE DR;True;True;False;False;False;0.693552072;69.35520721
Manhattan;Midtown South-Flatiron-Union Square;1016116;9;;;;;;True;False;False;False;True;0.596919006;59.69190058
Manhattan;Midtown-Times Square;1023452;5;129;56;W  56 ST;10019;129 W  56 ST;True;True;True;False;False;0.597027352;59.7027352
Manhattan;Upper West Side-Lincoln Square;1030403;13;246;END;W  END AVE;10023;246 W  END AVE;True;False;False;False;True;0.595882083;59.58820831
Manhattan;Hell's Kitchen;1013679;14;347;39;W  39 ST;10018;347 W  39 ST;True;False;False;False;True;0.863795954;86.37959538
Manhattan;Midtown-Times Square;1015933;16;7;36;W  36 ST;10018;7 W  36 ST;True;False;False;False;True;0.897587744;89.7587744
Manhattan;Midtown-Times Square;1015956;5;61;37;W  37 ST;10018;61 W  37 ST;True;True;False;False;False;0.772448836;77.24488358
Manhattan;Midtown South-Flatiron-Union Square;1015662;7;26;27;W  27 ST;10001;26 W  27 ST;True;False;False;False;True;0.699415971;69.94159713
Manhattan;Upper West Side-Lincoln Square;1030340;27;240;65;W  65 ST;10023;240 W  65 ST;True;False;False;False;True;0.91482185;91.48218497
Manhattan;Gramercy;1018194;3;113;LEXINGTON;LEXINGTON AVE;10016;113 LEXINGTON AVE;True;True;False;False;False;0.669430978;66.94309781
Manhattan;Midtown-Times Square;1022579;16;142;42;W  42 ST;10036;142 W  42 ST;True;False;False;False;True;0.78841493;78.84149301
Manhattan;Hell's Kitchen;1026775;2;446;54;W  54 ST;10019;446 W  54 ST;True;False;False;False;True;0.749397302;74.93973016
Manhattan;Midtown-Times Square;1016055;12;32;40;W  40 ST;10018;32 W  40 ST;True;True;True;False;False;0.586959341;58.69593415
Manhattan;Midtown South-Flatiron-Union Square;1017089;17;181;MADISON;MADISON AVE;10016;181 MADISON AVE;True;False;False;False;True;0.857133917;85.7133917
Manhattan;Chelsea-Hudson Yards;1014187;4;;;;;;True;False;True;False;False;0.135290632;13.52906318
Manhattan;Midtown-Times Square;1016004;14;11;38;W  38 ST;10018;11 W  38 ST;True;False;False;False;True;0.82337627;82.33762699
Manhattan;Midtown South-Flatiron-Union Square;1015136;4;343;7;7 AVE;10001;343 7 AVE;True;False;False;False;True;0.85125036;85.12503602
Manhattan;Midtown South-Flatiron-Union Square;1015409;12;44;18;W  18 ST;10011;44 W  18 ST;True;False;False;False;True;0.820775842;82.07758424
Manhattan;Chelsea-Hudson Yards;1013242;4;156;9;9 AVE;10011;156 9 AVE;True;False;False;False;True;0.634975355;63.49753549
Manhattan;Midtown South-Flatiron-Union Square;1015067;12;127;27;W  27 ST;10001;127 W  27 ST;True;False;False;False;True;0.833924607;83.39246067
Manhattan;Midtown South-Flatiron-Union Square;1015289;;31;14;W  14 ST;10011;31 W  14 ST;True;False;True;False;False;0.466397332;46.63973323
Manhattan;Midtown-Times Square;1022621;4;152;44;W  44 ST;10036;152 W  44 ST;True;False;False;False;True;0.789158718;78.91587177
Manhattan;Midtown South-Flatiron-Union Square;1017082;16;171;MADISON;MADISON AVE;10016;171 MADISON AVE;True;False;False;False;True;0.874475607;87.44756069
Manhattan;Chelsea-Hudson Yards;1013313;3;310;22;W  22 ST;10011;310 W  22 ST;True;True;True;False;False;0.199967885;19.9967885
Manhattan;Upper West Side-Lincoln Square;1028527;4;60;70;W  70 ST;10023;60 W  70 ST;True;True;True;False;False;0.104667316;10.46673165
Manhattan;Midtown South-Flatiron-Union Square;1016293;1;;;;;;True;False;False;False;True;0.743544034;74.35440339
Manhattan;Gramercy;1019568;4;;;;;;True;True;True;False;False;0.128081714;12.80817144
Manhattan;Hell's Kitchen;1025195;5;363;51;W  51 ST;10019;363 W  51 ST;True;False;True;False;True;0.215312345;21.53123451
Manhattan;Gramercy;1020488;4;313;1;1 AVE;10003;313 1 AVE;True;False;False;False;True;0.719255091;71.92550913
Manhattan;Midtown South-Flatiron-Union Square;1015497;5;7;20;W  20 ST;10011;7 W  20 ST;True;False;False;False;True;0.150070395;15.00703952
Manhattan;Midtown-Times Square;1014413;39;218;35;W  35 ST;10001;218 W  35 ST;True;False;False;False;True;0.972661652;97.26616518
Manhattan;Upper West Side (Central);1030234;15;377;AMSTERDAM;AMSTERDAM AVE;10024;377 AMSTERDAM AVE;True;False;False;False;True;0.756733103;75.67331032
Manhattan;Upper West Side-Lincoln Square;1029765;4;110;71;W  71 ST;10023;110 W  71 ST;True;True;True;False;False;0.102656117;10.26561172
Manhattan;Midtown-Times Square;1014402;22;14;PENN;PENN PLZ;10122;14 PENN PLZ;True;True;False;False;False;0.712902807;71.29028069
Manhattan;Gramercy;1017917;3;127;19;E  19 ST;10003;127 E  19 ST;True;True;True;False;False;0.095060445;9.506044544
Manhattan;Upper West Side-Lincoln Square;1030975;5;;;;;;True;True;True;False;False;0.100202491;10.02024912
Manhattan;Midtown South-Flatiron-Union Square;1016895;12;;;;;;True;True;False;False;False;0.52101058;52.10105799
Manhattan;Hell's Kitchen;1026706;3;742;10;10 AVE;10019;742 10 AVE;True;False;False;False;True;0.39949277;39.94927695
Manhattan;Chelsea-Hudson Yards;1012403;6;547;27;W  27 ST;10001;547 W  27 ST;True;False;False;True;True;0.774323085;77.43230846
Manhattan;Chelsea-Hudson Yards;1013349;4;341;22;W  22 ST;10011;341 W  22 ST;True;True;True;True;True;0.088491668;8.849166757
Manhattan;Upper West Side-Lincoln Square;1029953;4;144;73;W  73 ST;10023;144 W  73 ST;True;True;True;True;True;0.155670406;15.56704059
Manhattan;Gramercy;1018188;4;;;;;;True;True;False;False;False;0.680980757;68.09807572
Manhattan;Midtown South-Flatiron-Union Square;1016131;16;200;PARK;PARK AVE S;10003;200 PARK AVE S;True;False;False;False;True;0.825943172;82.59431718
Manhattan;Chelsea-Hudson Yards;1013348;4;;;;;;True;True;True;False;False;0.076757704;7.675770421
Manhattan;Hell's Kitchen;1027101;1;613;11;11 AVE;10036;613 11 AVE;True;False;True;False;False;0.751129036;75.11290358
Manhattan;Chelsea-Hudson Yards;1012668;5;481;22;W  22 ST;10011;481 W  22 ST;True;True;True;False;False;0.120523026;12.05230256
Manhattan;Hell's Kitchen;1026691;5;406;51;W  51 ST;10019;406 W  51 ST;True;True;True;False;False;0.47249047;47.24904697
Manhattan;Gramercy;1019668;7;205;22;E  22 ST;10010;205 E  22 ST;True;False;False;False;True;0.817756859;81.77568591
Manhattan;Gramercy;1020549;5;;;;;;True;False;True;False;False;0.693072902;69.30729019
Manhattan;Chelsea-Hudson Yards;1013740;7;214;15;W  15 ST;10011;214 W  15 ST;True;False;False;False;True;0.43039145;43.03914496
Manhattan;Gramercy;1020531;4;;;;;;True;True;True;False;False;0.276234878;27.62348779
Manhattan;Midtown-Times Square;1015945;12;20;37;W  37 ST;10018;20 W  37 ST;True;False;False;False;True;0.875373426;87.53734257
Manhattan;Gramercy;1017918;3;129;19;E  19 ST;10003;129 E  19 ST;True;True;True;False;False;0.10560149;10.56014903
Manhattan;Midtown South-Flatiron-Union Square;1016980;13;12;31;E  31 ST;10016;12 E  31 ST;True;True;False;False;False;0.744566713;74.45667129
Manhattan;Gramercy;1018197;4;114;LEXINGTON;LEXINGTON AVE;10016;114 LEXINGTON AVE;True;True;False;True;True;0.777248018;77.72480181
Manhattan;Upper West Side (Central);1031549;4;;;;;;True;True;True;True;False;0.118159661;11.81596615
Manhattan;Hell's Kitchen;1026609;4;406;49;W  49 ST;10019;406 W  49 ST;True;False;False;False;True;0.14844759;14.84475896
Manhattan;Gramercy;1019544;4;220;17;E  17 ST;10003;220 E  17 ST;True;True;True;False;False;0.106528628;10.65286281
Manhattan;Midtown South-Flatiron-Union Square;1016111;11;103;5;5 AVE;10003;103 5 AVE;True;False;False;False;True;0.816429183;81.64291829
Manhattan;Hell's Kitchen;1026738;5;406;52;W  52 ST;10019;406 W  52 ST;True;False;False;False;True;0.698434632;69.84346323
Manhattan;Hell's Kitchen;1026694;5;414;51;W  51 ST;10019;414 W  51 ST;True;True;True;False;False;0.724220301;72.42203009
Manhattan;Upper West Side-Lincoln Square;1030933;4;310;71;W  71 ST;10023;310 W  71 ST;True;True;False;True;True;0.067457334;6.74573344
Manhattan;Upper West Side (Central);1030239;4;159;78;W  78 ST;10024;159 W  78 ST;True;True;False;False;False;0.097533585;9.75335851
Manhattan;Midtown-Times Square;1014509;14;250;40;W  40 ST;10018;250 W  40 ST;True;False;False;True;True;0.886469221;88.6469221
Manhattan;Upper West Side-Lincoln Square;1028496;4;;;;;;True;True;True;True;False;0.128636471;12.86364706
Manhattan;Hell's Kitchen;1025254;5;792;9;9 AVE;10019;792 9 AVE;True;False;False;False;True;0.639899245;63.98992449
Manhattan;Upper West Side (Central);1028751;5;39;75;W  75 ST;10023;39 W  75 ST;True;True;True;False;False;0.159971711;15.99717111
Manhattan;Upper West Side (Central);1031538;4;;;;;;True;True;True;False;False;0.121465521;12.1465521
Manhattan;Upper West Side (Central);1030064;4;;;;;;True;True;True;True;False;0.130923115;13.0923115
Manhattan;Upper West Side (Central);1031044;5;337;76;W  76 ST;10023;337 W  76 ST;True;True;True;False;False;0.112166621;11.2166621
Manhattan;Chelsea-Hudson Yards;1012544;5;112;10;10 AVE;10011;112 10 AVE;True;False;True;True;True;0.677580105;67.75801055
Manhattan;Midtown South-Flatiron-Union Square;1017076;12;1;33;E  33 ST;10016;1 E  33 ST;True;True;False;True;True;0.827076363;82.70763626
Manhattan;Gramercy;1018041;16;135;23;E  23 ST;10010;135 E  23 ST;True;False;False;False;True;0.808230711;80.82307106
Manhattan;Chelsea-Hudson Yards;1014573;7;;;;;;True;True;False;True;True;0.696155878;69.61558775
Manhattan;Upper West Side (Central);1031627;30;667;COLUMBUS;COLUMBUS AVE;10025;667 COLUMBUS AVE;True;False;False;False;True;0.938250518;93.82505185
Manhattan;Chelsea-Hudson Yards;1014791;4;;;;;;True;False;False;False;True;0.676093521;67.60935208
Manhattan;Midtown-Times Square;1014499;12;231;39;W  39 ST;10018;231 W  39 ST;True;True;False;False;False;0.820363208;82.0363208
Manhattan;Upper West Side (Central);1031460;4;21;87;W  87 ST;10024;21 W  87 ST;True;False;False;False;True;0.139461616;13.94616161
Manhattan;Midtown South-Flatiron-Union Square;1016928;12;102;MADISON;MADISON AVE;10016;102 MADISON AVE;False;False;False;False;False;0.820660631;82.06606305
Manhattan;Midtown South-Flatiron-Union Square;1016125;5;863;BROADWAY;BROADWAY;10003;863 BROADWAY;True;False;False;False;True;0.551830978;55.18309778
Manhattan;Gramercy;1018161;8;377;PARK;PARK AVE S;10016;377 PARK AVE S;True;False;False;False;True;0.809909571;80.99095708
Manhattan;Gramercy;1018015;16;17;LEXINGTON;LEXINGTON AVE;10010;17 LEXINGTON AVE;True;False;False;False;True;0.560606142;56.06061418
Manhattan;Midtown-Times Square;1024786;3;202;49;W  49 ST;10019;202 W  49 ST;True;False;False;False;True;0.750816906;75.08169059
Manhattan;Gramercy;1017856;4;194;3;3 AVE;10003;194 3 AVE;True;False;False;False;True;0.783712224;78.37122244
Manhattan;Upper West Side-Lincoln Square;1028236;15;39;67;W  67 ST;10023;39 W  67 ST;True;True;False;False;False;0.679899338;67.98993382
Manhattan;Midtown-Times Square;1014431;6;;;;;;True;False;True;False;False;0.762181241;76.21812406
Manhattan;Midtown-Times Square;1016015;3;52;39;W  39 ST;10018;52 W  39 ST;True;False;False;False;True;0.646042923;64.60429231
Manhattan;Upper West Side (Central);1028759;4;21;75;W  75 ST;10023;21 W  75 ST;True;True;True;True;False;0.145143686;14.51436861
Manhattan;Hell's Kitchen;1027148;1;620;52;W  52 ST;10019;620 W  52 ST;True;False;False;True;True;0.864071329;86.40713292
Manhattan;Upper West Side-Lincoln Square;1030336;6;244;64;W  64 ST;10023;244 W  64 ST;True;False;False;False;True;0.50725156;50.72515603
Manhattan;Upper West Side-Lincoln Square;1028659;4;43;73;W  73 ST;10023;43 W  73 ST;True;True;False;False;False;0.100527214;10.05272135
Manhattan;Upper West Side (Central);1031448;4;51;87;W  87 ST;10024;51 W  87 ST;True;True;False;False;False;0.096581804;9.658180436
Manhattan;Midtown-Times Square;1014438;14;255;36;W  36 ST;10018;255 W  36 ST;True;False;False;False;True;0.855395594;85.53955936
Manhattan;Hell's Kitchen;1025154;5;328;49;W  49 ST;10019;328 W  49 ST;True;True;False;False;False;0.231049871;23.10498713
Manhattan;Chelsea-Hudson Yards;1013777;6.5;210;16;W  16 ST;10011;210 W  16 ST;True;False;False;False;True;0.62961019;62.96101903
Manhattan;Chelsea-Hudson Yards;1014130;12;216;23;W  23 ST;10011;216 W  23 ST;True;False;False;True;True;0.51779946;51.77994602
Manhattan;Midtown South-Flatiron-Union Square;1015831;6;32;32;W  32 ST;10001;32 W  32 ST;True;False;False;False;True;0.794452823;79.44528228
Manhattan;Hell's Kitchen;1026751;5;;;;;;True;False;True;False;True;0.548791008;54.87910085
Manhattan;Upper West Side (Central);1030847;11;252;76;W  76 ST;10023;252 W  76 ST;True;True;True;False;False;0.579958041;57.99580406
Manhattan;Chelsea-Hudson Yards;1012537;9;;;;;;False;False;False;False;False;0.907368546;90.73685463
Manhattan;Gramercy;1019579;4;206;18;E  18 ST;10003;206 E  18 ST;True;False;True;False;False;0.106814135;10.68141351
Manhattan;Upper West Side (Central);1028771;6;16;76;W  76 ST;10023;16 W  76 ST;True;True;True;False;False;0.381938169;38.19381694
Manhattan;Chelsea-Hudson Yards;1013557;4;347;34;W  34 ST;10001;347 W  34 ST;True;False;True;False;False;0.391590333;39.15903333
Manhattan;Hell's Kitchen;1025078;3;371;46;W  46 ST;10036;371 W  46 ST;True;True;True;False;False;0.665566178;66.55661784
Manhattan;Upper West Side-Lincoln Square;1030971;9;340;72;W  72 ST;10023;340 W  72 ST;True;False;False;False;True;0.6040071;60.40070999
Manhattan;Chelsea-Hudson Yards;1013530;4;307;30;W  30 ST;10001;307 W  30 ST;True;True;True;False;False;0.590935018;59.09350181
Manhattan;Hell's Kitchen;1025443;7;;;;;;True;True;True;False;False;0.545345854;54.53458544
Manhattan;Midtown-Times Square;1015272;44;100;39;W  39 ST;10018;100 W  39 ST;True;False;False;False;True;0.981703857;98.17038567
Manhattan;Upper West Side (Central);1031349;6;519;COLUMBUS;COLUMBUS AVE;10024;519 COLUMBUS AVE;True;False;False;False;True;0.70421252;70.421252
Manhattan;Chelsea-Hudson Yards;1013743;10;222;15;W  15 ST;10011;222 W  15 ST;True;False;True;False;False;0.647687936;64.76879364
Manhattan;Chelsea-Hudson Yards;1012366;6;535;24;W  24 ST;10011;535 W  24 ST;True;False;False;False;True;0.906582277;90.6582277
Manhattan;Hell's Kitchen;1026586;5;445;48;W  48 ST;10036;445 W  48 ST;True;True;True;False;False;0.554118454;55.41184539
Manhattan;Gramercy;1018002;4;158;22;E  22 ST;10010;158 E  22 ST;True;True;True;False;False;0.170804204;17.08042036
Manhattan;Hell's Kitchen;1026787;5;435;54;W  54 ST;10019;435 W  54 ST;True;True;True;False;False;0.1933921;19.33921001
Manhattan;Midtown South-Flatiron-Union Square;1015625;16;10;26;W  26 ST;10010;10 W  26 ST;True;False;False;False;True;0.831576526;83.1576526
Manhattan;Gramercy;1020514;4;339;19;E  19 ST;10003;339 E  19 ST;True;False;True;False;False;0.235493297;23.54932969
Manhattan;Midtown South-Flatiron-Union Square;1015690;11;244;5;5 AVE;10001;244 5 AVE;True;False;False;False;True;0.836959146;83.69591465
Manhattan;Upper West Side (Central);1030055;4;145;74;W  74 ST;10023;145 W  74 ST;True;True;True;False;False;0.166441704;16.64417042
Manhattan;Upper West Side-Lincoln Square;1030981;5;3;RIVERSIDE;RIVERSIDE DR;10023;3 RIVERSIDE DR;True;False;False;True;True;0.143112809;14.3112809
Manhattan;Upper West Side (Central);1031169;9;35;82;W  82 ST;10024;35 W  82 ST;True;False;True;False;True;0.577730837;57.77308374
Manhattan;Midtown South-Flatiron-Union Square;1015752;3;51;29;W  29 ST;10001;51 W  29 ST;True;False;False;False;True;0.808275768;80.82757684
Manhattan;Upper West Side-Lincoln Square;1028673;4;16;74;W  74 ST;10023;16 W  74 ST;True;True;True;False;False;0.391131857;39.11318569
Manhattan;Chelsea-Hudson Yards;1013092;4;130;9;9 AVE;10011;130 9 AVE;True;False;True;False;True;0.723024658;72.30246579
Manhattan;Upper West Side-Lincoln Square;1028491;4;59;69;W  69 ST;10023;59 W  69 ST;True;True;True;False;False;0.150794958;15.07949584
Manhattan;Upper West Side (Central);1030886;6;203;77;W  77 ST;10024;203 W  77 ST;True;False;False;False;True;0.705633892;70.56338918
Manhattan;Midtown South-Flatiron-Union Square;1017099;5;45;34;E  34 ST;10016;45 E  34 ST;True;False;False;False;True;0.832360382;83.23603819
Manhattan;Chelsea-Hudson Yards;1013872;3;249;18;W  18 ST;10011;249 W  18 ST;True;True;False;False;False;0.213218072;21.32180718
Manhattan;Upper West Side-Lincoln Square;1028671;4;6;74;W  74 ST;10023;6 W  74 ST;True;True;True;False;False;0.607777983;60.77779826
Manhattan;Chelsea-Hudson Yards;1013044;12;88;9;9 AVE;10011;88 9 AVE;True;True;False;False;False;0.829218431;82.92184309
Manhattan;Midtown South-Flatiron-Union Square;1014233;9;233;26;W  26 ST;10001;233 W  26 ST;True;False;False;False;True;0.657312423;65.73124234
Manhattan;Chelsea-Hudson Yards;1013104;4;303;18;W  18 ST;10011;303 W  18 ST;True;True;True;False;False;0.16287945;16.28794496
Manhattan;Midtown-Times Square;1024878;30;200;56;W  56 ST;10019;200 W  56 ST;True;False;False;True;True;0.921083343;92.10833433
Manhattan;Gramercy;1018184;3;166;28;E  28 ST;10016;166 E  28 ST;True;False;False;False;True;0.82620932;82.62093205
Manhattan;Chelsea-Hudson Yards;1014019;4;241;20;W  20 ST;10011;241 W  20 ST;True;True;False;False;False;0.720479865;72.0479865
Manhattan;Midtown South-Flatiron-Union Square;1015379;5;37;16;W  16 ST;10011;37 W  16 ST;True;True;True;True;False;0.221869743;22.18697435
Manhattan;Chelsea-Hudson Yards;1012884;5;451;36;W  36 ST;10018;451 W  36 ST;True;True;False;False;False;0.206559569;20.65595692
Manhattan;Upper West Side (Central);1031077;4;318;77;W  77 ST;10024;318 W  77 ST;True;True;False;True;True;0.108485601;10.84856007
Manhattan;Hell's Kitchen;1025425;9;345;55;W  55 ST;10019;345 W  55 ST;True;False;True;False;True;0.574613164;57.46131645
Manhattan;Upper West Side (Central);1031772;4;120;80;W  80 ST;10024;120 W  80 ST;True;True;True;False;False;0.106129049;10.61290485
Manhattan;Hell's Kitchen;1025144;8;300;49;W  49 ST;10019;300 W  49 ST;True;False;False;False;True;0.66275341;66.27534105
Manhattan;Midtown South-Flatiron-Union Square;1015209;3;140;34;W  34 ST;10001;140 W  34 ST;True;False;False;False;True;0.746032561;74.60325606
Manhattan;Midtown-Times Square;1024789;5;239;49;W  49 ST;10019;239 W  49 ST;True;False;False;False;True;0.320554142;32.05541423
Manhattan;Midtown South-Flatiron-Union Square;1016081;11;87;5;5 AVE;10003;87 5 AVE;True;True;False;False;False;0.866427081;86.64270812
Manhattan;Upper West Side-Lincoln Square;1028842;5;148;COLUMBUS;COLUMBUS AVE;10023;148 COLUMBUS AVE;True;False;False;False;True;0.590697437;59.06974366
Manhattan;Gramercy;1018162;12;107;27;E  27 ST;10016;107 E  27 ST;True;False;False;False;True;0.814881678;81.48816782
Manhattan;Upper West Side (Central);1030047;3.5;301;AMSTERDAM;AMSTERDAM AVE;10023;301 AMSTERDAM AVE;True;False;False;True;True;0.58799954;58.79995398
Manhattan;Midtown-Times Square;1016035;16;55;39;W  39 ST;10018;55 W  39 ST;True;False;True;False;True;0.8587428;85.87427998
Manhattan;Upper West Side (Central);1028819;6;22;77;W  77 ST;10024;22 W  77 ST;True;False;False;False;True;0.491349116;49.13491162
Manhattan;Chelsea-Hudson Yards;1012548;4;453;17;W  17 ST;10011;453 W  17 ST;True;False;False;False;True;0.910454372;91.04543719
Manhattan;Hell's Kitchen;1025197;6;355;51;W  51 ST;10019;355 W  51 ST;True;True;True;False;False;0.558112223;55.81122226
Manhattan;Hell's Kitchen;1024930;4;;;;;;True;False;False;False;True;0.673912538;67.39125379
Manhattan;Upper West Side (Central);1030222;4;130;78;W  78 ST;10024;130 W  78 ST;True;True;False;False;False;0.142249617;14.22496175
Manhattan;Gramercy;1019595;3;;;;;;True;False;True;False;False;0.077653831;7.765383072
Manhattan;Midtown-Times Square;1015891;12;29;35;W  35 ST;10001;29 W  35 ST;True;False;False;False;True;0.878719639;87.87196389
Manhattan;Midtown-Times Square;1016012;5;38;39;W  39 ST;10018;38 W  39 ST;True;False;False;False;True;0.877179329;87.71793295
Manhattan;Gramercy;1017798;3;129;15;E  15 ST;10003;129 E  15 ST;True;True;True;False;False;0.455709875;45.57098751
Manhattan;Midtown-Times Square;1015893;4;25;35;W  35 ST;10001;25 W  35 ST;True;False;True;False;False;0.843066126;84.30661263
Manhattan;Gramercy;1018026;4;158;23;E  23 ST;10010;158 E  23 ST;True;False;False;False;True;0.736363673;73.6363673
Manhattan;Hell's Kitchen;1026445;5;429;45;W  45 ST;10036;429 W  45 ST;True;True;True;False;False;0.205189488;20.51894884
Manhattan;Chelsea-Hudson Yards;1012316;2;526;22;W  22 ST;10011;526 W  22 ST;True;False;False;False;True;0.795767321;79.57673209
Manhattan;Midtown South-Flatiron-Union Square;1016936;13;40;30;E  30 ST;10016;40 E  30 ST;True;False;False;False;True;0.886633855;88.66338546
Manhattan;Chelsea-Hudson Yards;1014945;6;163;23;W  23 ST;10011;163 W  23 ST;False;False;False;False;False;0.878081526;87.8081526
Manhattan;Hell's Kitchen;1025026;3;362;46;W  46 ST;10036;362 W  46 ST;True;True;True;False;False;0.165893111;16.58931111
Manhattan;Upper West Side (Central);1031249;9;41;83;W  83 ST;10024;41 W  83 ST;True;False;False;False;True;0.740159984;74.01599839
Manhattan;Hell's Kitchen;1025095;5;319;47;W  47 ST;10036;319 W  47 ST;True;False;False;False;True;0.169598147;16.95981468
Manhattan;Midtown South-Flatiron-Union Square;1015400;12;26;17;W  17 ST;10011;26 W  17 ST;True;False;False;False;True;0.839286416;83.92864163
Manhattan;Upper West Side-Lincoln Square;1028646;7;48;73;W  73 ST;10023;48 W  73 ST;True;True;True;True;True;0.647382808;64.73828077
Manhattan;Hell's Kitchen;1025241;4;;;;;;True;False;True;False;False;0.384739247;38.47392472
Manhattan;Chelsea-Hudson Yards;1012586;3.5;412;20;W  20 ST;10011;412 W  20 ST;True;True;True;False;False;0.078874333;7.887433328
Manhattan;Chelsea-Hudson Yards;1013863;3;162;8;8 AVE;10011;162 8 AVE;True;False;False;False;True;0.623570108;62.35701076
Manhattan;Chelsea-Hudson Yards;1014079;3;220;22;W  22 ST;10011;220 W  22 ST;True;True;True;False;False;0.077125143;7.71251432
Manhattan;Upper West Side-Lincoln Square;1030022;4;112;74;W  74 ST;10023;112 W  74 ST;True;True;True;False;False;0.152986301;15.29863006
Manhattan;Upper West Side-Lincoln Square;1029756;4;111;70;W  70 ST;10023;111 W  70 ST;True;True;True;False;False;0.095633499;9.563349875
Manhattan;Midtown South-Flatiron-Union Square;1014260;14;211;28;W  28 ST;10001;211 W  28 ST;True;False;False;False;True;0.779429161;77.94291614
Manhattan;Chelsea-Hudson Yards;1014963;5;136;24;W  24 ST;10011;136 W  24 ST;True;False;False;False;False;0.800660315;80.06603147
Manhattan;Upper West Side-Lincoln Square;1030947;3;312;71;W  71 ST;10023;312 W  71 ST;True;True;False;True;True;0.158661309;15.86613086
Manhattan;Midtown South-Flatiron-Union Square;1015036;12;135;26;W  26 ST;10001;135 W  26 ST;True;False;False;False;True;0.754313473;75.43134732
Manhattan;Upper West Side (Central);1031347;4;54;85;W  85 ST;10024;54 W  85 ST;True;True;True;False;False;0.146091122;14.60911221
Manhattan;Midtown-Times Square;1016006;12;16;39;W  39 ST;10018;16 W  39 ST;True;False;False;False;True;0.85048642;85.04864199
Manhattan;Upper West Side-Lincoln Square;1028534;4;;;;;;True;True;True;False;False;0.091125425;9.112542529
Manhattan;Gramercy;1018017;3;;;;;;True;True;True;False;False;0.232073617;23.2073617
Manhattan;Chelsea-Hudson Yards;1013031;3;340;15;W  15 ST;10011;340 W  15 ST;True;True;True;False;False;0.127017525;12.70175247
Manhattan;Midtown-Times Square;1017196;14;240;MADISON;MADISON AVE;10016;240 MADISON AVE;True;False;False;False;True;0.846786468;84.67864677
Manhattan;Midtown South-Flatiron-Union Square;1015787;6;290;5;5 AVE;10001;290 5 AVE;True;False;False;False;True;0.851903819;85.19038186
Manhattan;Upper West Side (Central);1030250;3;125;78;W  78 ST;10024;125 W  78 ST;True;True;True;False;False;0.139727597;13.97275974
Manhattan;Upper West Side (Central);1030916;3;222;79;W  79 ST;10024;222 W  79 ST;True;True;False;False;False;0.533262632;53.32626321
Manhattan;Chelsea-Hudson Yards;1014063;5;257;21;W  21 ST;10011;257 W  21 ST;True;True;True;False;False;0.220768448;22.07684478
Manhattan;Midtown South-Flatiron-Union Square;1016122;4;25;17;E  17 ST;10003;25 E  17 ST;True;False;False;False;True;0.768648014;76.86480141
Manhattan;Chelsea-Hudson Yards;1012982;2;442;38;W  38 ST;10018;442 W  38 ST;True;False;False;False;True;0.833102619;83.31026191
Manhattan;Midtown South-Flatiron-Union Square;1015050;12;118;27;W  27 ST;10001;118 W  27 ST;True;False;False;False;True;0.859361059;85.9361059
Manhattan;Upper West Side (Central);1031165;4;57;82;W  82 ST;10024;57 W  82 ST;True;True;False;False;True;0.144578851;14.45788507
Manhattan;Chelsea-Hudson Yards;1013301;6;315;21;W  21 ST;10011;315 W  21 ST;True;False;True;False;True;0.558953022;55.8953022
Manhattan;Hell's Kitchen;1026696;4;418;51;W  51 ST;10019;418 W  51 ST;True;True;True;False;False;0.120760707;12.07607073
Manhattan;Hell's Kitchen;1025160;5;;;;;;True;True;True;False;False;0.589766771;58.97667708
Manhattan;Hell's Kitchen;1025088;5;;;;;;True;True;True;False;False;0.179386307;17.93863067
Manhattan;Chelsea-Hudson Yards;1012708;6;444;23;W  23 ST;10011;444 W  23 ST;True;True;True;False;False;0.130918213;13.09182132
Manhattan;Chelsea-Hudson Yards;1013218;3;319;19;W  19 ST;10011;319 W  19 ST;True;True;True;False;False;0.077564692;7.756469204
Manhattan;Upper West Side (Central);1031517;4;26;89;W  89 ST;10024;26 W  89 ST;True;True;True;False;False;0.144954445;14.49544455
Manhattan;Chelsea-Hudson Yards;1012606;5;458;20;W  20 ST;10011;458 W  20 ST;True;False;True;False;True;0.429405314;42.94053142
Manhattan;Hell's Kitchen;1025446;5;858;9;9 AVE;10019;858 9 AVE;False;False;False;False;False;0.200143178;20.01431776
Manhattan;Chelsea-Hudson Yards;1012352;4;509;23;W  23 ST;10011;509 W  23 ST;True;True;True;True;False;0.710538829;71.0538829
Manhattan;Upper West Side (Central);1030144;4;114;76;W  76 ST;10023;114 W  76 ST;True;True;True;False;False;0.155238226;15.52382258
Manhattan;Midtown South-Flatiron-Union Square;1015132;2;154;29;W  29 ST;10001;154 W  29 ST;True;False;False;False;True;0.754153788;75.41537878
Manhattan;Gramercy;1019499;5;203;14;E  14 ST;10003;203 E  14 ST;True;True;False;False;False;0.626196019;62.61960191
Manhattan;Chelsea-Hudson Yards;1012577;4;159;9;9 AVE;10011;159 9 AVE;True;False;True;False;True;0.645669222;64.5669222
Manhattan;Gramercy;1018110;22;344;3;3 AVE;10010;344 3 AVE;True;False;False;False;True;0.907085128;90.70851278
Manhattan;Midtown South-Flatiron-Union Square;1016250;5;47;21;E  21 ST;10010;47 E  21 ST;True;False;False;False;True;0.735474457;73.54744568
Manhattan;Chelsea-Hudson Yards;1013247;3.5;355;20;W  20 ST;10011;355 W  20 ST;True;True;False;False;False;0.108660248;10.86602484
Manhattan;Hell's Kitchen;1026048;5;351;57;W  57 ST;10019;351 W  57 ST;True;False;False;False;True;0.621665798;62.16657982
Manhattan;Gramercy;1019779;7;222;24;E  24 ST;10010;222 E  24 ST;True;False;True;False;True;0.559599082;55.95990822
Manhattan;Chelsea-Hudson Yards;1012277;11;501;15;W  15 ST;10011;501 W  15 ST;True;False;False;False;True;0.827558391;82.75583905
Manhattan;Upper West Side (Central);1030100;3;163;74;W  74 ST;10023;163 W  74 ST;True;True;False;False;False;0.250699268;25.06992676
Manhattan;Upper West Side (Central);1030256;3;107;78;W  78 ST;10024;107 W  78 ST;True;True;True;False;False;0.089034913;8.9034913
Manhattan;Hell's Kitchen;1026367;4;;;;;;True;False;False;False;True;0.66550339;66.55033904
Manhattan;Midtown South-Flatiron-Union Square;1015300;8;42;15;W  15 ST;10011;42 W  15 ST;True;False;False;False;True;0.768740959;76.87409587
Manhattan;Midtown-Times Square;1017192;12;9;37;E  37 ST;10016;9 E  37 ST;True;False;False;False;True;0.853370196;85.33701962
Manhattan;Upper West Side (Central);1030835;15;259;75;W  75 ST;10023;259 W  75 ST;True;True;False;False;False;0.711870568;71.18705684
Manhattan;Chelsea-Hudson Yards;1014068;6;;;;;;True;False;False;True;True;0.555248345;55.5248345
Manhattan;Midtown South-Flatiron-Union Square;1014275;3;372;8;8 AVE;10001;372 8 AVE;True;False;False;False;True;0.632013199;63.20131994
Manhattan;Chelsea-Hudson Yards;1012592;5;424;20;W  20 ST;10011;424 W  20 ST;True;True;False;False;False;0.746226758;74.62267583
Manhattan;Hell's Kitchen;1025169;2;742;9;9 AVE;10019;742 9 AVE;True;False;False;False;True;0.797010632;79.70106323
Manhattan;Midtown South-Flatiron-Union Square;1015852;11;1;32;W  32 ST;10001;1 W  32 ST;True;False;False;False;True;0.812290523;81.22905225
Manhattan;Chelsea-Hudson Yards;1013620;6;301;37;W  37 ST;10018;301 W  37 ST;True;False;False;False;True;0.877798677;87.77986769
Manhattan;Chelsea-Hudson Yards;1014173;3;241;24;W  24 ST;10011;241 W  24 ST;True;True;True;False;False;0.136986704;13.69867043
Manhattan;Hell's Kitchen;1027133;3;;;;;;False;False;False;False;False;0.617689301;61.76893006
Manhattan;Hell's Kitchen;1027076;3;505;57;W  57 ST;10019;505 W  57 ST;True;False;False;True;True;0.734472379;73.4472379
Manhattan;Upper West Side (Central);1031527;4;50;89;W  89 ST;10024;50 W  89 ST;True;True;False;False;False;0.218066562;21.80665624
Manhattan;Chelsea-Hudson Yards;1012571;1;459;19;W  19 ST;10011;459 W  19 ST;True;False;False;True;True;0.796381799;79.63817992
Manhattan;Midtown-Times Square;1024762;4;220;48;W  48 ST;10036;220 W  48 ST;True;False;False;False;True;0.711915119;71.19151191
Manhattan;Upper West Side (Central);1031478;4;42;88;W  88 ST;10024;42 W  88 ST;True;True;False;False;False;0.294081626;29.40816259
Manhattan;Chelsea-Hudson Yards;1012695;4;413;22;W  22 ST;10011;413 W  22 ST;True;True;True;False;False;0.098505789;9.850578947
Manhattan;Chelsea-Hudson Yards;1014132;8;240;23;W  23 ST;10011;240 W  23 ST;True;False;False;False;True;0.62940632;62.940632
Manhattan;Upper West Side (Central);1031500;4;;;;;;True;True;True;False;False;0.119744656;11.97446557
Manhattan;Hell's Kitchen;1025246;2;;;;;;True;True;False;True;True;0.284500693;28.4500693
Manhattan;Upper West Side (Central);1031047;4;329;76;W  76 ST;10023;329 W  76 ST;True;True;True;False;False;0.099468862;9.94688617
Manhattan;Midtown South-Flatiron-Union Square;1016143;3;;;;;;True;False;True;True;True;0.584098174;58.40981741
Manhattan;Gramercy;1017792;4;117;15;E  15 ST;10003;117 E  15 ST;True;False;True;False;True;0.617905258;61.79052582
Manhattan;Gramercy;1019548;6;210;17;E  17 ST;10003;210 E  17 ST;True;True;True;False;False;0.18929516;18.92951603
Manhattan;Upper West Side-Lincoln Square;1028655;4;;;;;;True;True;False;False;False;0.121675213;12.16752133
Manhattan;Chelsea-Hudson Yards;1013764;5;239;15;W  15 ST;10011;239 W  15 ST;True;False;False;False;True;0.617386574;61.73865737
Manhattan;Hell's Kitchen;1024990;2;331;44;W  44 ST;10036;331 W  44 ST;True;False;False;False;True;0.634371086;63.43710861
Manhattan;Gramercy;1020522;2;329;1;1 AVE;10003;329 1 AVE;True;False;False;False;True;0.793494056;79.34940558
Manhattan;Midtown South-Flatiron-Union Square;1015811;8;19;31;W  31 ST;10001;19 W  31 ST;True;True;False;True;False;0.549499217;54.94992169
Manhattan;Midtown South-Flatiron-Union Square;1015575;19;46;24;W  24 ST;10010;46 W  24 ST;False;False;False;False;False;0.454388375;45.43883754
Manhattan;Midtown South-Flatiron-Union Square;1016976;6;130;MADISON;MADISON AVE;10016;130 MADISON AVE;True;False;False;False;True;0.854552506;85.45525062
Manhattan;Hell's Kitchen;1024983;5;353;44;W  44 ST;10036;353 W  44 ST;False;False;False;False;False;0.534770231;53.47702311
Manhattan;Gramercy;1017951;4;4;GRAMERCY;GRAMERCY PARK W;10003;4 GRAMERCY PARK W;True;True;True;True;False;0.095815748;9.581574836
Manhattan;Chelsea-Hudson Yards;1013758;5;255;15;W  15 ST;10011;255 W  15 ST;True;True;False;False;False;0.212484019;21.24840194
Manhattan;Midtown South-Flatiron-Union Square;1015695;5;10;28;W  28 ST;10001;10 W  28 ST;False;False;False;False;False;0.69049257;69.04925704
Manhattan;Hell's Kitchen;1025067;5;334;47;W  47 ST;10036;334 W  47 ST;True;True;True;False;False;0.229143649;22.91436494
Manhattan;Upper West Side-Lincoln Square;1028614;13;31;71;W  71 ST;10023;31 W  71 ST;True;False;False;False;True;0.600290017;60.02900167
Manhattan;Upper West Side (Central);1031227;4;;;;;;True;True;False;False;False;0.080814558;8.081455753
Manhattan;Chelsea-Hudson Yards;1013579;5;318;36;W  36 ST;10018;318 W  36 ST;True;False;False;False;True;0.183045422;18.30454216
Manhattan;Chelsea-Hudson Yards;1012579;5;165;9;9 AVE;10011;165 9 AVE;True;False;False;False;True;0.681527441;68.15274411
Manhattan;Chelsea-Hudson Yards;1013268;6;211;8;8 AVE;10011;211 8 AVE;True;False;False;False;True;0.83509839;83.50983896
Manhattan;Hell's Kitchen;1024937;20;351;42;W  42 ST;10036;351 W  42 ST;True;False;False;False;True;0.664556768;66.45567676
Manhattan;Midtown South-Flatiron-Union Square;1014255;12;229;28;W  28 ST;10001;229 W  28 ST;True;True;True;True;True;0.82644178;82.64417801
Manhattan;Upper West Side-Lincoln Square;1028670;13;135;CENTRAL;CENTRAL PARK W;10023;135 CENTRAL PARK W;True;False;False;False;True;0.665623107;66.56231074
Manhattan;Upper West Side-Lincoln Square;1028442;5;65;68;W  68 ST;10023;65 W  68 ST;True;True;False;True;False;0.17894069;17.89406899
Manhattan;Midtown South-Flatiron-Union Square;1015632;39;53;26;W  26 ST;10010;53 W  26 ST;True;False;False;False;True;0.944561945;94.45619452
Manhattan;Gramercy;1018014;10;127;22;E  22 ST;10010;127 E  22 ST;True;False;False;True;True;0.561169358;56.11693582
Manhattan;Midtown-Times Square;1023386;9;150;55;W  55 ST;10019;150 W  55 ST;True;False;False;False;True;0.570719275;57.07192751
Manhattan;Hell's Kitchen;1024974;4;;;;;;True;False;False;False;True;0.734923588;73.49235878
Manhattan;Upper West Side-Lincoln Square;1030945;4;337;70;W  70 ST;10023;337 W  70 ST;True;True;True;False;False;0.142305477;14.23054765
Manhattan;Chelsea-Hudson Yards;1013332;16;188;9;9 AVE;10011;188 9 AVE;True;False;False;True;True;0.892800453;89.28004531
Manhattan;Hell's Kitchen;1027112;5;639;11;11 AVE;10036;639 11 AVE;True;False;False;False;True;0.901611762;90.16117618
Manhattan;Midtown South-Flatiron-Union Square;1015293;;20;15;W  15 ST;10011;20 W  15 ST;True;False;False;False;True;0.522456609;52.24566094
Manhattan;Midtown South-Flatiron-Union Square;1016267;11;25;21;E  21 ST;10010;25 E  21 ST;True;False;False;False;True;0.631348877;63.13488774
Manhattan;Chelsea-Hudson Yards;1014734;5;122;20;W  20 ST;10011;122 W  20 ST;True;False;False;False;True;0.620417423;62.04174232
Manhattan;Upper West Side (Central);1031056;4;311;76;W  76 ST;10023;311 W  76 ST;True;True;False;False;False;0.101455828;10.1455828
Manhattan;Midtown South-Flatiron-Union Square;1015777;12;866;OF THE AMERICAS;AVE OF THE AMERICAS;10001;866 AVE OF THE AMERICAS;True;False;False;False;True;0.848914872;84.89148715
Manhattan;Chelsea-Hudson Yards;1013874;3;239;18;W  18 ST;10011;239 W  18 ST;True;False;True;False;False;0.771110751;77.1110751
Manhattan;Chelsea-Hudson Yards;1013797;3;;;;;;False;False;False;False;False;0.725847892;72.58478922
Manhattan;Upper West Side-Lincoln Square;1030371;5;;;;;;True;True;True;False;False;0.488826239;48.88262389
Manhattan;Upper West Side (Central);1030892;4;;;;;;True;True;False;True;True;0.430751873;43.07518726
Manhattan;Upper West Side-Lincoln Square;1029660;5;131;69;W  69 ST;10023;131 W  69 ST;True;True;False;False;False;0.122361857;12.23618572
Manhattan;Hell's Kitchen;1026322;5;407;40;W  40 ST;10018;407 W  40 ST;True;False;False;False;True;0.163592939;16.35929387
Manhattan;Chelsea-Hudson Yards;1013519;11;;;;;;True;True;True;False;False;0.608217264;60.82172643
Manhattan;Midtown-Times Square;1022560;9;143;40;W  40 ST;10018;143 W  40 ST;True;False;False;False;True;0.837852423;83.78524229
Manhattan;Upper West Side (Central);1031098;5;;;;;;True;True;True;False;False;0.103412546;10.34125463
Manhattan;Hell's Kitchen;1026894;5;444;58;W  58 ST;10019;444 W  58 ST;True;True;True;False;False;0.196975571;19.6975571
Manhattan;Hell's Kitchen;1026856;4;854;10;10 AVE;10019;854 10 AVE;True;False;False;False;True;0.683405193;68.34051934
Manhattan;Gramercy;1017873;3;133;18;E  18 ST;10003;133 E  18 ST;True;True;True;False;False;0.100477697;10.04776972
Manhattan;Chelsea-Hudson Yards;1013043;17;111;8;8 AVE;10011;111 8 AVE;True;False;False;True;True;0.863518883;86.35188834
Manhattan;Hell's Kitchen;1024927;4;340;42;W  42 ST;10036;340 W  42 ST;True;True;False;False;False;0.702928641;70.29286411
Manhattan;Upper West Side-Lincoln Square;1029662;4.5;115;69;W  69 ST;10023;115 W  69 ST;True;True;True;False;False;0.115292422;11.52924224
Manhattan;Upper West Side-Lincoln Square;1030382;3;246;71;W  71 ST;10023;246 W  71 ST;True;True;True;False;False;0.140832218;14.08322179
Manhattan;Hell's Kitchen;1026750;5;791;9;9 AVE;10019;791 9 AVE;True;False;False;False;True;0.596077242;59.60772423
Manhattan;Midtown South-Flatiron-Union Square;1015574;6;26;23;W  23 ST;10010;26 W  23 ST;False;False;False;False;False;0.792041478;79.20414777
Manhattan;Upper West Side (Central);1031629;3;69;92;W  92 ST;10025;69 W  92 ST;True;True;False;False;False;0.120129552;12.0129552
Manhattan;Upper West Side (Central);1031724;21;;;;;;True;False;True;False;False;0.909394887;90.93948875
Manhattan;Upper West Side-Lincoln Square;1028485;4;53;68;W  68 ST;10023;53 W  68 ST;True;False;True;False;False;0.108271003;10.82710034
Manhattan;Midtown South-Flatiron-Union Square;1015410;6;42;18;W  18 ST;10011;42 W  18 ST;True;False;False;False;True;0.883135932;88.31359318
Manhattan;Hell's Kitchen;1013676;4;;;;;;True;False;False;False;True;0.660369504;66.03695036
Manhattan;Hell's Kitchen;1026317;24;356;58;W  58 ST;10019;356 W  58 ST;True;False;False;False;False;0.868754411;86.87544105
Manhattan;Hell's Kitchen;1027145;5;725;11;11 AVE;10019;725 11 AVE;True;False;False;False;True;0.649276911;64.92769115
Manhattan;Upper West Side (Central);1031691;3;38;95;W  95 ST;10025;38 W  95 ST;True;True;False;False;False;0.056410985;5.641098453
Manhattan;Hell's Kitchen;1026698;7;438;51;W  51 ST;10019;438 W  51 ST;True;False;False;False;True;0.847837631;84.78376314
Manhattan;Upper West Side (Central);1031470;4;24;88;W  88 ST;10024;24 W  88 ST;True;True;True;False;False;0.134004103;13.40041033
Manhattan;Midtown South-Flatiron-Union Square;1015549;4;50;22;W  22 ST;10010;50 W  22 ST;True;True;True;False;False;0.603744342;60.37443419
Manhattan;Upper West Side (Central);1031414;4;;;;;;True;False;False;False;True;0.126374253;12.63742526
Manhattan;Midtown South-Flatiron-Union Square;1015772;4;;;;;;True;False;False;False;True;0.703447036;70.34470361
Manhattan;Upper West Side-Lincoln Square;1030929;3;333;70;W  70 ST;10023;333 W  70 ST;True;True;True;False;False;0.155048575;15.5048575
Manhattan;Upper West Side (Central);1031361;5;39;85;W  85 ST;10024;39 W  85 ST;True;True;True;False;False;0.168519962;16.85199619
Manhattan;Midtown South-Flatiron-Union Square;1015472;11;10;20;W  20 ST;10011;10 W  20 ST;True;False;False;False;True;0.81074822;81.07482195
Manhattan;Midtown South-Flatiron-Union Square;1015819;7;;;;;;True;False;False;False;True;0.771780734;77.17807337
Manhattan;Hell's Kitchen;1026374;3;422;44;W  44 ST;10036;422 W  44 ST;True;True;True;False;False;0.522480573;52.24805731
Manhattan;Upper West Side (Central);1030066;4;;;;;;True;True;True;True;False;0.132310808;13.2310808
Manhattan;Upper West Side (Central);1031793;4;116;80;W  80 ST;10024;116 W  80 ST;True;True;False;False;False;0.113387844;11.33878445
Manhattan;Chelsea-Hudson Yards;1013013;4;;;;;;True;True;False;False;False;0.36300602;36.30060197
Manhattan;Gramercy;1020527;4;341;1;1 AVE;10003;341 1 AVE;True;False;False;False;True;0.7841257;78.41256997
Manhattan;Midtown South-Flatiron-Union Square;1015514;2;74;21;W  21 ST;10010;74 W  21 ST;True;False;False;False;True;0.775542032;77.55420322
Manhattan;Midtown-Times Square;1015282;3;1420;BROADWAY;BROADWAY;10018;1420 BROADWAY;True;False;False;False;True;0.753868049;75.38680487
Manhattan;Midtown South-Flatiron-Union Square;1016946;5;2;30;E  30 ST;10016;2 E  30 ST;True;False;False;False;True;0.261621572;26.16215721
Manhattan;Chelsea-Hudson Yards;1013795;6;253;16;W  16 ST;10011;253 W  16 ST;True;False;True;False;True;0.694129555;69.41295555
Manhattan;Gramercy;1017931;10;133;19;E  19 ST;10003;133 E  19 ST;True;False;True;False;True;0.661833016;66.18330156
Manhattan;Upper West Side (Central);1031457;4;;;;;;True;True;True;False;False;0.083257961;8.325796129
Manhattan;Upper West Side (Central);1031009;8;300;75;W  75 ST;10023;300 W  75 ST;True;False;False;False;False;0.655118357;65.51183568
Manhattan;Gramercy;1020438;24;347;17;E  17 ST;10003;347 E  17 ST;True;False;False;False;True;0.954260682;95.42606823
Manhattan;Gramercy;1019623;6;240;21;E  21 ST;10010;240 E  21 ST;True;True;True;False;False;0.202967569;20.29675693
Manhattan;Midtown-Times Square;1017131;5;;;;;;True;False;False;False;True;0.812075223;81.20752234
Manhattan;Upper West Side (Central);1031557;4;35;89;W  89 ST;10024;35 W  89 ST;True;True;True;False;False;0.139772275;13.97722746
Manhattan;Chelsea-Hudson Yards;1014988;5;126;25;W  25 ST;10001;126 W  25 ST;True;False;False;False;True;0.629105382;62.91053816
Manhattan;Chelsea-Hudson Yards;1013050;5;331;16;W  16 ST;10011;331 W  16 ST;True;True;True;False;False;0.216025366;21.6025366
Manhattan;Upper West Side-Lincoln Square;1029901;12;166;72;W  72 ST;10023;166 W  72 ST;True;False;False;False;True;0.72960163;72.96016303
Manhattan;Midtown-Times Square;1015912;17;50;36;W  36 ST;10018;50 W  36 ST;True;False;False;False;True;0.797098107;79.70981071
Manhattan;Upper West Side (Central);1031461;4;19;87;W  87 ST;10024;19 W  87 ST;True;True;False;False;False;0.053375254;5.337525388
Manhattan;Midtown South-Flatiron-Union Square;1015064;6;145;27;W  27 ST;10001;145 W  27 ST;True;False;False;False;True;0.780685574;78.06855742
Manhattan;Chelsea-Hudson Yards;1013354;5;327;22;W  22 ST;10011;327 W  22 ST;True;True;True;False;False;0.151414566;15.14145658
Manhattan;Upper West Side-Lincoln Square;1027085;6;899;10;10 AVE;10019;899 10 AVE;True;True;False;True;False;0.49005938;49.00593797
Manhattan;Chelsea-Hudson Yards;1013320;4;326;22;W  22 ST;10011;326 W  22 ST;True;True;True;False;False;0.099567096;9.956709619
Manhattan;Midtown-Times Square;1023732;17;100;58;W  58 ST;10019;100 W  58 ST;True;False;False;False;True;0.852669804;85.26698039
Manhattan;Gramercy;1020474;4;321;18;E  18 ST;10003;321 E  18 ST;True;True;True;False;False;0.225746926;22.57469264
Manhattan;Upper West Side-Lincoln Square;1030007;15;175;73;W  73 ST;10023;175 W  73 ST;True;True;False;False;False;0.598850155;59.88501548
Manhattan;Hell's Kitchen;1026700;3;446;51;W  51 ST;10019;446 W  51 ST;True;True;True;False;False;0.16170449;16.17044896
Manhattan;Gramercy;1020565;7;316;22;E  22 ST;10010;316 E  22 ST;True;False;False;False;True;0.807087435;80.70874354
Manhattan;Midtown South-Flatiron-Union Square;1015428;4;40;18;W  18 ST;10011;40 W  18 ST;True;False;True;False;True;0.796402137;79.6402137
Manhattan;Hell's Kitchen;1013657;4;;;;;;True;False;False;True;True;0.654006877;65.40068767
Manhattan;Midtown South-Flatiron-Union Square;1015685;11;13;27;W  27 ST;10001;13 W  27 ST;True;False;False;False;True;0.857356813;85.7356813
Manhattan;Upper West Side-Lincoln Square;1028665;4;15;73;W  73 ST;10023;15 W  73 ST;True;True;True;False;False;0.567014274;56.70142744
Manhattan;Upper West Side (Central);1030218;4;118;78;W  78 ST;10024;118 W  78 ST;True;False;True;False;True;0.501064118;50.10641185
Manhattan;Chelsea-Hudson Yards;1012712;5;452;23;W  23 ST;10011;452 W  23 ST;True;True;True;False;False;0.125258415;12.52584151
Manhattan;Upper West Side (Central);1031529;4;;;;;;True;True;True;False;False;0.119002519;11.90025187
Manhattan;Upper West Side-Lincoln Square;1029967;4;132;73;W  73 ST;10023;132 W  73 ST;True;True;True;False;False;0.136001071;13.60010705
Manhattan;Hell's Kitchen;1027159;2;605;55;W  55 ST;10019;605 W  55 ST;True;False;True;False;True;0.735476031;73.54760311
Manhattan;Gramercy;1017793;4;15;IRVING;IRVING PL;10003;15 IRVING PL;True;False;False;False;True;0.708630311;70.86303106
Manhattan;Chelsea-Hudson Yards;1014162;5;232;24;W  24 ST;10011;232 W  24 ST;True;True;True;False;False;0.17589332;17.58933197
Manhattan;Hell's Kitchen;1025113;5;;;;;;True;True;True;False;False;0.142544328;14.25443278
Manhattan;Midtown South-Flatiron-Union Square;1016969;12;36;31;E  31 ST;10016;36 E  31 ST;True;False;False;False;True;0.841068633;84.10686326
Manhattan;Upper West Side (Central);1031553;4;45;89;W  89 ST;10024;45 W  89 ST;True;True;True;False;False;0.093623229;9.36232293
Manhattan;Chelsea-Hudson Yards;1012326;6;535;22;W  22 ST;10011;535 W  22 ST;True;False;False;False;True;0.766334639;76.63346394
Manhattan;Hell's Kitchen;1026444;5;;;;;;True;True;True;False;False;0.438156173;43.81561726
Manhattan;Midtown South-Flatiron-Union Square;1017002;8;12;32;E  32 ST;10016;12 E  32 ST;False;False;False;False;False;0.822082387;82.20823868
Manhattan;Gramercy;1018004;5;150;22;E  22 ST;10010;150 E  22 ST;True;True;True;False;False;0.191620844;19.16208443
Manhattan;Hell's Kitchen;1026667;4;736;10;10 AVE;10019;736 10 AVE;True;False;False;False;True;0.689742567;68.97425671
Manhattan;Upper West Side (Central);1031222;5;55;83;W  83 ST;10024;55 W  83 ST;True;False;True;False;True;0.568308373;56.83083727
Manhattan;Upper West Side-Lincoln Square;1030358;54;200;AMSTERDAM;AMSTERDAM AVE;10023;200 AMSTERDAM AVE;True;False;False;True;True;0.980564768;98.05647681
Manhattan;Hell's Kitchen;1025220;5;364;52;W  52 ST;10019;364 W  52 ST;True;True;True;False;False;0.220546825;22.05468245
Manhattan;Midtown South-Flatiron-Union Square;1016163;8;27;19;E  19 ST;10003;27 E  19 ST;True;True;False;False;False;0.390177456;39.01774559
Manhattan;Upper West Side-Lincoln Square;1030019;4;104;74;W  74 ST;10023;104 W  74 ST;True;True;False;True;True;0.153668184;15.36681836
Manhattan;Upper West Side-Lincoln Square;1030415;4;219;71;W  71 ST;10023;219 W  71 ST;True;True;True;False;False;0.602622547;60.26225471
Manhattan;Upper West Side-Lincoln Square;1029897;5;138;72;W  72 ST;10023;138 W  72 ST;True;False;False;False;True;0.557092085;55.70920846
Manhattan;Gramercy;1020459;4;306;18;E  18 ST;10003;306 E  18 ST;True;True;True;False;False;0.133971378;13.39713783
Manhattan;Upper West Side-Lincoln Square;1028529;5;219;COLUMBUS;COLUMBUS AVE;10023;219 COLUMBUS AVE;False;False;False;False;False;0.624063679;62.40636793
Manhattan;Midtown-Times Square;1015950;10;36;37;W  37 ST;10018;36 W  37 ST;True;False;True;False;False;0.817151724;81.71517236
Manhattan;Upper West Side (Central);1031326;4;48;85;W  85 ST;10024;48 W  85 ST;True;True;False;False;False;0.0566995;5.669949959
Manhattan;Midtown South-Flatiron-Union Square;1016165;3;35;19;E  19 ST;10003;35 E  19 ST;True;False;False;False;True;0.751362692;75.13626918
Manhattan;Upper West Side (Central);1028701;4;41;74;W  74 ST;10023;41 W  74 ST;True;False;True;True;True;0.103398632;10.33986317
Manhattan;Chelsea-Hudson Yards;1012553;3;132;10;10 AVE;10011;132 10 AVE;False;False;False;False;False;0.76419912;76.41991196
Manhattan;Chelsea-Hudson Yards;1013067;5;361;17;W  17 ST;10011;361 W  17 ST;True;True;False;False;True;0.654542753;65.45427533
Manhattan;Midtown South-Flatiron-Union Square;1015086;18;112;28;W  28 ST;10001;112 W  28 ST;True;False;False;False;True;0.835613743;83.56137434
Manhattan;Chelsea-Hudson Yards;1014782;3;156;22;W  22 ST;10011;156 W  22 ST;True;True;False;False;False;0.636842653;63.68426528
Manhattan;Upper West Side (Central);1031118;5;309;78;W  78 ST;10024;309 W  78 ST;True;True;False;False;False;0.653236785;65.32367852
Manhattan;Chelsea-Hudson Yards;1013612;5;357;37;W  37 ST;10018;357 W  37 ST;True;False;False;False;True;0.650038849;65.00388494
Manhattan;Midtown South-Flatiron-Union Square;1015097;21;155;28;W  28 ST;10001;155 W  28 ST;True;False;False;False;True;0.720190287;72.01902867
Manhattan;Upper West Side (Central);1028748;4;47;75;W  75 ST;10023;47 W  75 ST;True;True;False;False;False;0.152699572;15.26995721
Manhattan;Gramercy;1017850;7;135;17;E  17 ST;10003;135 E  17 ST;True;False;True;False;False;0.672773051;67.27730509
Manhattan;Chelsea-Hudson Yards;1014160;5;228;24;W  24 ST;10011;228 W  24 ST;True;True;True;True;False;0.221841894;22.1841894
Manhattan;Midtown South-Flatiron-Union Square;1016138;5;24;18;E  18 ST;10003;24 E  18 ST;True;False;False;True;True;0.707784769;70.77847695
Manhattan;Hell's Kitchen;1025402;4.5;347;53;W  53 ST;10019;347 W  53 ST;True;True;True;False;False;0.652256479;65.22564791
Manhattan;Chelsea-Hudson Yards;1014144;2;267;23;W  23 ST;10011;267 W  23 ST;True;False;False;False;True;0.779193079;77.91930793
Manhattan;Gramercy;1020529;6;346;20;E  20 ST;10003;346 E  20 ST;True;True;False;False;False;0.741939795;74.19397949
Manhattan;Gramercy;1017870;4;71;IRVING;IRVING PL;10003;71 IRVING PL;True;True;False;False;False;0.580981946;58.09819457
Manhattan;Hell's Kitchen;1026639;4;714;10;10 AVE;10019;714 10 AVE;True;False;True;False;False;0.685920913;68.59209132
Manhattan;Chelsea-Hudson Yards;1013200;4;;;;;;True;True;True;False;False;0.135458441;13.54584408
Manhattan;Midtown South-Flatiron-Union Square;1015747;4;;;;;;True;False;True;True;False;0.811715962;81.17159623
Manhattan;Upper West Side-Lincoln Square;1030433;5;250;72;W  72 ST;10023;250 W  72 ST;True;False;False;False;True;0.194232342;19.42323421
Manhattan;Upper West Side-Lincoln Square;1030368;5;223;70;W  70 ST;10023;223 W  70 ST;False;False;False;False;False;0.103221641;10.32216413
Manhattan;Hell's Kitchen;1025117;5;354;48;W  48 ST;10036;354 W  48 ST;True;True;True;False;False;0.176204701;17.62047008
Manhattan;Upper West Side (Central);1031760;5;125;79;W  79 ST;10024;125 W  79 ST;True;True;False;False;False;0.549525261;54.95252612
Manhattan;Midtown-Times Square;1023160;47;129;52;W  52 ST;10019;129 W  52 ST;True;False;False;False;True;0.98570954;98.57095402
Manhattan;Upper West Side (Central);1028798;4;53;76;W  76 ST;10023;53 W  76 ST;True;True;False;False;False;0.623248854;62.3248854
Manhattan;Upper West Side (Central);1030879;4;352;END;W  END AVE;10024;352 W  END AVE;True;True;False;False;False;0.060700575;6.070057482
Manhattan;Midtown-Times Square;1024711;30;700;8;8 AVE;10036;700 8 AVE;True;False;False;False;True;0.94464391;94.46439101
Manhattan;Gramercy;1019527;6;214;16;E  16 ST;10003;214 E  16 ST;True;False;True;False;True;0.539851524;53.98515241
Manhattan;Hell's Kitchen;1025131;6;353;48;W  48 ST;10036;353 W  48 ST;True;False;False;False;True;0.887190027;88.71900271
Manhattan;Hell's Kitchen;1026666;4;;;;;;True;False;True;False;False;0.68372079;68.37207903
Manhattan;Midtown South-Flatiron-Union Square;1016078;5;10;16;E  16 ST;10003;10 E  16 ST;True;False;True;False;False;0.598778638;59.87786379
Manhattan;Upper West Side (Central);1030213;5;100;78;W  78 ST;10024;100 W  78 ST;True;True;True;False;False;0.444518083;44.45180833
Manhattan;Midtown South-Flatiron-Union Square;1015480;11;18;20;W  20 ST;10011;18 W  20 ST;True;True;False;False;False;0.811747431;81.17474305
Manhattan;Hell's Kitchen;1026683;5;401;50;W  50 ST;10019;401 W  50 ST;True;False;False;False;True;0.63775272;63.775272
Manhattan;Upper West Side-Lincoln Square;1029641;5;;;;;;True;True;True;False;False;0.081174181;8.117418052
Manhattan;Chelsea-Hudson Yards;1013245;3.5;359;20;W  20 ST;10011;359 W  20 ST;True;True;False;False;False;0.108228364;10.82283642
Manhattan;Chelsea-Hudson Yards;1012797;6;415;24;W  24 ST;10011;415 W  24 ST;True;False;False;False;True;0.510611335;51.06113354
Manhattan;Midtown-Times Square;1017202;4;25;37;E  37 ST;10016;25 E  37 ST;True;True;True;False;False;0.196110765;19.61107646
Manhattan;Gramercy;1020487;4;347;18;E  18 ST;10003;347 E  18 ST;True;False;False;True;True;0.447247887;44.72478868
Manhattan;Upper West Side-Lincoln Square;1028647;4;34;73;W  73 ST;10023;34 W  73 ST;True;True;True;True;False;0.161587614;16.15876137
Manhattan;Upper West Side (Central);1028708;4;25;74;W  74 ST;10023;25 W  74 ST;True;False;True;False;True;0.240696275;24.06962755
Manhattan;Hell's Kitchen;1026513;5;456;47;W  47 ST;10036;456 W  47 ST;True;True;True;False;False;0.251595644;25.1595644
Manhattan;Midtown South-Flatiron-Union Square;1016205;4;29;20;E  20 ST;10003;29 E  20 ST;True;True;False;False;True;0.100490528;10.04905281
Manhattan;Midtown South-Flatiron-Union Square;1015636;5;33;26;W  26 ST;10010;33 W  26 ST;True;False;False;False;True;0.785396202;78.53962023
Manhattan;Gramercy;1020505;3;318;19;E  19 ST;10003;318 E  19 ST;True;True;True;False;False;0.71948616;71.94861598
Manhattan;Midtown South-Flatiron-Union Square;1015517;4;664;OF THE AMERICAS;AVE OF THE AMERICAS;10010;664 AVE OF THE AMERICAS;True;False;False;False;True;0.66189192;66.18919205
Manhattan;Hell's Kitchen;1026679;5;411;50;W  50 ST;10019;411 W  50 ST;True;True;True;False;False;0.197803177;19.78031769
Manhattan;Chelsea-Hudson Yards;1012699;6;416;23;W  23 ST;10011;416 W  23 ST;True;False;False;False;True;0.482908212;48.29082121
Manhattan;Midtown-Times Square;1022671;13;;;;;;True;True;False;True;True;0.761751605;76.1751605
Manhattan;Gramercy;1020400;6;329;14;E  14 ST;10003;329 E  14 ST;True;False;False;False;True;0.665205174;66.52051737
Manhattan;Midtown-Times Square;1017132;5;6;36;E  36 ST;10016;6 E  36 ST;True;False;False;False;True;0.615512574;61.55125743
Manhattan;Upper West Side (Central);1028731;4;44;75;W  75 ST;10023;44 W  75 ST;True;True;True;True;False;0.107184962;10.7184962
Manhattan;Upper West Side-Lincoln Square;1029653;4;134;70;W  70 ST;10023;134 W  70 ST;True;True;False;False;False;0.145930422;14.59304215
Manhattan;Chelsea-Hudson Yards;1013565;14;345;35;W  35 ST;10001;345 W  35 ST;True;False;False;False;True;0.785761205;78.57612045
Manhattan;Midtown South-Flatiron-Union Square;1015705;5;40;28;W  28 ST;10001;40 W  28 ST;True;False;False;False;True;0.754006168;75.40061677
Manhattan;Chelsea-Hudson Yards;1012570;5;150;10;10 AVE;10011;150 10 AVE;True;False;False;False;True;0.229062858;22.9062858
Manhattan;Midtown-Times Square;1014424;16;247;35;W  35 ST;10001;247 W  35 ST;True;False;False;False;True;0.870217366;87.0217366
Manhattan;Upper West Side (Central);1031057;4;309;76;W  76 ST;10023;309 W  76 ST;True;True;True;False;False;0.102402152;10.24021521
Manhattan;Hell's Kitchen;1025184;5;358;51;W  51 ST;10019;358 W  51 ST;True;True;True;False;False;0.242076279;24.20762794
Manhattan;Midtown South-Flatiron-Union Square;1016959;7;27;30;E  30 ST;10016;27 E  30 ST;True;False;False;False;True;0.789803222;78.9803222
Manhattan;Midtown South-Flatiron-Union Square;1014227;5;251;26;W  26 ST;10001;251 W  26 ST;True;False;False;False;True;0.634316846;63.43168464
Manhattan;Upper West Side (Central);1031480;4;46;88;W  88 ST;10024;46 W  88 ST;True;True;False;False;False;0.142302944;14.23029436
Manhattan;Midtown-Times Square;1016057;11;54;40;W  40 ST;10018;54 W  40 ST;True;False;False;False;True;0.841770758;84.17707585
Manhattan;Chelsea-Hudson Yards;1013078;3.5;147;8;8 AVE;10011;147 8 AVE;True;False;False;False;True;0.518489564;51.84895645
Manhattan;Midtown South-Flatiron-Union Square;1017077;21;15;33;E  33 ST;10016;15 E  33 ST;True;False;False;False;True;0.731352416;73.13524163
Manhattan;Upper West Side (Central);1028777;4;28;76;W  76 ST;10023;28 W  76 ST;True;True;True;True;True;0.105844046;10.58440458
Manhattan;Upper West Side (Central);1028694;4;59;74;W  74 ST;10023;59 W  74 ST;True;True;True;False;False;0.159347168;15.93471681
Manhattan;Midtown South-Flatiron-Union Square;1016239;16;149;5;5 AVE;10010;149 5 AVE;True;False;False;False;True;0.861412675;86.14126748
Manhattan;Hell's Kitchen;1026870;10;408;57;W  57 ST;10019;408 W  57 ST;True;False;False;False;False;0.526891232;52.68912317
Manhattan;Chelsea-Hudson Yards;1013529;12;309;30;W  30 ST;10001;309 W  30 ST;True;False;True;False;False;0.688562736;68.85627357
Manhattan;Chelsea-Hudson Yards;1012851;1;419;33;W  33 ST;10001;419 W  33 ST;True;False;True;False;False;0.225836612;22.58366122
Manhattan;Hell's Kitchen;1026672;3;451;50;W  50 ST;10019;451 W  50 ST;True;True;True;False;False;0.163272036;16.32720364
Manhattan;Midtown South-Flatiron-Union Square;1016251;12;49;21;E  21 ST;10010;49 E  21 ST;True;False;False;False;True;0.792405014;79.24050136
Manhattan;Upper West Side (Central);1030728;5;2135;BROADWAY;BROADWAY;10023;2135 BROADWAY;True;False;False;True;True;0.780803352;78.08033522
Manhattan;Chelsea-Hudson Yards;1012644;4.5;404;22;W  22 ST;10011;404 W  22 ST;True;True;True;False;False;0.122205085;12.22050852
Manhattan;Hell's Kitchen;1025213;5;318;52;W  52 ST;10019;318 W  52 ST;True;False;True;False;False;0.758907651;75.89076509
Manhattan;Midtown-Times Square;1024817;26;1653;BROADWAY;BROADWAY;10019;1653 BROADWAY;True;False;False;False;True;0.817671414;81.76714136
Manhattan;Gramercy;1020402;17;333;14;E  14 ST;10003;333 E  14 ST;True;False;False;False;True;0.799293518;79.92935179
Manhattan;Hell's Kitchen;1026436;5;454;45;W  45 ST;10036;454 W  45 ST;True;True;False;False;False;0.227337996;22.73379957
Manhattan;Midtown South-Flatiron-Union Square;1015721;5;41;28;W  28 ST;10001;41 W  28 ST;True;True;False;False;False;0.758842779;75.8842779
Manhattan;Chelsea-Hudson Yards;1013889;5;278;19;W  19 ST;10011;278 W  19 ST;True;True;True;True;False;0.170580181;17.05801813
Manhattan;Chelsea-Hudson Yards;1012823;4;254;10;10 AVE;10001;254 10 AVE;True;False;False;False;True;0.710160614;71.01606141
Manhattan;Upper West Side (Central);1030101;4;161;74;W  74 ST;10023;161 W  74 ST;True;True;True;False;False;0.161333142;16.1333142
Manhattan;Midtown South-Flatiron-Union Square;1015528;11;31;21;W  21 ST;10010;31 W  21 ST;True;False;False;False;True;0.817879021;81.78790209
Manhattan;Midtown South-Flatiron-Union Square;1015588;5;35;23;W  23 ST;10010;35 W  23 ST;True;False;False;False;True;0.719733347;71.97333472
Manhattan;Chelsea-Hudson Yards;1012855;4;;;;;;True;False;True;False;False;0.738526672;73.85266724
Manhattan;Chelsea-Hudson Yards;1012293;5;537;20;W  20 ST;10011;537 W  20 ST;True;False;False;False;True;0.919055752;91.90557524
Manhattan;Hell's Kitchen;1025171;5;746;9;9 AVE;10019;746 9 AVE;True;False;True;False;False;0.647397649;64.73976486
Manhattan;Chelsea-Hudson Yards;1013371;5;354;23;W  23 ST;10011;354 W  23 ST;True;True;True;False;False;0.163713842;16.37138417
Manhattan;Upper West Side (Central);1031157;5;451;COLUMBUS;COLUMBUS AVE;10024;451 COLUMBUS AVE;True;False;False;False;False;0.570002763;57.0002763
Manhattan;Hell's Kitchen;1026887;5;415;57;W  57 ST;10019;415 W  57 ST;True;True;True;False;False;0.479565787;47.95657867
Manhattan;Chelsea-Hudson Yards;1015002;12;;;;;;True;False;False;False;True;0.848409213;84.84092125
Manhattan;Upper West Side-Lincoln Square;1028850;1;;;;;;True;False;False;False;False;0.674133665;67.41336651
Manhattan;Gramercy;1019575;3;216;18;E  18 ST;10003;216 E  18 ST;True;True;True;False;False;0.051411296;5.141129622
Manhattan;Chelsea-Hudson Yards;1012713;5;;;;;;True;True;True;False;False;0.101638423;10.16384234
Manhattan;Upper West Side (Central);1031644;3;5;93;W  93 ST;10025;5 W  93 ST;True;False;False;False;True;0.214525702;21.45257022
Manhattan;Chelsea-Hudson Yards;1012715;5;;;;;;True;False;True;False;False;0.107238709;10.72387085
Manhattan;Hell's Kitchen;1026590;5;437;48;W  48 ST;10036;437 W  48 ST;True;True;True;False;False;0.197998638;19.79986379
Manhattan;Upper West Side-Lincoln Square;1029779;5;131;70;W  70 ST;10023;131 W  70 ST;True;True;False;False;False;0.11585696;11.58569601
Manhattan;Gramercy;1018119;4;75;LEXINGTON;LEXINGTON AVE;10010;75 LEXINGTON AVE;True;False;False;False;True;0.72365647;72.36564699
Manhattan;Gramercy;1017853;4;188;3;3 AVE;10003;188 3 AVE;True;False;False;False;True;0.604131948;60.41319481
Manhattan;Hell's Kitchen;1027060;4;511;54;W  54 ST;10019;511 W  54 ST;True;False;False;False;True;0.59741618;59.74161802
Manhattan;Upper West Side-Lincoln Square;1028142;3;44;65;W  65 ST;10023;44 W  65 ST;True;True;True;False;False;0.110499206;11.04992063
Manhattan;Hell's Kitchen;1027077;5;501;57;W  57 ST;10019;501 W  57 ST;True;True;True;False;False;0.602993425;60.29934252
Manhattan;Midtown South-Flatiron-Union Square;1015388;3;;;;;;True;True;False;False;False;0.044590288;4.459028845
Manhattan;Upper West Side (Central);1030858;4;243;76;W  76 ST;10023;243 W  76 ST;True;True;True;False;False;0.094063813;9.406381337
Manhattan;Midtown South-Flatiron-Union Square;1015709;4;59;28;W  28 ST;10001;59 W  28 ST;True;False;False;False;True;0.730479702;73.04797018
Manhattan;Chelsea-Hudson Yards;1014539;4;152;15;W  15 ST;10011;152 W  15 ST;True;True;True;False;False;0.15898163;15.89816302
Manhattan;Gramercy;1017899;5;122;19;E  19 ST;10003;122 E  19 ST;True;False;False;False;True;0.191081444;19.1081444
Manhattan;Hell's Kitchen;1026651;4;404;50;W  50 ST;10019;404 W  50 ST;True;False;True;False;False;0.730245713;73.0245713
Manhattan;Gramercy;1019604;2;208;20;E  20 ST;10003;208 E  20 ST;True;True;True;False;False;0.096754821;9.675482102
Manhattan;Gramercy;1018011;16;100;23;E  23 ST;10010;100 E  23 ST;True;False;False;False;True;0.775957322;77.59573217
Manhattan;Upper West Side (Central);1031439;4;42;87;W  87 ST;10024;42 W  87 ST;True;True;True;False;False;0.150191422;15.01914216
Manhattan;Chelsea-Hudson Yards;1014091;6;246;22;W  22 ST;10011;246 W  22 ST;True;True;True;False;False;0.248630816;24.86308159
Manhattan;Midtown South-Flatiron-Union Square;1015137;25;345;7;7 AVE;10001;345 7 AVE;True;False;False;False;True;0.758203078;75.82030776
Manhattan;Upper West Side-Lincoln Square;1028937;5;;;;;;True;True;False;False;False;0.53570084;53.57008401
Manhattan;Midtown South-Flatiron-Union Square;1014238;5;;;;;;True;False;False;False;True;0.703607693;70.36076926
Manhattan;Upper West Side (Central);1031523;4;40;89;W  89 ST;10024;40 W  89 ST;True;True;True;False;False;0.140798044;14.07980443
Manhattan;Chelsea-Hudson Yards;1013017;5;321;14;W  14 ST;10014;321 W  14 ST;True;True;True;True;False;0.1586816;15.86816001
Manhattan;Midtown South-Flatiron-Union Square;1015854;4;36;33;W  33 ST;10001;36 W  33 ST;True;False;False;False;True;0.771541841;77.15418409
Manhattan;Midtown South-Flatiron-Union Square;1015498;5;;;;;;True;False;True;False;True;0.747608499;74.7608499
Manhattan;Upper West Side (Central);1030201;4;127;77;W  77 ST;10024;127 W  77 ST;True;True;True;False;False;0.06138362;6.138362046
Manhattan;Upper West Side-Lincoln Square;1030931;6;225;END;W  END AVE;10023;225 W  END AVE;True;False;False;True;True;0.397546199;39.75461992
Manhattan;Upper West Side (Central);1028818;15;20;77;W  77 ST;10024;20 W  77 ST;True;True;False;False;False;0.677843653;67.78436535
Manhattan;Upper West Side-Lincoln Square;1028571;4;30;71;W  71 ST;10023;30 W  71 ST;True;True;True;False;False;0.155616035;15.56160351
Manhattan;Midtown-Times Square;1017218;5;26;38;E  38 ST;10016;26 E  38 ST;True;True;False;False;False;0.142194294;14.21942935
Manhattan;Midtown South-Flatiron-Union Square;1015387;3.5;19;16;W  16 ST;10011;19 W  16 ST;True;True;True;False;False;0.187453471;18.7453471
Manhattan;Gramercy;1017819;7;101;16;E  16 ST;10003;101 E  16 ST;True;False;False;False;True;0.632417726;63.24177257
Manhattan;Upper West Side-Lincoln Square;1028637;9.5;1;72;W  72 ST;10023;1 W  72 ST;True;True;False;False;False;0.416398305;41.63983054
Manhattan;Midtown-Times Square;1015270;2;1025;OF THE AMERICAS;AVE OF THE AMERICAS;10018;1025 AVE OF THE AMERICAS;True;False;False;False;True;0.301057017;30.10570171
Manhattan;Upper West Side (Central);1031071;4;304;77;W  77 ST;10024;304 W  77 ST;True;True;False;False;False;0.062433432;6.243343214
Manhattan;Gramercy;1019657;3;244;23;E  23 ST;10010;244 E  23 ST;True;False;True;False;False;0.746429464;74.64294636
Manhattan;Hell's Kitchen;1026915;2;501;42;W  42 ST;10036;501 W  42 ST;True;False;False;False;True;0.904476085;90.44760847
Manhattan;Gramercy;1019583;3;235;18;E  18 ST;10003;235 E  18 ST;True;True;True;False;False;0.076459543;7.645954314
Manhattan;Upper West Side-Lincoln Square;1028836;45;131;AMSTERDAM;AMSTERDAM AVE;10023;131 AMSTERDAM AVE;True;False;False;False;True;0.877822994;87.78229938
Manhattan;Upper West Side (Central);1028716;4;8;75;W  75 ST;10023;8 W  75 ST;True;True;True;False;False;0.16410053;16.41005297
Manhattan;Gramercy;1019759;5;295;3;3 AVE;10010;295 3 AVE;True;False;False;False;True;0.733363779;73.33637793
Manhattan;Upper West Side-Lincoln Square;1030514;5;237;72;W  72 ST;10023;237 W  72 ST;True;True;True;False;False;0.658074084;65.8074084
Manhattan;Upper West Side (Central);1030214;4;108;78;W  78 ST;10024;108 W  78 ST;True;True;True;False;False;0.110396856;11.03968562
Manhattan;Upper West Side (Central);1028720;5;;;;;;True;True;True;False;False;0.094384791;9.438479124
Manhattan;Midtown South-Flatiron-Union Square;1016217;4;42;21;E  21 ST;10010;42 E  21 ST;True;True;False;False;False;0.651592928;65.15929284
Manhattan;Hell's Kitchen;1024973;6;328;44;W  44 ST;10036;328 W  44 ST;True;True;False;False;False;0.705151796;70.51517961
Manhattan;Midtown South-Flatiron-Union Square;1016260;8;24;22;E  22 ST;10010;24 E  22 ST;True;False;False;False;True;0.757825424;75.78254243
Manhattan;Midtown South-Flatiron-Union Square;1015576;5;69;23;W  23 ST;10010;69 W  23 ST;True;False;False;False;True;0.686610568;68.66105675
Manhattan;Hell's Kitchen;1027070;4;506;57;W  57 ST;10019;506 W  57 ST;True;False;False;False;True;0.624467098;62.44670984
Manhattan;Upper West Side-Lincoln Square;1028160;7;37;65;W  65 ST;10023;37 W  65 ST;True;False;False;False;True;0.793103637;79.31036373
Manhattan;Hell's Kitchen;1025108;6;;;;;;True;False;False;False;True;0.858046927;85.80469266
Manhattan;Gramercy;1020579;21;336;23;E  23 ST;10010;336 E  23 ST;True;False;False;False;True;0.937087457;93.70874567
Manhattan;Hell's Kitchen;1024923;4;570;9;9 AVE;10036;570 9 AVE;True;False;False;False;True;0.717566736;71.75667363
Manhattan;Hell's Kitchen;1026418;5;633;9;9 AVE;10036;633 9 AVE;False;False;False;False;False;0.669028546;66.90285465
Manhattan;Gramercy;1017828;9;135;16;E  16 ST;10003;135 E  16 ST;True;True;True;False;False;0.446940223;44.6940223
Manhattan;Upper West Side (Central);1031521;4;36;89;W  89 ST;10024;36 W  89 ST;True;True;False;False;False;0.140622613;14.06226132
Manhattan;Hell's Kitchen;1026380;3;444;44;W  44 ST;10036;444 W  44 ST;True;True;True;False;False;0.125093927;12.50939268
Manhattan;Upper West Side (Central);1031485;6;66;88;W  88 ST;10024;66 W  88 ST;True;False;True;False;False;0.442152782;44.21527819
Manhattan;Upper West Side-Lincoln Square;1030404;3;271;71;W  71 ST;10023;271 W  71 ST;True;True;True;False;False;0.104647009;10.46470086
Manhattan;Midtown South-Flatiron-Union Square;1016208;8;;;;;;True;False;False;False;True;0.7812798;78.12797999
Manhattan;Upper West Side (Central);1031738;6;44;96;W  96 ST;10025;44 W  96 ST;True;False;False;False;True;0.58129281;58.12928096
Manhattan;Gramercy;1017928;18;232;3;3 AVE;10003;232 3 AVE;True;False;False;False;True;0.786077083;78.6077083
Manhattan;Midtown South-Flatiron-Union Square;1015641;3;;;;;;True;False;False;False;True;0.492013376;49.20133759
Manhattan;Upper West Side (Central);1031134;13;441;COLUMBUS;COLUMBUS AVE;10024;441 COLUMBUS AVE;True;False;False;False;True;0.561183803;56.11838027
Manhattan;Upper West Side (Central);1031609;3;46;91;W  91 ST;10024;46 W  91 ST;True;True;False;False;False;0.109208989;10.92089886
Manhattan;Hell's Kitchen;1025015;3;324;46;W  46 ST;10036;324 W  46 ST;True;True;False;False;True;0.68802241;68.80224095
Manhattan;Hell's Kitchen;1026518;5;402;47;W  47 ST;10036;402 W  47 ST;True;True;False;False;False;0.631354297;63.13542966
Manhattan;Chelsea-Hudson Yards;1013615;6;349;37;W  37 ST;10018;349 W  37 ST;True;False;False;True;True;0.553921917;55.39219167
Manhattan;Upper West Side-Lincoln Square;1028504;4;25;69;W  69 ST;10023;25 W  69 ST;True;True;True;False;False;0.117134081;11.71340807
Manhattan;Chelsea-Hudson Yards;1014148;7;225;23;W  23 ST;10011;225 W  23 ST;True;False;False;False;True;0.795232285;79.52322846
Manhattan;Hell's Kitchen;1025449;5;354;56;W  56 ST;10019;354 W  56 ST;True;True;True;False;False;0.216183869;21.61838689
Manhattan;Upper West Side (Central);1031040;4;35;RIVERSIDE;RIVERSIDE DR;10023;35 RIVERSIDE DR;True;True;False;False;False;0.11564332;11.56433198
Manhattan;Hell's Kitchen;1025101;3;777;8;8 AVE;10036;777 8 AVE;True;False;False;False;True;0.797450118;79.74501181
Manhattan;Upper West Side (Central);1028753;4;35;75;W  75 ST;10023;35 W  75 ST;True;True;True;False;False;0.158319106;15.83191065
Manhattan;Midtown South-Flatiron-Union Square;1017035;12;161;MADISON;MADISON AVE;10016;161 MADISON AVE;True;False;False;False;True;0.818364809;81.83648093
Manhattan;Gramercy;1020501;6;328;19;E  19 ST;10003;328 E  19 ST;True;False;True;False;False;0.192846777;19.2846777
Manhattan;Midtown South-Flatiron-Union Square;1015128;12;130;29;W  29 ST;10001;130 W  29 ST;True;False;False;False;True;0.86355281;86.35528102
Manhattan;Midtown-Times Square;1023751;13;145;58;W  58 ST;10019;145 W  58 ST;True;True;False;False;False;0.819910052;81.99100522
Manhattan;Gramercy;1017841;6;119;17;E  17 ST;10003;119 E  17 ST;True;False;True;True;True;0.642416875;64.24168746
Manhattan;Chelsea-Hudson Yards;1013298;5;321;21;W  21 ST;10011;321 W  21 ST;True;True;True;False;False;0.215543342;21.55433422
Manhattan;Hell's Kitchen;1026804;5;;;;;;False;False;False;False;False;0.184511723;18.4511723
Manhattan;Chelsea-Hudson Yards;1014121;4;211;22;W  22 ST;10011;211 W  22 ST;True;True;True;True;False;0.17655601;17.65560095
Manhattan;Upper West Side (Central);1030153;4;152;76;W  76 ST;10023;152 W  76 ST;True;True;True;False;False;0.158085411;15.80854114
Manhattan;Chelsea-Hudson Yards;1013311;4;306;22;W  22 ST;10011;306 W  22 ST;True;False;True;False;False;0.164930453;16.49304531
Manhattan;Hell's Kitchen;1026982;12;547;47;W  47 ST;10036;547 W  47 ST;True;False;False;False;True;0.901432282;90.14322822
Manhattan;Chelsea-Hudson Yards;1014571;6;160;16;W  16 ST;10011;160 W  16 ST;True;False;False;False;True;0.591359109;59.13591092
Manhattan;Upper West Side (Central);1028761;4;9;75;W  75 ST;10023;9 W  75 ST;True;True;True;False;False;0.11462793;11.46279305
Manhattan;Chelsea-Hudson Yards;1013099;3;329;18;W  18 ST;10011;329 W  18 ST;True;True;True;False;False;0.195414187;19.54141865
Manhattan;Chelsea-Hudson Yards;1014117;3;219;22;W  22 ST;10011;219 W  22 ST;True;True;True;False;False;0.130487543;13.04875432
Manhattan;Gramercy;1019656;4;246;23;E  23 ST;10010;246 E  23 ST;True;False;False;False;True;0.717992898;71.79928979
Manhattan;Chelsea-Hudson Yards;1013978;6;211;19;W  19 ST;10011;211 W  19 ST;True;False;False;False;True;0.891224239;89.12242394
Manhattan;Upper West Side (Central);1031451;4;43;87;W  87 ST;10024;43 W  87 ST;True;True;False;False;False;0.102894425;10.28944252
Manhattan;Upper West Side (Central);1030183;4;154;77;W  77 ST;10024;154 W  77 ST;True;True;False;False;False;0.104039646;10.40396461
Manhattan;Upper West Side-Lincoln Square;1029882;4;131;71;W  71 ST;10023;131 W  71 ST;True;True;False;False;False;0.059043553;5.904355291
Manhattan;Midtown-Times Square;1014457;16;225;37;W  37 ST;10018;225 W  37 ST;True;False;False;False;True;0.866554554;86.65545542
Manhattan;Hell's Kitchen;1026422;3;410;45;W  45 ST;10036;410 W  45 ST;True;False;False;False;True;0.39313559;39.31355897
Manhattan;Upper West Side-Lincoln Square;1030351;3;270;70;W  70 ST;10023;270 W  70 ST;True;False;True;False;False;0.523105182;52.31051817
Manhattan;Chelsea-Hudson Yards;1012883;6;453;36;W  36 ST;10018;453 W  36 ST;True;False;False;False;True;0.218027958;21.80279583
Manhattan;Upper West Side (Central);1031575;4;14;90;W  90 ST;10024;14 W  90 ST;True;True;True;False;False;0.141766041;14.17660408
Manhattan;Hell's Kitchen;1026748;5;785;9;9 AVE;10019;785 9 AVE;True;False;False;False;True;0.594303824;59.43038237
Manhattan;Upper West Side (Central);1030115;4;153;75;W  75 ST;10023;153 W  75 ST;True;True;True;False;False;0.163009489;16.30094891
Manhattan;Chelsea-Hudson Yards;1012862;5;442;10;10 AVE;10001;442 10 AVE;True;False;False;False;True;0.621812471;62.18124711
Manhattan;Upper West Side (Central);1031386;5;48;86;W  86 ST;10024;48 W  86 ST;True;True;True;False;False;0.468025754;46.80257539
Manhattan;Midtown-Times Square;1024729;4;252;46;W  46 ST;10036;252 W  46 ST;True;False;False;False;True;0.764196202;76.4196202
Manhattan;Hell's Kitchen;1025048;3;347;46;W  46 ST;10036;347 W  46 ST;True;True;False;False;False;0.686113192;68.61131916
Manhattan;Midtown-Times Square;1017230;22;15;38;E  38 ST;10016;15 E  38 ST;True;False;False;False;True;0.708551224;70.85512236
Manhattan;Midtown South-Flatiron-Union Square;1017096;8;;;;;;False;False;False;False;False;0.823657291;82.36572907
Manhattan;Hell's Kitchen;1025016;3;;;;;;True;False;False;False;True;0.634365548;63.43655483
Manhattan;Upper West Side-Lincoln Square;1028164;5;3;65;W  65 ST;10023;3 W  65 ST;True;True;True;True;False;0.359011945;35.9011945
Manhattan;Chelsea-Hudson Yards;1014661;2;118;18;W  18 ST;10011;118 W  18 ST;True;False;True;True;True;0.583839985;58.38399847
Manhattan;Upper West Side (Central);1031487;4;47;87;W  87 ST;10024;47 W  87 ST;True;True;True;False;False;0.14613097;14.61309703
Manhattan;Upper West Side (Central);1030219;5;120;78;W  78 ST;10024;120 W  78 ST;True;True;True;False;False;0.591079934;59.10799344
Manhattan;Hell's Kitchen;1026428;5;456;45;W  45 ST;10036;456 W  45 ST;True;False;False;False;True;0.63366427;63.36642704
Manhattan;Upper West Side (Central);1031096;5;317;77;W  77 ST;10024;317 W  77 ST;True;True;True;False;False;0.121813479;12.18134791
Manhattan;Midtown South-Flatiron-Union Square;1015371;4;576;OF THE AMERICAS;AVE OF THE AMERICAS;10011;576 AVE OF THE AMERICAS;True;False;False;False;True;0.740787568;74.0787568
Manhattan;Midtown South-Flatiron-Union Square;1014261;6;207;28;W  28 ST;10001;207 W  28 ST;True;False;True;False;True;0.865671088;86.56710879
Manhattan;Midtown-Times Square;1015277;20;104;40;W  40 ST;10018;104 W  40 ST;True;False;False;False;True;0.83667667;83.66766703
Manhattan;Upper West Side (Central);1030165;4;103;75;W  75 ST;10023;103 W  75 ST;True;False;False;False;False;0.11431156;11.43115603
Manhattan;Midtown South-Flatiron-Union Square;1015286;5;45;14;W  14 ST;10011;45 W  14 ST;True;False;False;False;True;0.663600674;66.36006743
Manhattan;Upper West Side (Central);1031764;11;100;80;W  80 ST;10024;100 W  80 ST;True;False;False;False;True;0.902055847;90.20558467
Manhattan;Midtown South-Flatiron-Union Square;1015303;6;546;OF THE AMERICAS;AVE OF THE AMERICAS;10011;546 AVE OF THE AMERICAS;True;False;False;False;True;0.827010345;82.70103453
Manhattan;Midtown South-Flatiron-Union Square;1015824;17;6;32;W  32 ST;10001;6 W  32 ST;False;False;False;False;False;0.71877987;71.87798695
Manhattan;Chelsea-Hudson Yards;1013480;4;313;29;W  29 ST;10001;313 W  29 ST;True;True;True;False;False;0.179614966;17.96149664
Manhattan;Chelsea-Hudson Yards;1012876;3;446;36;W  36 ST;10018;446 W  36 ST;True;False;False;False;True;0.306234299;30.62342992
Manhattan;Hell's Kitchen;1025072;5;348;47;W  47 ST;10036;348 W  47 ST;True;True;True;False;False;0.210061674;21.00616742
Manhattan;Upper West Side (Central);1031340;4.5;45;84;W  84 ST;10024;45 W  84 ST;True;True;True;False;False;0.108333554;10.83335539
Manhattan;Chelsea-Hudson Yards;1012809;5;416;25;W  25 ST;10001;416 W  25 ST;True;True;True;False;False;0.231831985;23.18319848
Manhattan;Chelsea-Hudson Yards;1013244;3.5;361;20;W  20 ST;10011;361 W  20 ST;True;True;False;False;False;0.098453292;9.84532918
Manhattan;Upper West Side (Central);1031701;3;6;95;W  95 ST;10025;6 W  95 ST;True;True;True;False;False;0.080321812;8.032181232
Manhattan;Midtown South-Flatiron-Union Square;1016291;10;36;23;E  23 ST;10010;36 E  23 ST;True;False;False;False;True;0.828954207;82.89542071
Manhattan;Chelsea-Hudson Yards;1012337;3;536;23;W  23 ST;10011;536 W  23 ST;True;False;False;False;True;0.715215939;71.52159387
Manhattan;Midtown South-Flatiron-Union Square;1015552;12;56;22;W  22 ST;10010;56 W  22 ST;True;True;False;False;False;0.870661468;87.06614676
Manhattan;Chelsea-Hudson Yards;1013014;5;327;14;W  14 ST;10014;327 W  14 ST;True;True;False;False;False;0.249744554;24.97445537
Manhattan;Gramercy;1020569;16;301;22;E  22 ST;10010;301 E  22 ST;True;False;True;True;False;0.775439517;77.5439517
Manhattan;Midtown-Times Square;1024703;15;255;43;W  43 ST;10036;255 W  43 ST;False;False;False;False;False;0.679618203;67.96182033
Manhattan;Upper West Side-Lincoln Square;1029945;3;124;73;W  73 ST;10023;124 W  73 ST;True;False;False;False;True;0.129650708;12.9650708
Manhattan;Midtown-Times Square;1024895;45;888;7;7 AVE;10106;888 7 AVE;True;True;False;False;False;0.877012641;87.70126406
Manhattan;Chelsea-Hudson Yards;1012313;5;195;10;10 AVE;10011;195 10 AVE;True;True;True;False;False;0.657857622;65.78576224
Manhattan;Hell's Kitchen;1025396;4;;;;;;True;True;True;False;False;0.175915797;17.59157969
Manhattan;Midtown-Times Square;1024741;3;1557;BROADWAY;BROADWAY;10036;1557 BROADWAY;True;True;False;False;False;0.792145654;79.2145654
Manhattan;Hell's Kitchen;1026368;4;;;;;;True;False;False;False;True;0.684332721;68.43327207
Manhattan;Hell's Kitchen;1026594;5;417;48;W  48 ST;10036;417 W  48 ST;True;True;True;False;False;0.205701812;20.57018117
Manhattan;Midtown-Times Square;1024915;3;215;58;W  58 ST;10019;215 W  58 ST;True;False;False;False;True;0.750357511;75.03575107
Manhattan;Chelsea-Hudson Yards;1015010;6;107;25;W  25 ST;10001;107 W  25 ST;True;False;False;False;True;0.764121276;76.41212759
Manhattan;Midtown South-Flatiron-Union Square;1015504;11;18;21;W  21 ST;10010;18 W  21 ST;True;False;False;False;True;0.853154096;85.31540961
Manhattan;Hell's Kitchen;1025451;42;300;57;W  57 ST;10019;300 W  57 ST;True;False;True;False;True;0.834334851;83.43348505
Manhattan;Chelsea-Hudson Yards;1012380;1;547;25;W  25 ST;10001;547 W  25 ST;True;False;False;False;True;0.832021666;83.20216663
Manhattan;Upper West Side (Central);1031032;5;312;76;W  76 ST;10023;312 W  76 ST;True;True;False;False;False;0.12166626;12.16662595
Manhattan;Midtown South-Flatiron-Union Square;1016180;5;34;20;E  20 ST;10003;34 E  20 ST;True;True;False;False;False;0.620503256;62.05032557
Manhattan;Midtown South-Flatiron-Union Square;1015456;11;10;19;W  19 ST;10011;10 W  19 ST;True;False;False;False;True;0.822934633;82.29346326
Manhattan;Upper West Side (Central);1031050;4;323;76;W  76 ST;10023;323 W  76 ST;True;True;False;False;False;0.099562637;9.956263664
Manhattan;Upper West Side (Central);1031765;8;102;80;W  80 ST;10024;102 W  80 ST;True;True;True;False;False;0.570894058;57.08940584
Manhattan;Hell's Kitchen;1026854;5;853;9;9 AVE;10019;853 9 AVE;True;False;False;False;True;0.720931717;72.09317166
Manhattan;Upper West Side (Central);1031186;3;14;83;W  83 ST;10024;14 W  83 ST;True;True;True;False;False;0.080151976;8.015197573
Manhattan;Midtown South-Flatiron-Union Square;1015398;12;20;17;W  17 ST;10011;20 W  17 ST;True;False;False;False;True;0.53108922;53.10892203
Manhattan;Midtown South-Flatiron-Union Square;1016245;6;19;21;E  21 ST;10010;19 E  21 ST;True;False;False;False;True;0.661616057;66.1616057
Manhattan;Hell's Kitchen;1027184;;;;;;;True;False;False;False;False;0.689454103;68.94541034
Manhattan;Hell's Kitchen;1027019;5;544;49;W  49 ST;10019;544 W  49 ST;True;True;False;False;False;0.228706227;22.87062266
Manhattan;Chelsea-Hudson Yards;1012394;1;293;10;10 AVE;10001;293 10 AVE;True;True;True;False;False;0.829521195;82.9521195
Manhattan;Gramercy;1019505;5;225;14;E  14 ST;10003;225 E  14 ST;True;False;False;False;True;0.644151039;64.41510394
Manhattan;Midtown-Times Square;1014429;23;462;7;7 AVE;10018;462 7 AVE;False;False;False;False;False;0.741942375;74.19423752
Manhattan;Midtown South-Flatiron-Union Square;1016084;12;15;16;E  16 ST;10003;15 E  16 ST;True;False;False;False;True;0.853283527;85.32835273
Manhattan;Upper West Side (Central);1030168;4;160;76;W  76 ST;10023;160 W  76 ST;True;True;True;False;False;0.157725477;15.7725477
Manhattan;Upper West Side-Lincoln Square;1028619;29;12;72;W  72 ST;10023;12 W  72 ST;True;False;False;False;True;0.755590875;75.55908754
Manhattan;Hell's Kitchen;1012991;5;408;39;W  39 ST;10018;408 W  39 ST;True;False;False;False;True;0.230259022;23.02590215
Manhattan;Upper West Side (Central);1031606;5;;;;;;True;True;False;False;False;0.128516966;12.85169663
Manhattan;Upper West Side (Central);1031554;4;43;89;W  89 ST;10024;43 W  89 ST;True;True;False;True;False;0.069081093;6.908109316
Manhattan;Upper West Side (Central);1031164;4;61;82;W  82 ST;10024;61 W  82 ST;True;True;True;False;False;0.145748843;14.57488428
Manhattan;Midtown South-Flatiron-Union Square;1016209;3;41;20;E  20 ST;10003;41 E  20 ST;True;False;False;False;False;0.654314427;65.43144267
Manhattan;Midtown-Times Square;1023740;12;180;58;W  58 ST;10019;180 W  58 ST;True;False;False;False;True;0.52887159;52.88715901
Manhattan;Upper West Side-Lincoln Square;1030384;4;252;71;W  71 ST;10023;252 W  71 ST;True;True;True;False;False;0.125193739;12.51937395
Manhattan;Hell's Kitchen;1013656;4;;;;;;True;False;False;True;True;0.654548205;65.45482053
Manhattan;Hell's Kitchen;1026450;2;415;45;W  45 ST;10036;415 W  45 ST;True;False;False;False;True;0.671595039;67.15950387
Manhattan;Midtown South-Flatiron-Union Square;1015762;;;;;;;True;False;True;False;False;0.330139011;33.01390112
Manhattan;Midtown South-Flatiron-Union Square;1015699;4;;;;;;True;False;False;False;True;0.846869897;84.68698968
Manhattan;Chelsea-Hudson Yards;1014078;5;218;22;W  22 ST;10011;218 W  22 ST;True;True;True;False;False;0.225265953;22.52659528
Manhattan;Gramercy;1017925;3;145;19;E  19 ST;10003;145 E  19 ST;True;True;True;False;False;0.090010553;9.001055349
Manhattan;Midtown South-Flatiron-Union Square;1015828;16;22;32;W  32 ST;10001;22 W  32 ST;True;False;False;False;True;0.852193487;85.21934867
Manhattan;Hell's Kitchen;1026432;4;443;44;W  44 ST;10036;443 W  44 ST;True;True;True;False;False;0.174584475;17.45844745
Manhattan;Midtown South-Flatiron-Union Square;1014294;4;200;30;W  30 ST;10001;200 W  30 ST;True;False;False;False;True;0.749820426;74.98204262
Manhattan;Midtown-Times Square;1024841;5;240;54;W  54 ST;10019;240 W  54 ST;True;False;False;False;True;0.797011356;79.70113558
Manhattan;Upper West Side-Lincoln Square;1030444;17;;;;;;True;False;False;True;True;0.886803946;88.68039461
Manhattan;Hell's Kitchen;1026809;6;;;;;;True;False;False;False;True;0.594555651;59.45556506
Manhattan;Hell's Kitchen;1026389;3;413;43;W  43 ST;10036;413 W  43 ST;True;True;True;False;False;0.216785425;21.67854252
Manhattan;Upper West Side (Central);1031154;4;74;82;W  82 ST;10024;74 W  82 ST;True;False;True;False;False;0.106339905;10.6339905
Manhattan;Upper West Side (Central);1031784;4;158;80;W  80 ST;10024;158 W  80 ST;True;True;True;False;False;0.517987239;51.79872385
Manhattan;Midtown South-Flatiron-Union Square;1015402;5;36;17;W  17 ST;10011;36 W  17 ST;True;False;False;False;True;0.794076833;79.40768334
Manhattan;Upper West Side (Central);1030889;5;202;78;W  78 ST;10024;202 W  78 ST;True;True;True;False;False;0.469900241;46.99002409
Manhattan;Upper West Side (Central);1031574;4;12;90;W  90 ST;10024;12 W  90 ST;True;True;True;False;False;0.104211216;10.4211216
Manhattan;Midtown-Times Square;1016034;23;1040;OF THE AMERICAS;AVE OF THE AMERICAS;10018;1040 AVE OF THE AMERICAS;True;False;False;False;True;0.733627945;73.36279452
Manhattan;Gramercy;1018151;4;138;27;E  27 ST;10016;138 E  27 ST;True;False;False;False;True;0.831506552;83.1506552
Manhattan;Hell's Kitchen;1026056;5;312;58;W  58 ST;10019;312 W  58 ST;True;False;True;False;False;0.304427233;30.44272325
Manhattan;Midtown-Times Square;1014496;7;269;39;W  39 ST;10018;269 W  39 ST;True;False;False;False;True;0.788825435;78.88254347
Manhattan;Hell's Kitchen;1026402;6;451;44;W  44 ST;10036;451 W  44 ST;True;True;True;False;False;0.191219479;19.12194794
Manhattan;Gramercy;1017827;4;130;17;E  17 ST;10003;130 E  17 ST;True;True;True;False;False;0.168999755;16.89997546
Manhattan;Midtown South-Flatiron-Union Square;1015570;6;;;;;;False;False;False;False;False;0.637552559;63.75525593
Manhattan;Chelsea-Hudson Yards;1014657;3;101;17;W  17 ST;10011;101 W  17 ST;True;False;False;True;True;0.778965673;77.89656729
Manhattan;Hell's Kitchen;1027069;8;;;;;;True;False;False;False;True;0.691455595;69.14555954
Manhattan;Gramercy;1018024;5;162;23;E  23 ST;10010;162 E  23 ST;True;False;False;False;True;0.67588006;67.58800602
Manhattan;Midtown South-Flatiron-Union Square;1015536;7;;;;;;True;False;False;False;True;0.764990826;76.49908263
Manhattan;Chelsea-Hudson Yards;1014138;5;266;23;W  23 ST;10011;266 W  23 ST;True;False;False;False;True;0.729505763;72.95057631
Manhattan;Upper West Side-Lincoln Square;1030950;4;332;71;W  71 ST;10023;332 W  71 ST;True;True;True;True;False;0.182950259;18.2950259
Manhattan;Chelsea-Hudson Yards;1012551;1;456;18;W  18 ST;10011;456 W  18 ST;True;False;True;False;False;0.818644097;81.86440971
Manhattan;Midtown-Times Square;1014472;12;584;8;8 AVE;10018;584 8 AVE;True;False;False;False;True;0.862189803;86.21898025
Manhattan;Upper West Side (Central);1031593;4;36;90;W  90 ST;10024;36 W  90 ST;True;True;True;False;False;0.148198545;14.81985449
Manhattan;Chelsea-Hudson Yards;1013621;4;543;8;8 AVE;10018;543 8 AVE;True;False;False;False;True;0.744405005;74.44050049
Manhattan;Chelsea-Hudson Yards;1013886;6;264;19;W  19 ST;10011;264 W  19 ST;True;False;False;False;True;0.207051268;20.70512678
Manhattan;Hell's Kitchen;1026920;22;;;;;;True;False;False;False;True;0.777884647;77.78846474
Manhattan;Chelsea-Hudson Yards;1013850;5;241;17;W  17 ST;10011;241 W  17 ST;True;False;False;False;True;0.162203925;16.22039249
Manhattan;Upper West Side-Lincoln Square;1028677;5;24;74;W  74 ST;10023;24 W  74 ST;True;True;True;False;False;0.254907674;25.49076737
Manhattan;Upper West Side (Central);1031217;5;;;;;;True;True;True;False;False;0.095364302;9.536430202
Manhattan;Hell's Kitchen;1026926;1;599;10;10 AVE;10036;599 10 AVE;True;False;False;False;True;0.773060753;77.30607532
Manhattan;Upper West Side (Central);1031356;4;;;;;;True;True;True;False;False;0.044540912;4.454091227
Manhattan;Chelsea-Hudson Yards;1012663;4;491;22;W  22 ST;10011;491 W  22 ST;True;True;True;False;False;0.098764145;9.876414496
Manhattan;Midtown-Times Square;1014401;4;243;34;W  34 ST;10001;243 W  34 ST;True;False;False;False;True;0.752494596;75.24945959
Manhattan;Upper West Side-Lincoln Square;1030419;7;;;;;;True;False;False;False;True;0.77054497;77.05449698
Manhattan;Hell's Kitchen;1025040;5;666;9;9 AVE;10036;666 9 AVE;True;False;False;False;True;0.647614475;64.76144748
Manhattan;Upper West Side-Lincoln Square;1030943;7;346;71;W  71 ST;10023;346 W  71 ST;True;True;False;False;False;0.566711502;56.67115015
Manhattan;Hell's Kitchen;1025021;3;342;46;W  46 ST;10036;342 W  46 ST;True;True;True;False;False;0.618643765;61.86437651
Manhattan;Chelsea-Hudson Yards;1014776;13;128;22;W  22 ST;10011;128 W  22 ST;True;False;False;False;False;0.852425973;85.24259731
Manhattan;Hell's Kitchen;1026660;4;718;10;10 AVE;10019;718 10 AVE;True;False;False;False;True;0.703362886;70.33628862
Manhattan;Midtown South-Flatiron-Union Square;1016178;7;40;20;E  20 ST;10003;40 E  20 ST;True;False;True;False;True;0.771428635;77.14286348
Manhattan;Chelsea-Hudson Yards;1012301;4;530;21;W  21 ST;10011;530 W  21 ST;True;False;False;False;True;0.868845275;86.8845275
Manhattan;Gramercy;1017880;4;;;;;;True;False;True;False;True;0.123583678;12.35836782
Manhattan;Upper West Side (Central);1028718;5;12;75;W  75 ST;10023;12 W  75 ST;True;True;False;False;False;0.165620148;16.56201483
Manhattan;Gramercy;1019501;5;207;14;E  14 ST;10003;207 E  14 ST;True;True;False;False;False;0.624665644;62.46656444
Manhattan;Midtown South-Flatiron-Union Square;1015493;6;17;20;W  20 ST;10011;17 W  20 ST;True;False;False;False;True;0.81464014;81.46401402
Manhattan;Hell's Kitchen;1025223;5;772;9;9 AVE;10019;772 9 AVE;True;False;False;False;True;0.218525137;21.85251365
Manhattan;Chelsea-Hudson Yards;1013586;4;472;9;9 AVE;10018;472 9 AVE;True;False;False;False;True;0.703196351;70.31963507
Manhattan;Midtown-Times Square;1014491;20;270;39;W  39 ST;10018;270 W  39 ST;True;False;False;False;True;0.916549138;91.65491384
Manhattan;Upper West Side (Central);1030122;4;137;75;W  75 ST;10023;137 W  75 ST;True;True;True;False;False;0.154138758;15.4138758
Manhattan;Midtown South-Flatiron-Union Square;1016900;16;23;28;E  28 ST;10016;23 E  28 ST;True;False;False;False;True;0.854084362;85.40843616
Manhattan;Upper West Side (Central);1031183;3;4;83;W  83 ST;10024;4 W  83 ST;True;True;True;False;False;0.099340248;9.934024843
Manhattan;Upper West Side (Central);1031069;4;300;77;W  77 ST;10024;300 W  77 ST;True;True;True;False;False;0.10541387;10.54138704
Manhattan;Upper West Side-Lincoln Square;1030520;5;236;73;W  73 ST;10023;236 W  73 ST;True;False;False;True;True;0.315383379;31.53833792
Manhattan;Upper West Side-Lincoln Square;1030533;5;272;73;W  73 ST;10023;272 W  73 ST;True;False;False;False;True;0.119567722;11.95677222
Manhattan;Upper West Side (Central);1031717;3;23;95;W  95 ST;10025;23 W  95 ST;True;True;False;False;False;0.094562615;9.45626149
Manhattan;Chelsea-Hudson Yards;1013222;4;308;20;W  20 ST;10011;308 W  20 ST;True;True;True;False;False;0.160977133;16.09771326
Manhattan;Upper West Side-Lincoln Square;1027084;13;524;59;W  59 ST;10019;524 W  59 ST;True;False;False;False;True;0.647409735;64.74097354
Manhattan;Gramercy;1019535;5;175;3;3 AVE;10003;175 3 AVE;True;False;False;False;True;0.681719557;68.17195575
Manhattan;Midtown South-Flatiron-Union Square;1015877;13;358;5;5 AVE;10001;358 5 AVE;True;False;False;False;True;0.821500296;82.15002964
Manhattan;Chelsea-Hudson Yards;1014585;7;114;17;W  17 ST;10011;114 W  17 ST;True;False;False;False;True;0.826607662;82.66076624
Manhattan;Gramercy;1017943;4;10;GRAMERCY;GRAMERCY PARK S;10003;10 GRAMERCY PARK S;True;True;False;False;False;0.101057068;10.10570678
Manhattan;Upper West Side-Lincoln Square;1030543;;251;73;W  73 ST;10023;251 W  73 ST;True;True;True;False;True;0.2810998;28.10998004
Manhattan;Upper West Side (Central);1031412;4;12;87;W  87 ST;10024;12 W  87 ST;True;True;True;False;False;0.146159497;14.61594967
Manhattan;Chelsea-Hudson Yards;1014748;3;;;;;;True;False;True;False;True;0.587487009;58.74870089
Manhattan;Hell's Kitchen;1025172;5;748;9;9 AVE;10019;748 9 AVE;True;True;False;False;False;0.650530837;65.05308369
Manhattan;Chelsea-Hudson Yards;1014794;10;147;22;W  22 ST;10011;147 W  22 ST;True;False;False;True;True;0.849430802;84.94308024
Manhattan;Chelsea-Hudson Yards;1012550;3;436;18;W  18 ST;10011;436 W  18 ST;True;False;True;False;True;0.854449849;85.44498492
Manhattan;Chelsea-Hudson Yards;1012401;6;544;27;W  27 ST;10001;544 W  27 ST;True;False;False;False;True;0.891069557;89.10695568
Manhattan;Midtown South-Flatiron-Union Square;1015120;4;;;;;;True;False;False;False;True;0.720345764;72.03457643
Manhattan;Upper West Side-Lincoln Square;1029888;4;244;COLUMBUS;COLUMBUS AVE;10023;244 COLUMBUS AVE;True;False;False;False;True;0.600863464;60.08634641
Manhattan;Chelsea-Hudson Yards;1013367;5;340;23;W  23 ST;10011;340 W  23 ST;True;False;False;False;True;0.18130532;18.13053203
Manhattan;Midtown-Times Square;1017591;5;265;MADISON;MADISON AVE;10016;265 MADISON AVE;True;False;False;False;True;0.874396031;87.43960312
Manhattan;Upper West Side (Central);1031652;4;34;94;W  94 ST;10025;34 W  94 ST;True;True;True;False;False;0.199101155;19.91011548
Manhattan;Midtown-Times Square;1024799;3;1628;BROADWAY;BROADWAY;10019;1628 BROADWAY;True;False;False;False;True;0.744579387;74.45793869
Manhattan;Upper West Side-Lincoln Square;1029955;4;148;73;W  73 ST;10023;148 W  73 ST;True;True;True;True;False;0.154233555;15.42335548
Manhattan;Midtown-Times Square;1014468;16;262;38;W  38 ST;10018;262 W  38 ST;True;False;False;False;True;0.872585909;87.25859091
Manhattan;Midtown South-Flatiron-Union Square;1015769;5;20;30;W  30 ST;10001;20 W  30 ST;True;False;False;False;True;0.773774298;77.37742976
Manhattan;Midtown-Times Square;1017123;5;209;MADISON;MADISON AVE;10016;209 MADISON AVE;True;True;False;False;False;0.310734241;31.07342411
Manhattan;Chelsea-Hudson Yards;1013352;4;331;22;W  22 ST;10011;331 W  22 ST;True;True;True;False;False;0.083632131;8.363213056
Manhattan;Midtown-Times Square;1014479;5;221;38;W  38 ST;10018;221 W  38 ST;True;False;False;False;True;0.856945196;85.69451955
Manhattan;Upper West Side-Lincoln Square;1028257;5;18;68;W  68 ST;10023;18 W  68 ST;True;True;True;True;False;0.178779277;17.87792775
Manhattan;Midtown-Times Square;1023462;14;140;57;W  57 ST;10019;140 W  57 ST;True;False;True;True;False;0.885504656;88.55046562
Manhattan;Midtown South-Flatiron-Union Square;1017003;11;5;31;E  31 ST;10016;5 E  31 ST;True;False;False;False;True;0.812325383;81.23253834
Manhattan;Chelsea-Hudson Yards;1013477;4;;;;;;True;True;True;True;True;0.114802191;11.48021913
Manhattan;Gramercy;1019521;14;210;15;E  15 ST;10003;210 E  15 ST;True;False;False;False;True;0.75815254;75.81525398
Manhattan;Chelsea-Hudson Yards;1014057;5;260;21;W  21 ST;10011;260 W  21 ST;True;True;True;False;False;0.158478308;15.84783083
Manhattan;Hell's Kitchen;1026927;5;601;10;10 AVE;10036;601 10 AVE;True;False;False;False;True;0.726992092;72.69920915
Manhattan;Gramercy;1018045;3;149;23;E  23 ST;10010;149 E  23 ST;True;False;False;False;True;0.660684826;66.06848261
Manhattan;Hell's Kitchen;1026620;5;436;49;W  49 ST;10019;436 W  49 ST;True;True;True;False;False;0.206992696;20.69926961
Manhattan;Chelsea-Hudson Yards;1014732;8;106;20;W  20 ST;10011;106 W  20 ST;True;False;False;False;True;0.777822922;77.78229222
Manhattan;Hell's Kitchen;1026047;5;880;9;9 AVE;10019;880 9 AVE;True;True;False;False;False;0.610726233;61.0726233
Manhattan;Gramercy;1019504;5;223;14;E  14 ST;10003;223 E  14 ST;True;False;False;False;True;0.626950929;62.69509295
Manhattan;Gramercy;1018115;7;160;26;E  26 ST;10010;160 E  26 ST;True;False;False;False;True;0.651767403;65.17674032
Manhattan;Hell's Kitchen;1025035;4;370;46;W  46 ST;10036;370 W  46 ST;True;True;True;False;False;0.696370378;69.63703783
Manhattan;Gramercy;1020492;4;354;19;E  19 ST;10003;354 E  19 ST;True;False;True;False;True;0.231979036;23.19790362
Manhattan;Midtown South-Flatiron-Union Square;1015544;7;36;22;W  22 ST;10010;36 W  22 ST;False;False;False;False;False;0.545071142;54.50711421
Manhattan;Upper West Side (Central);1031525;4;46;89;W  89 ST;10024;46 W  89 ST;True;True;False;False;False;0.085753087;8.575308738
Manhattan;Gramercy;1019663;5;210;23;E  23 ST;10010;210 E  23 ST;True;False;False;False;True;0.865199123;86.51991235
Manhattan;Upper West Side-Lincoln Square;1028251;11;48;68;W  68 ST;10023;48 W  68 ST;True;False;False;False;True;0.770966545;77.09665448
Manhattan;Hell's Kitchen;1025390;6;;;;;;True;False;False;False;True;0.638479861;63.84798609
Manhattan;Chelsea-Hudson Yards;1012261;1;;;;;;False;False;False;False;False;0.514143906;51.41439055
Manhattan;Midtown South-Flatiron-Union Square;1015413;10;;;;;;True;False;False;False;True;0.788461711;78.84617111
Manhattan;Upper West Side-Lincoln Square;1030554;4;275;73;W  73 ST;10023;275 W  73 ST;True;True;True;False;False;0.104426903;10.44269033
Manhattan;Upper West Side (Central);1030271;3;129;78;W  78 ST;10024;129 W  78 ST;True;True;True;False;False;0.09923909;9.923909018
Manhattan;Gramercy;1020544;6;305;21;E  21 ST;10010;305 E  21 ST;True;True;False;False;False;0.205136099;20.51360989
Manhattan;Chelsea-Hudson Yards;1013822;6;248;17;W  17 ST;10011;248 W  17 ST;True;False;False;False;True;0.549162804;54.91628039
Manhattan;Upper West Side (Central);1031159;5;66;82;W  82 ST;10024;66 W  82 ST;True;True;True;False;False;0.169941512;16.99415119
Manhattan;Midtown South-Flatiron-Union Square;1015396;12;12;17;W  17 ST;10011;12 W  17 ST;True;False;False;False;True;0.629710055;62.97100545
Manhattan;Midtown-Times Square;1014437;3;270;36;W  36 ST;10018;270 W  36 ST;True;False;False;False;True;0.806870549;80.68705493
Manhattan;Gramercy;1020539;4;345;1;1 AVE;10010;345 1 AVE;True;False;False;True;True;0.71558141;71.55814104
Manhattan;Upper West Side (Central);1031465;19;2;88;W  88 ST;10024;2 W  88 ST;True;False;False;False;False;0.745323613;74.53236126
Manhattan;Hell's Kitchen;1027040;5;;;;;;True;True;True;False;False;0.187243745;18.72437447
Manhattan;Upper West Side-Lincoln Square;1028469;4;38;69;W  69 ST;10023;38 W  69 ST;True;True;True;False;False;0.172325033;17.23250334
Manhattan;Upper West Side (Central);1031205;5;;;;;;False;False;False;False;False;0.501372635;50.13726352
Manhattan;Upper West Side-Lincoln Square;1028132;9;25;64;W  64 ST;10023;25 W  64 ST;True;False;True;False;True;0.586892059;58.68920587
Manhattan;Upper West Side-Lincoln Square;1030512;4;241;72;W  72 ST;10023;241 W  72 ST;True;False;False;False;True;0.272211532;27.22115322
Manhattan;Gramercy;1020413;6;328;15;E  15 ST;10003;328 E  15 ST;True;True;True;False;False;0.24175605;24.17560503
Manhattan;Upper West Side (Central);1030196;4;160;78;W  78 ST;10024;160 W  78 ST;False;False;False;False;False;0.51736272;51.73627202
Manhattan;Midtown-Times Square;1014503;3;556;7;7 AVE;10018;556 7 AVE;True;False;False;False;True;0.775124778;77.51247777
Manhattan;Chelsea-Hudson Yards;1014180;4;260;25;W  25 ST;10001;260 W  25 ST;True;True;True;False;False;0.120877178;12.08771781
Manhattan;Midtown South-Flatiron-Union Square;1016177;9;42;20;E  20 ST;10003;42 E  20 ST;True;True;False;False;False;0.756248977;75.62489772
Manhattan;Upper West Side-Lincoln Square;1029903;5.5;174;72;W  72 ST;10023;174 W  72 ST;True;False;False;False;True;0.653333853;65.33338526
Manhattan;Gramercy;1017936;19;124;20;E  20 ST;10003;124 E  20 ST;True;False;False;False;True;0.774260776;77.42607758
Manhattan;Midtown South-Flatiron-Union Square;1015385;3.5;;;;;;True;True;True;True;False;0.077361303;7.736130324
Manhattan;Upper West Side-Lincoln Square;1030038;12;170;74;W  74 ST;10023;170 W  74 ST;True;False;False;False;True;0.591168481;59.11684813
Manhattan;Hell's Kitchen;1026501;5;424;47;W  47 ST;10036;424 W  47 ST;True;True;True;False;False;0.162962368;16.29623678
Manhattan;Midtown-Times Square;1017227;12;5;38;E  38 ST;10016;5 E  38 ST;True;False;False;False;True;0.817375107;81.73751074
Manhattan;Gramercy;1019635;6;;;;;;True;True;True;False;False;0.625332973;62.5332973
Manhattan;Midtown South-Flatiron-Union Square;1015858;12;1270;BROADWAY;BROADWAY;10001;1270 BROADWAY;True;False;False;False;True;0.834569371;83.45693707
Manhattan;Upper West Side-Lincoln Square;1028583;5;60;71;W  71 ST;10023;60 W  71 ST;True;True;False;True;True;0.172490494;17.24904941
Manhattan;Chelsea-Hudson Yards;1013456;13;315;23;W  23 ST;10011;315 W  23 ST;True;False;True;False;True;0.648542953;64.85429527
Manhattan;Midtown South-Flatiron-Union Square;1017092;24;180;MADISON;MADISON AVE;10016;180 MADISON AVE;True;False;False;False;True;0.755331269;75.53312693
Manhattan;Hell's Kitchen;1025087;5;353;47;W  47 ST;10036;353 W  47 ST;True;True;True;False;False;0.170353888;17.03538881
Manhattan;Upper West Side (Central);1031514;12;2;89;W  89 ST;10024;2 W  89 ST;True;False;False;False;False;0.508006975;50.80069749
Manhattan;Upper West Side (Central);1028739;4;14;75;W  75 ST;10023;14 W  75 ST;True;True;False;False;False;0.102151527;10.21515274
Manhattan;Midtown-Times Square;1022631;40;1153;OF THE AMERICAS;AVE OF THE AMERICAS;10036;1153 AVE OF THE AMERICAS;True;False;False;False;True;0.849470423;84.94704227
Manhattan;Gramercy;1019524;6;207;15;E  15 ST;10003;207 E  15 ST;True;True;True;False;False;0.756735737;75.67357373
Manhattan;Chelsea-Hudson Yards;1013240;4;358;20;W  20 ST;10011;358 W  20 ST;True;True;True;False;False;0.06453282;6.453281998
Manhattan;Chelsea-Hudson Yards;1013981;4;154;7;7 AVE;10011;154 7 AVE;True;True;False;True;True;0.699173483;69.9173483
Manhattan;Midtown South-Flatiron-Union Square;1016881;12.5;18;27;E  27 ST;10016;18 E  27 ST;True;False;False;False;True;0.823639914;82.36399144
Manhattan;Chelsea-Hudson Yards;1012625;4;439;21;W  21 ST;10011;439 W  21 ST;True;True;True;False;False;0.099633704;9.963370361
Manhattan;Midtown South-Flatiron-Union Square;1016963;4;41;30;E  30 ST;10016;41 E  30 ST;True;False;False;False;True;0.630785064;63.07850641
Manhattan;Upper West Side (Central);1031610;4;48;91;W  91 ST;10024;48 W  91 ST;True;True;False;False;False;0.074018393;7.401839322
Manhattan;Upper West Side (Central);1031469;4;22;88;W  88 ST;10024;22 W  88 ST;True;True;True;False;False;0.105166294;10.5166294
Manhattan;Upper West Side (Central);1031536;4;39;88;W  88 ST;10024;39 W  88 ST;True;False;False;False;True;0.142925924;14.29259236
Manhattan;Upper West Side-Lincoln Square;1030418;8;201;71;W  71 ST;10023;201 W  71 ST;True;False;False;False;True;0.559796533;55.97965326
Manhattan;Hell's Kitchen;1025393;4;353;53;W  53 ST;10019;353 W  53 ST;True;True;False;False;False;0.143407224;14.34072237
Manhattan;Midtown South-Flatiron-Union Square;1015541;6;30;22;W  22 ST;10010;30 W  22 ST;False;False;False;False;False;0.880935279;88.09352789
Manhattan;Midtown South-Flatiron-Union Square;1014292;4;356;7;7 AVE;10001;356 7 AVE;True;False;False;False;True;0.746191823;74.61918225
Manhattan;Chelsea-Hudson Yards;1013490;4;;;;;;True;False;False;False;True;0.727463386;72.74633863
Manhattan;Midtown South-Flatiron-Union Square;1015800;4;872;OF THE AMERICAS;AVE OF THE AMERICAS;10001;872 AVE OF THE AMERICAS;True;False;False;True;True;0.743388504;74.33885039
Manhattan;Gramercy;1018191;6;;;;;;True;False;False;False;True;0.717153859;71.71538592
Manhattan;Hell's Kitchen;1025176;6;;;;;;True;True;True;False;False;0.555659404;55.56594037
Manhattan;Upper West Side (Central);1030117;4;149;75;W  75 ST;10023;149 W  75 ST;True;True;True;False;False;0.159945279;15.99452794
Manhattan;Chelsea-Hudson Yards;1012364;1.5;555;24;W  24 ST;10011;555 W  24 ST;False;False;False;False;False;0.78301852;78.30185203
Manhattan;Midtown South-Flatiron-Union Square;1016887;11;21;27;E  27 ST;10016;21 E  27 ST;True;False;False;False;True;0.740108969;74.01089692
Manhattan;Upper West Side-Lincoln Square;1027468;13;5;63;W  63 ST;10023;5 W  63 ST;True;True;False;False;False;0.383297523;38.32975228
Manhattan;Hell's Kitchen;1025056;6;302;47;W  47 ST;10036;302 W  47 ST;True;False;False;False;True;0.543237022;54.32370224
Manhattan;Upper West Side (Central);1031141;20;1;81;W  81 ST;10024;1 W  81 ST;True;True;False;True;True;0.604406424;60.44064244
Manhattan;Gramercy;1018071;26;50;LEXINGTON;LEXINGTON AVE;10010;50 LEXINGTON AVE;True;False;False;False;True;0.876883458;87.68834577
Manhattan;Upper West Side (Central);1031722;4;7;95;W  95 ST;10025;7 W  95 ST;True;False;False;False;True;0.105789969;10.57899694
Manhattan;Gramercy;1018158;6.5;114;27;E  27 ST;10016;114 E  27 ST;True;False;False;False;True;0.773702767;77.37027667
Manhattan;Chelsea-Hudson Yards;1012861;2;;;;;;True;False;False;False;True;0.613305999;61.33059994
Manhattan;Midtown South-Flatiron-Union Square;1015079;4;803;OF THE AMERICAS;AVE OF THE AMERICAS;10001;803 AVE OF THE AMERICAS;True;False;False;False;True;0.845308348;84.53083482
Manhattan;Hell's Kitchen;1026900;2;;;;;;True;False;True;False;False;0.243495866;24.34958656
Manhattan;Upper West Side (Central);1028801;4;45;76;W  76 ST;10023;45 W  76 ST;True;True;True;False;False;0.147070538;14.7070538
Manhattan;Midtown South-Flatiron-Union Square;1015597;1;23;24;W  24 ST;10010;23 W  24 ST;True;False;False;False;True;0.782493536;78.24935364
Manhattan;Upper West Side-Lincoln Square;1028668;6;7;73;W  73 ST;10023;7 W  73 ST;True;True;True;False;False;0.36500453;36.50045297
Manhattan;Chelsea-Hudson Yards;1013990;5;220;20;W  20 ST;10011;220 W  20 ST;True;True;False;False;False;0.178259475;17.82594754
Manhattan;Gramercy;1017839;6;100;17;E  17 ST;10003;100 E  17 ST;True;False;False;False;True;0.856962768;85.69627685
Manhattan;Gramercy;1020570;6;321;22;E  22 ST;10010;321 E  22 ST;True;False;False;False;True;0.748607098;74.86070985
Manhattan;Upper West Side-Lincoln Square;1030417;4;213;71;W  71 ST;10023;213 W  71 ST;True;True;False;True;True;0.09713708;9.713708002
Manhattan;Chelsea-Hudson Yards;1013271;5;312;21;W  21 ST;10011;312 W  21 ST;True;True;False;False;False;0.15871706;15.87170603
Manhattan;Upper West Side (Central);1031766;4;104;80;W  80 ST;10024;104 W  80 ST;True;True;True;False;False;0.161761792;16.17617916
Manhattan;Chelsea-Hudson Yards;1013558;10;333;34;W  34 ST;10001;333 W  34 ST;True;False;False;False;False;0.631106362;63.11063616
Manhattan;Upper West Side (Central);1031252;4;;;;;;True;True;False;False;False;0.131296678;13.12966778
Manhattan;Hell's Kitchen;1027028;7;531;49;W  49 ST;10019;531 W  49 ST;True;True;True;False;False;0.179781214;17.97812142
Manhattan;Hell's Kitchen;1025153;5;326;49;W  49 ST;10019;326 W  49 ST;True;True;False;False;False;0.230045118;23.00451181
Manhattan;Chelsea-Hudson Yards;1013091;4;363;18;W  18 ST;10011;363 W  18 ST;True;True;True;False;False;0.086326182;8.63261817
Manhattan;Upper West Side (Central);1031637;7;325;CENTRAL;CENTRAL PARK W;10025;325 CENTRAL PARK W;True;True;True;False;False;0.52801066;52.80106596
Manhattan;Chelsea-Hudson Yards;1012384;10;259;10;10 AVE;10001;259 10 AVE;True;False;False;False;True;0.382884916;38.28849156
Manhattan;Chelsea-Hudson Yards;1013102;3;317;18;W  18 ST;10011;317 W  18 ST;True;True;True;False;False;0.087257789;8.725778949
Manhattan;Upper West Side (Central);1031117;5;311;78;W  78 ST;10024;311 W  78 ST;True;True;True;False;False;0.132852341;13.28523407
Manhattan;Chelsea-Hudson Yards;1012611;3;467;21;W  21 ST;10011;467 W  21 ST;True;True;True;False;False;0.075298096;7.529809559
Manhattan;Hell's Kitchen;1012993;7;;;;;;True;False;False;False;True;0.681652777;68.16527766
Manhattan;Midtown-Times Square;1015255;23;1001;OF THE AMERICAS;AVE OF THE AMERICAS;10018;1001 AVE OF THE AMERICAS;True;False;False;False;True;0.704632467;70.46324669
Manhattan;Upper West Side-Lincoln Square;1030961;5;313;71;W  71 ST;10023;313 W  71 ST;True;True;False;False;False;0.122968184;12.29681841
Manhattan;Hell's Kitchen;1025006;5;351;45;W  45 ST;10036;351 W  45 ST;True;True;True;False;False;0.650545789;65.05457887
Manhattan;Midtown South-Flatiron-Union Square;1015296;12;30;15;W  15 ST;10011;30 W  15 ST;True;False;False;False;True;0.868834912;86.88349118
Manhattan;Midtown South-Flatiron-Union Square;1015798;3;56;31;W  31 ST;10001;56 W  31 ST;True;False;False;False;True;0.74251277;74.25127699
Manhattan;Midtown-Times Square;1015905;6;34;36;W  36 ST;10018;34 W  36 ST;True;False;False;False;True;0.884771153;88.47711533
Manhattan;Upper West Side-Lincoln Square;1028683;5;40;74;W  74 ST;10023;40 W  74 ST;True;True;True;False;False;0.172969062;17.29690616
Manhattan;Midtown South-Flatiron-Union Square;1015717;4;49;28;W  28 ST;10001;49 W  28 ST;True;True;False;False;False;0.745511972;74.55119723
Manhattan;Gramercy;1017809;4;134;16;E  16 ST;10003;134 E  16 ST;True;True;True;False;False;0.14406714;14.40671401
Manhattan;Chelsea-Hudson Yards;1012669;4;;;;;;True;True;True;False;False;0.077115429;7.711542926
Manhattan;Midtown South-Flatiron-Union Square;1015146;53;105;29;W  29 ST;10001;105 W  29 ST;True;False;False;False;True;0.984043678;98.40436777
Manhattan;Hell's Kitchen;1025202;5;341;51;W  51 ST;10019;341 W  51 ST;True;True;True;False;False;0.380185183;38.01851827
Manhattan;Upper West Side (Central);1031578;4;22;90;W  90 ST;10024;22 W  90 ST;True;True;False;False;False;0.148530497;14.85304974
Manhattan;Midtown South-Flatiron-Union Square;1015807;11;35;31;W  31 ST;10001;35 W  31 ST;True;False;False;False;True;0.823626195;82.36261949
Manhattan;Midtown South-Flatiron-Union Square;1016915;10;;;;;;True;False;False;False;True;0.830409555;83.04095547
Manhattan;Gramercy;1020561;4;336;22;E  22 ST;10010;336 E  22 ST;True;True;True;False;False;0.65253458;65.25345802
Manhattan;Hell's Kitchen;1026872;12;439;56;W  56 ST;10019;439 W  56 ST;True;False;True;False;False;0.642004026;64.20040264
Manhattan;Midtown South-Flatiron-Union Square;1015211;3;141;33;W  33 ST;10001;141 W  33 ST;True;False;False;False;False;0.711584745;71.15847454
Manhattan;Upper West Side (Central);1031570;6;2;90;W  90 ST;10024;2 W  90 ST;True;False;False;False;True;0.445905293;44.59052931
Manhattan;Chelsea-Hudson Yards;1014560;6;100;16;W  16 ST;10011;100 W  16 ST;True;False;False;False;True;0.758364121;75.83641213
Manhattan;Upper West Side (Central);1030888;5;200;78;W  78 ST;10024;200 W  78 ST;True;False;False;False;True;0.72116628;72.11662801
Manhattan;Upper West Side-Lincoln Square;1028591;5;17;70;W  70 ST;10023;17 W  70 ST;True;True;False;False;False;0.173303483;17.33034831
Manhattan;Midtown-Times Square;1015949;4;34;37;W  37 ST;10018;34 W  37 ST;True;False;False;False;True;0.83092402;83.09240196
Manhattan;Chelsea-Hudson Yards;1013602;5;332;37;W  37 ST;10018;332 W  37 ST;True;True;True;False;False;0.240203379;24.02033795
Manhattan;Hell's Kitchen;1025186;5;364;51;W  51 ST;10019;364 W  51 ST;True;True;True;False;False;0.22584336;22.58433596
Manhattan;Midtown South-Flatiron-Union Square;1014291;16;204;30;W  30 ST;10001;204 W  30 ST;True;False;False;False;True;0.861101748;86.11017479
Manhattan;Midtown South-Flatiron-Union Square;1015448;5;11;18;W  18 ST;10011;11 W  18 ST;True;False;False;False;True;0.707032681;70.7032681
Manhattan;Midtown South-Flatiron-Union Square;1015487;7;50;20;W  20 ST;10011;50 W  20 ST;True;False;False;False;True;0.73368244;73.368244
Manhattan;Chelsea-Hudson Yards;1012561;2;435;18;W  18 ST;10011;435 W  18 ST;True;False;False;False;True;0.765262153;76.52621528
Manhattan;Hell's Kitchen;1025177;5;312;51;W  51 ST;10019;312 W  51 ST;True;True;True;False;False;0.199225453;19.92254534
Manhattan;Hell's Kitchen;1026640;4;;;;;;True;True;True;False;False;0.650854684;65.08546843
Manhattan;Hell's Kitchen;1026977;5;534;47;W  47 ST;10036;534 W  47 ST;True;True;True;False;False;0.231366325;23.13663252
Manhattan;Upper West Side-Lincoln Square;1029886;12;111;71;W  71 ST;10023;111 W  71 ST;True;False;False;False;True;0.547650062;54.76500619
Manhattan;Gramercy;1020597;14;340;24;E  24 ST;10010;340 E  24 ST;True;False;False;False;True;0.796717118;79.67171182
Manhattan;Upper West Side (Central);1031492;4;;;;;;True;True;True;False;False;0.125668056;12.56680561
Manhattan;Chelsea-Hudson Yards;1012545;5;114;10;10 AVE;10011;114 10 AVE;True;False;True;False;True;0.650447003;65.04470026
Manhattan;Midtown South-Flatiron-Union Square;1015663;12;;;;;;True;False;True;False;True;0.850020722;85.00207218
Manhattan;Upper West Side-Lincoln Square;1030963;5;309;71;W  71 ST;10023;309 W  71 ST;True;True;True;False;False;0.122999208;12.29992085
Manhattan;Chelsea-Hudson Yards;1013053;4;319;16;W  16 ST;10011;319 W  16 ST;True;False;False;False;True;0.197570826;19.75708261
Manhattan;Chelsea-Hudson Yards;1013866;5;;;;;;True;True;True;False;False;0.582142696;58.21426958
Manhattan;Upper West Side-Lincoln Square;1028475;4;52;69;W  69 ST;10023;52 W  69 ST;True;True;True;True;False;0.159244653;15.92446528
Manhattan;Midtown South-Flatiron-Union Square;1015083;4;106;28;W  28 ST;10001;106 W  28 ST;True;False;False;False;True;0.838054734;83.8054734
Manhattan;Midtown South-Flatiron-Union Square;1015124;5;102;29;W  29 ST;10001;102 W  29 ST;True;False;False;False;True;0.771017696;77.10176959
Manhattan;Chelsea-Hudson Yards;1012816;3;454;25;W  25 ST;10001;454 W  25 ST;True;True;True;False;False;0.140739442;14.07394417
Manhattan;Gramercy;1017903;12;112;19;E  19 ST;10003;112 E  19 ST;True;False;True;False;False;0.870670232;87.06702321
Manhattan;Upper West Side (Central);1031596;3;61;90;W  90 ST;10024;61 W  90 ST;True;True;True;False;False;0.085674145;8.567414529
Manhattan;Midtown-Times Square;1023460;29;120;57;W  57 ST;10019;120 W  57 ST;True;False;False;False;True;0.949123008;94.91230082
Manhattan;Upper West Side-Lincoln Square;1028832;4;111;AMSTERDAM;AMSTERDAM AVE;10023;111 AMSTERDAM AVE;True;False;False;False;True;0.670575125;67.05751254
Manhattan;Chelsea-Hudson Yards;1012397;11;520;27;W  27 ST;10001;520 W  27 ST;True;True;False;False;False;0.87675674;87.67567398
Manhattan;Upper West Side-Lincoln Square;1028163;32;10;66;W  66 ST;10023;10 W  66 ST;True;True;False;False;False;0.850658504;85.06585042
Manhattan;Gramercy;1020392;5;313;14;E  14 ST;10003;313 E  14 ST;True;True;False;False;False;0.638704195;63.87041948
Manhattan;Chelsea-Hudson Yards;1015005;9;133;25;W  25 ST;10001;133 W  25 ST;True;False;False;False;True;0.862304392;86.2304392
Manhattan;Upper West Side (Central);1031638;16.5;327;CENTRAL;CENTRAL PARK W;10025;327 CENTRAL PARK W;True;False;False;False;True;0.831002115;83.10021153
Manhattan;Upper West Side (Central);1028728;4;38;75;W  75 ST;10023;38 W  75 ST;True;True;False;False;True;0.162883744;16.28837438
Manhattan;Midtown South-Flatiron-Union Square;1016944;8;;;;;;True;False;False;False;True;0.783014929;78.30149295
Manhattan;Midtown South-Flatiron-Union Square;1016882;5;233;5;5 AVE;10016;233 5 AVE;True;False;False;False;True;0.805010499;80.50104989
Manhattan;Midtown South-Flatiron-Union Square;1015606;5;22;25;W  25 ST;10010;22 W  25 ST;True;False;False;False;True;0.77424356;77.42435605
Manhattan;Midtown South-Flatiron-Union Square;1015383;7;;;;;;True;True;True;False;False;0.365153115;36.51531152
Manhattan;Upper West Side-Lincoln Square;1030960;6;317;71;W  71 ST;10023;317 W  71 ST;True;False;True;False;False;0.74506927;74.50692704
Manhattan;Upper West Side (Central);1030102;4;;;;;;True;True;True;False;True;0.136600998;13.66009975
Manhattan;Gramercy;1018069;12;121;24;E  24 ST;10010;121 E  24 ST;True;False;True;False;False;0.872625039;87.26250394
Manhattan;Gramercy;1020477;3;327;18;E  18 ST;10003;327 E  18 ST;True;True;True;False;False;0.075003479;7.50034787
Manhattan;Upper West Side (Central);1031471;4;26;88;W  88 ST;10024;26 W  88 ST;True;True;True;False;False;0.142840291;14.28402907
Manhattan;Hell's Kitchen;1026588;5;;;;;;True;True;False;False;False;0.122698637;12.26986373
Manhattan;Hell's Kitchen;1024929;4;360;42;W  42 ST;10036;360 W  42 ST;True;False;False;False;True;0.795900266;79.59002657
Manhattan;Hell's Kitchen;1026655;5;;;;;;True;True;True;False;False;0.181828386;18.18283859
Manhattan;Midtown-Times Square;1017181;3.5;219;MADISON;MADISON AVE;10016;219 MADISON AVE;True;True;True;False;False;0.257365259;25.7365259
Manhattan;Upper West Side (Central);1031730;4;22;96;W  96 ST;10025;22 W  96 ST;True;True;True;False;False;0.100705483;10.07054827
Manhattan;Hell's Kitchen;1025233;5;786;9;9 AVE;10019;786 9 AVE;True;False;False;False;True;0.169117381;16.9117381
Manhattan;Chelsea-Hudson Yards;1012616;5;457;21;W  21 ST;10011;457 W  21 ST;True;True;True;False;False;0.109734487;10.97344869
Manhattan;Midtown-Times Square;1017183;5;46;PARK;PARK AVE;10016;46 PARK AVE;True;False;True;False;True;0.493502475;49.35024747
Manhattan;Chelsea-Hudson Yards;1012692;4.75;419;22;W  22 ST;10011;419 W  22 ST;True;True;True;False;False;0.107877072;10.78770723
Manhattan;Hell's Kitchen;1025029;4;374;46;W  46 ST;10036;374 W  46 ST;True;False;False;False;True;0.715066816;71.50668159
Manhattan;Gramercy;1020538;4;;;;;;True;True;True;False;False;0.689433384;68.94333843
Manhattan;Midtown-Times Square;1015273;16;108;39;W  39 ST;10018;108 W  39 ST;False;False;False;False;False;0.863942912;86.39429125
Manhattan;Upper West Side-Lincoln Square;1028161;5;35;65;W  65 ST;10023;35 W  65 ST;True;True;False;False;False;0.529983842;52.9983842
Manhattan;Chelsea-Hudson Yards;1013385;9;344;23;W  23 ST;10011;344 W  23 ST;True;False;False;False;True;0.753039783;75.30397833
Manhattan;Chelsea-Hudson Yards;1015024;12;132;26;W  26 ST;10001;132 W  26 ST;True;False;False;False;True;0.901500891;90.15008908
Manhattan;Hell's Kitchen;1027039;5;544;50;W  50 ST;10019;544 W  50 ST;True;True;True;False;False;0.22319202;22.31920203
Manhattan;Chelsea-Hudson Yards;1013324;6;334;22;W  22 ST;10011;334 W  22 ST;True;True;False;False;False;0.212190317;21.2190317
Manhattan;Upper West Side (Central);1031586;4;39;89;W  89 ST;10024;39 W  89 ST;True;True;True;False;False;0.138664333;13.86643334
Manhattan;Midtown South-Flatiron-Union Square;1015832;12;34;32;W  32 ST;10001;34 W  32 ST;True;False;True;False;True;0.865626956;86.56269557
Manhattan;Midtown-Times Square;1015925;12;35;36;W  36 ST;10018;35 W  36 ST;True;False;True;False;True;0.818014908;81.80149078
Manhattan;Chelsea-Hudson Yards;1014137;5;264;23;W  23 ST;10011;264 W  23 ST;True;False;False;False;True;0.623777288;62.37772877
Manhattan;Hell's Kitchen;1025105;5;306;48;W  48 ST;10036;306 W  48 ST;True;False;False;False;True;0.772760433;77.27604327
Manhattan;Upper West Side-Lincoln Square;1029879;10;145;71;W  71 ST;10023;145 W  71 ST;True;False;True;False;True;0.553327681;55.33276808
Manhattan;Upper West Side (Central);1031368;5;21;85;W  85 ST;10024;21 W  85 ST;True;True;True;False;False;0.165156243;16.51562429
Manhattan;Midtown South-Flatiron-Union Square;1014253;7;253;28;W  28 ST;10001;253 W  28 ST;True;False;True;False;True;0.884759325;88.47593252
Manhattan;Chelsea-Hudson Yards;1013625;16;306;38;W  38 ST;10018;306 W  38 ST;True;False;False;False;False;0.763066024;76.30660241
Manhattan;Upper West Side-Lincoln Square;1030410;4;;;;;;True;True;True;False;False;0.049692975;4.969297525
Manhattan;Upper West Side (Central);1030070;5;101;74;W  74 ST;10023;101 W  74 ST;True;False;True;False;False;0.564795299;56.47952985
Manhattan;Upper West Side (Central);1031427;5;54;87;W  87 ST;10024;54 W  87 ST;True;True;True;False;False;0.117598889;11.75988887
Manhattan;Hell's Kitchen;1026869;6;863;9;9 AVE;10019;863 9 AVE;True;False;False;False;True;0.782279192;78.22791925
Manhattan;Chelsea-Hudson Yards;1013006;4;357;14;W  14 ST;10014;357 W  14 ST;True;False;False;False;True;0.703090632;70.30906318
Manhattan;Upper West Side (Central);1031373;15;;;;;;True;True;True;False;False;0.634356408;63.4356408
Manhattan;Upper West Side (Central);1030854;5;346;END;W  END AVE;10024;346 W  END AVE;True;True;False;False;False;0.114841722;11.48417224
Manhattan;Chelsea-Hudson Yards;1013203;3;;;;;;True;True;True;False;False;0.133660827;13.36608267
Manhattan;Chelsea-Hudson Yards;1012831;10;341;9;9 AVE;10001;341 9 AVE;True;False;False;False;True;0.679484317;67.94843168
Manhattan;Gramercy;1017807;5;138;16;E  16 ST;10003;138 E  16 ST;True;True;True;False;False;0.51384143;51.38414303
Manhattan;Hell's Kitchen;1027119;6;607;47;W  47 ST;10036;607 W  47 ST;True;False;False;True;True;0.799016874;79.90168743
Manhattan;Upper West Side (Central);1028779;4;32;76;W  76 ST;10023;32 W  76 ST;True;True;True;False;False;0.105770744;10.57707442
Manhattan;Midtown South-Flatiron-Union Square;1015073;4;103;27;W  27 ST;10001;103 W  27 ST;True;False;False;False;True;0.707306729;70.73067294
Manhattan;Midtown South-Flatiron-Union Square;1015446;11;22;19;W  19 ST;10011;22 W  19 ST;True;False;False;False;True;0.815731086;81.5731086
Manhattan;Chelsea-Hudson Yards;1013312;3;308;22;W  22 ST;10011;308 W  22 ST;True;True;True;False;False;0.131746296;13.17462959
Manhattan;Upper West Side (Central);1031535;4;49;88;W  88 ST;10024;49 W  88 ST;True;True;True;False;False;0.141561627;14.15616266
Manhattan;Hell's Kitchen;1026459;5;406;46;W  46 ST;10036;406 W  46 ST;True;True;True;False;False;0.170766535;17.07665355
Manhattan;Upper West Side-Lincoln Square;1030939;4;334;71;W  71 ST;10023;334 W  71 ST;True;True;True;False;False;0.091405646;9.14056456
Manhattan;Upper West Side-Lincoln Square;1028140;6;34;65;W  65 ST;10023;34 W  65 ST;True;False;False;False;True;0.585630546;58.56305458
Manhattan;Hell's Kitchen;1026599;5;405;48;W  48 ST;10036;405 W  48 ST;True;True;True;False;False;0.164224444;16.42244443
Manhattan;Midtown South-Flatiron-Union Square;1015389;4;9;16;W  16 ST;10011;9 W  16 ST;True;True;True;False;False;0.666144668;66.61446685
Manhattan;Midtown South-Flatiron-Union Square;1015299;6;;;;;;True;False;False;False;True;0.787386904;78.73869038
Manhattan;Upper West Side-Lincoln Square;1028443;4;63;68;W  68 ST;10023;63 W  68 ST;True;True;False;False;False;0.098505306;9.850530571
Manhattan;Upper West Side (Central);1028715;5;6;75;W  75 ST;10023;6 W  75 ST;True;True;True;False;False;0.18607465;18.60746496
Manhattan;Midtown South-Flatiron-Union Square;1016890;20;386;PARK;PARK AVE S;10016;386 PARK AVE S;True;False;False;False;True;0.702385837;70.23858371
Manhattan;Upper West Side (Central);1031436;4;18;87;W  87 ST;10024;18 W  87 ST;True;True;False;False;False;0.095416875;9.541687537
Manhattan;Hell's Kitchen;1027180;2;;;;;;True;False;True;False;True;0.309752276;30.9752276
Manhattan;Chelsea-Hudson Yards;1013016;4;323;14;W  14 ST;10014;323 W  14 ST;True;True;True;False;False;0.21688179;21.68817904
Manhattan;Upper West Side-Lincoln Square;1028840;30;144;COLUMBUS;COLUMBUS AVE;10023;144 COLUMBUS AVE;True;False;False;False;True;0.946818947;94.68189465
Manhattan;Chelsea-Hudson Yards;1014147;8;235;23;W  23 ST;10011;235 W  23 ST;True;False;False;False;True;0.850733659;85.07336594
Manhattan;Upper West Side-Lincoln Square;1030430;5;238;72;W  72 ST;10023;238 W  72 ST;True;False;True;False;True;0.551148368;55.11483684
Manhattan;Chelsea-Hudson Yards;1014166;6;262;24;W  24 ST;10011;262 W  24 ST;True;True;True;True;False;0.284236183;28.42361825
Manhattan;Chelsea-Hudson Yards;1015011;4;101;25;W  25 ST;10001;101 W  25 ST;True;False;True;False;True;0.703898457;70.38984566
Manhattan;Chelsea-Hudson Yards;1013319;3;324;22;W  22 ST;10011;324 W  22 ST;True;True;True;False;False;0.057750072;5.775007154
Manhattan;Midtown-Times Square;1024645;6;213;40;W  40 ST;10018;213 W  40 ST;True;False;False;False;True;0.852192246;85.21922461
Manhattan;Upper West Side (Central);1030861;23;213;76;W  76 ST;10023;213 W  76 ST;True;False;False;False;True;0.715086403;71.50864028
Manhattan;Midtown-Times Square;1022581;22;1471;BROADWAY;BROADWAY;10036;1471 BROADWAY;True;False;True;False;False;0.884569968;88.45699684
Manhattan;Upper West Side-Lincoln Square;1030964;5;305;71;W  71 ST;10023;305 W  71 ST;True;True;False;False;False;0.132394218;13.23942179
Manhattan;Chelsea-Hudson Yards;1014143;2;271;23;W  23 ST;10011;271 W  23 ST;True;False;True;False;False;0.848286452;84.82864517
Manhattan;Chelsea-Hudson Yards;1013963;5;178;8;8 AVE;10011;178 8 AVE;True;False;False;False;True;0.691826485;69.18264847
Manhattan;Upper West Side (Central);1030150;4;144;76;W  76 ST;10023;144 W  76 ST;True;True;True;False;False;0.114817653;11.48176534
Manhattan;Midtown South-Flatiron-Union Square;1015052;21;;;;;;True;False;False;False;True;0.903755071;90.37550707
Manhattan;Hell's Kitchen;1025050;3;;;;;;True;True;False;False;True;0.155819109;15.58191094
Manhattan;Midtown South-Flatiron-Union Square;1015204;5;;;;;;True;False;False;False;True;0.71999735;71.99973505
Manhattan;Hell's Kitchen;1026943;1;520;46;W  46 ST;10036;520 W  46 ST;False;False;False;False;False;0.721136068;72.11360677
Manhattan;Chelsea-Hudson Yards;1014083;4;228;22;W  22 ST;10011;228 W  22 ST;True;True;True;False;False;0.145704136;14.57041363
Manhattan;Upper West Side-Lincoln Square;1029966;3;122;73;W  73 ST;10023;122 W  73 ST;True;False;False;False;True;0.093045845;9.30458451
Manhattan;Hell's Kitchen;1013681;14;;;;;;True;False;False;True;True;0.821626575;82.16265751
Manhattan;Gramercy;1017840;5;213;PARK;PARK AVE S;10003;213 PARK AVE S;True;False;False;False;True;0.734139032;73.41390322
Manhattan;Midtown South-Flatiron-Union Square;1015317;15;54;16;W  16 ST;10011;54 W  16 ST;True;True;True;False;False;0.763229441;76.32294412
Manhattan;Hell's Kitchen;1026382;3;448;44;W  44 ST;10036;448 W  44 ST;True;True;True;False;False;0.616157082;61.61570821
Manhattan;Upper West Side (Central);1031038;16;37;RIVERSIDE;RIVERSIDE DR;10023;37 RIVERSIDE DR;True;False;False;False;True;0.732712445;73.27124453
Manhattan;Midtown-Times Square;1023459;7;110;57;W  57 ST;10019;110 W  57 ST;True;False;False;False;False;0.758866925;75.8866925
Manhattan;Hell's Kitchen;1024979;2;614;9;9 AVE;10036;614 9 AVE;True;True;True;False;False;0.792494718;79.24947179
Manhattan;Chelsea-Hudson Yards;1014758;12;136;21;W  21 ST;10011;136 W  21 ST;True;False;False;False;True;0.70852306;70.85230602
Manhattan;Midtown South-Flatiron-Union Square;1015880;7;36;35;W  35 ST;10001;36 W  35 ST;True;True;True;False;False;0.60859662;60.85966201
Manhattan;Hell's Kitchen;1025073;4;360;47;W  47 ST;10036;360 W  47 ST;True;False;False;False;True;0.726844044;72.68440441
Manhattan;Chelsea-Hudson Yards;1013818;5;226;17;W  17 ST;10011;226 W  17 ST;True;True;False;False;False;0.25460038;25.46003801
Manhattan;Upper West Side-Lincoln Square;1029895;5;;;;;;True;False;False;False;True;0.486501413;48.65014132
Manhattan;Midtown-Times Square;1017235;4;33;38;E  38 ST;10016;33 E  38 ST;True;True;True;False;False;0.11195595;11.19559496
Manhattan;Upper West Side-Lincoln Square;1028493;4;;;;;;True;True;True;False;False;0.146737281;14.6737281
Manhattan;Upper West Side (Central);1031199;4;62;83;W  83 ST;10024;62 W  83 ST;True;True;True;False;False;0.09877002;9.877002035
Manhattan;Upper West Side (Central);1031010;16;304;75;W  75 ST;10023;304 W  75 ST;True;True;False;False;False;0.704961933;70.49619333
Manhattan;Upper West Side (Central);1031684;3;18;95;W  95 ST;10025;18 W  95 ST;True;True;False;False;False;0.102471477;10.2471477
Manhattan;Upper West Side-Lincoln Square;1028513;4;22;70;W  70 ST;10023;22 W  70 ST;True;True;False;False;False;0.107574191;10.75741909
Manhattan;Midtown-Times Square;1023384;9;140;55;W  55 ST;10019;140 W  55 ST;True;False;True;False;True;0.798809815;79.88098149
Manhattan;Chelsea-Hudson Yards;1014753;14;;;;;;True;False;False;False;True;0.729462033;72.9462033
Manhattan;Hell's Kitchen;1026946;5;528;46;W  46 ST;10036;528 W  46 ST;True;False;False;False;True;0.225690268;22.56902683
Manhattan;Upper West Side-Lincoln Square;1029958;4;;;;;;True;True;False;False;False;0.088337339;8.833733918
Manhattan;Gramercy;1020526;4;;;;;;True;False;False;False;True;0.691759501;69.17595011
Manhattan;Chelsea-Hudson Yards;1012507;3;523;37;W  37 ST;10018;523 W  37 ST;True;False;True;True;False;0.808117821;80.81178209
Manhattan;Midtown-Times Square;1024660;8;214;42;W  42 ST;10036;214 W  42 ST;True;False;True;False;False;0.724283515;72.42835147
Manhattan;Midtown-Times Square;1023449;13;161;56;W  56 ST;10019;161 W  56 ST;True;False;True;False;True;0.669220158;66.92201585
Manhattan;Gramercy;1019537;3;209;16;E  16 ST;10003;209 E  16 ST;True;False;True;False;False;0.142742194;14.27421943
Manhattan;Upper West Side-Lincoln Square;1028525;4;56;70;W  70 ST;10023;56 W  70 ST;True;True;False;False;False;0.158019521;15.80195209
Manhattan;Upper West Side (Central);1030186;4;166;77;W  77 ST;10024;166 W  77 ST;True;True;True;False;False;0.160731579;16.07315792
Manhattan;Hell's Kitchen;1026853;5;428;56;W  56 ST;10019;428 W  56 ST;True;True;False;True;False;0.195517165;19.55171653
Manhattan;Chelsea-Hudson Yards;1012619;4;;;;;;True;True;True;False;False;0.095026144;9.502614444
Manhattan;Gramercy;1017821;12;109;16;E  16 ST;10003;109 E  16 ST;True;False;False;False;True;0.797165218;79.71652176
Manhattan;Upper West Side-Lincoln Square;1028471;5;42;69;W  69 ST;10023;42 W  69 ST;True;True;True;True;False;0.184734045;18.47340454
Manhattan;Upper West Side (Central);1030880;5;245;77;W  77 ST;10024;245 W  77 ST;True;True;False;False;False;0.29891654;29.89165401
Manhattan;Upper West Side-Lincoln Square;1028610;6;;;;;;True;False;True;False;True;0.487265119;48.72651188
Manhattan;Gramercy;1020409;7;;;;;;True;False;True;False;True;0.52301842;52.30184202
Manhattan;Hell's Kitchen;1027043;3;552;50;W  50 ST;10019;552 W  50 ST;True;False;False;True;True;0.399353542;39.93535422
Manhattan;Midtown South-Flatiron-Union Square;1016198;3;5;20;E  20 ST;10003;5 E  20 ST;True;False;False;False;True;0.635270429;63.52704295
Manhattan;Midtown-Times Square;1024870;3;938;8;8 AVE;10019;938 8 AVE;True;False;False;False;True;0.764166396;76.41663962
Manhattan;Midtown South-Flatiron-Union Square;1016970;12;32;31;E  31 ST;10016;32 E  31 ST;True;False;False;False;True;0.865084558;86.50845582
Manhattan;Chelsea-Hudson Yards;1012791;3;447;24;W  24 ST;10011;447 W  24 ST;True;True;False;False;False;0.054402218;5.440221835
Manhattan;Midtown-Times Square;1015904;12;28;36;W  36 ST;10018;28 W  36 ST;True;False;False;False;True;0.872002368;87.20023683
Manhattan;Gramercy;1019547;4;;;;;;True;False;True;False;True;0.135085468;13.50854681
Manhattan;Upper West Side (Central);1030875;5;245;76;W  76 ST;10023;245 W  76 ST;True;True;True;False;False;0.102707649;10.2707649
Manhattan;Midtown South-Flatiron-Union Square;1015172;4;140;31;W  31 ST;10001;140 W  31 ST;True;False;False;False;True;0.892920845;89.29208445
Manhattan;Midtown South-Flatiron-Union Square;1015668;4;52;27;W  27 ST;10001;52 W  27 ST;True;False;False;False;True;0.696944177;69.69441767
Manhattan;Upper West Side (Central);1028816;14.5;170;CENTRAL;CENTRAL PARK W;10024;170 CENTRAL PARK W;True;True;False;False;False;0.527543468;52.75434675
Manhattan;Midtown-Times Square;1015225;13;131;35;W  35 ST;10001;131 W  35 ST;True;False;False;False;True;0.879154115;87.91541147
Manhattan;Chelsea-Hudson Yards;1013350;3;337;22;W  22 ST;10011;337 W  22 ST;True;True;True;False;False;0.082661843;8.266184332
Manhattan;Upper West Side (Central);1031027;3.75;331;END;W  END AVE;10023;331 W  END AVE;True;True;False;False;False;0.088285886;8.828588615
Manhattan;Midtown-Times Square;1016056;6;36;40;W  40 ST;10018;36 W  40 ST;True;False;True;False;True;0.621759076;62.17590757
Manhattan;Midtown-Times Square;1017231;27;21;38;E  38 ST;10016;21 E  38 ST;True;False;False;False;True;0.766921697;76.69216969
Manhattan;Upper West Side-Lincoln Square;1030966;14;255;END;W  END AVE;10023;255 W  END AVE;True;False;False;False;True;0.676060994;67.60609938
Manhattan;Chelsea-Hudson Yards;1012790;3;449;24;W  24 ST;10011;449 W  24 ST;True;True;True;False;False;0.10151461;10.15146096
Manhattan;Chelsea-Hudson Yards;1015015;4;763;OF THE AMERICAS;AVE OF THE AMERICAS;10010;763 AVE OF THE AMERICAS;True;False;False;False;True;0.671404776;67.14047762
Manhattan;Gramercy;1018003;6;152;22;E  22 ST;10010;152 E  22 ST;True;True;True;False;False;0.756492194;75.64921943
Manhattan;Midtown-Times Square;1023725;14;124;58;W  58 ST;10019;124 W  58 ST;True;False;True;False;True;0.852706906;85.27069058
Manhattan;Hell's Kitchen;1026570;4;691;9;9 AVE;10036;691 9 AVE;True;False;False;False;True;0.742763607;74.27636072
Manhattan;Midtown-Times Square;1015900;9;386;5;5 AVE;10018;386 5 AVE;True;True;False;False;False;0.772282377;77.22823775
Manhattan;Midtown South-Flatiron-Union Square;1015750;6;838;OF THE AMERICAS;AVE OF THE AMERICAS;10001;838 AVE OF THE AMERICAS;True;False;False;False;True;0.886901966;88.69019658
Manhattan;Chelsea-Hudson Yards;1012682;4;;;;;;True;True;True;False;False;0.08765302;8.76530205
Manhattan;Hell's Kitchen;1025061;5;;;;;;True;True;True;False;False;0.138506425;13.85064247
Manhattan;Chelsea-Hudson Yards;1013045;2;;;;;;True;False;True;False;True;0.750464429;75.04644285
Manhattan;Upper West Side-Lincoln Square;1028230;16;1;66;W  66 ST;10023;1 W  66 ST;True;True;False;False;False;0.629889065;62.98890647
Manhattan;Chelsea-Hudson Yards;1013239;4;356;20;W  20 ST;10011;356 W  20 ST;True;True;True;False;False;0.163667703;16.36677027
Manhattan;Midtown-Times Square;1015231;16;142;36;W  36 ST;10018;142 W  36 ST;True;False;False;False;True;0.866887669;86.68876689
Manhattan;Chelsea-Hudson Yards;1013498;7;320;30;W  30 ST;10001;320 W  30 ST;True;False;False;False;True;0.695670603;69.56706026
Manhattan;Upper West Side-Lincoln Square;1028587;4;61;70;W  70 ST;10023;61 W  70 ST;True;True;True;True;False;0.148777285;14.87772852
Manhattan;Gramercy;1020454;3;316;18;E  18 ST;10003;316 E  18 ST;True;True;True;False;False;0.141288391;14.12883914
Manhattan;Upper West Side-Lincoln Square;1028638;4;28;73;W  73 ST;10023;28 W  73 ST;True;True;True;False;False;0.15865177;15.86517697
Manhattan;Upper West Side-Lincoln Square;1028517;4;38;70;W  70 ST;10023;38 W  70 ST;True;True;True;False;False;0.585465081;58.54650811
Manhattan;Midtown South-Flatiron-Union Square;1016926;4;;;;;;True;False;True;False;False;0.202059068;20.20590678
Manhattan;Upper West Side (Central);1030083;4;128;75;W  75 ST;10023;128 W  75 ST;True;False;False;True;True;0.157673234;15.76732339
Manhattan;Upper West Side (Central);1031499;4;51;88;W  88 ST;10024;51 W  88 ST;True;True;False;True;True;0.088761156;8.87611562
Manhattan;Chelsea-Hudson Yards;1013482;4;309;29;W  29 ST;10001;309 W  29 ST;True;False;True;False;False;0.185188537;18.51885372
Manhattan;Hell's Kitchen;1026686;5;747;9;9 AVE;10019;747 9 AVE;True;False;False;False;True;0.606601965;60.66019647
Manhattan;Midtown-Times Square;1016038;5;45;39;W  39 ST;10018;45 W  39 ST;True;False;False;False;True;0.722761193;72.2761193
Manhattan;Hell's Kitchen;1025245;3;322;53;W  53 ST;10019;322 W  53 ST;True;True;True;False;False;0.133617776;13.36177755
Manhattan;Hell's Kitchen;1026731;5;438;52;W  52 ST;10019;438 W  52 ST;True;True;False;False;False;0.152660788;15.26607884
Manhattan;Chelsea-Hudson Yards;1013462;8;360;28;W  28 ST;10001;360 W  28 ST;True;True;True;False;False;0.680362875;68.03628746
Manhattan;Hell's Kitchen;1024938;7;350;43;W  43 ST;10036;350 W  43 ST;True;False;False;False;True;0.868275145;86.8275145
Manhattan;Upper West Side (Central);1030243;3;143;78;W  78 ST;10024;143 W  78 ST;True;True;True;False;False;0.145017534;14.50175338
Manhattan;Upper West Side (Central);1030138;4;102;76;W  76 ST;10023;102 W  76 ST;True;True;True;False;False;0.155754751;15.5754751
Manhattan;Chelsea-Hudson Yards;1012615;4;459;21;W  21 ST;10011;459 W  21 ST;True;True;True;False;False;0.107281106;10.7281106
Manhattan;Upper West Side-Lincoln Square;1030329;6;211;61;W  61 ST;10023;211 W  61 ST;True;False;False;False;True;0.371039948;37.10399479
Manhattan;Chelsea-Hudson Yards;1013372;5;356;23;W  23 ST;10011;356 W  23 ST;True;False;True;False;False;0.176703326;17.67033258
Manhattan;Midtown South-Flatiron-Union Square;1015740;10;1201;BROADWAY;BROADWAY;10001;1201 BROADWAY;True;False;False;False;False;0.836554023;83.65540234
Manhattan;Upper West Side (Central);1031476;4;38;88;W  88 ST;10024;38 W  88 ST;True;True;False;False;False;0.380207278;38.02072781
Manhattan;Gramercy;1020420;4;353;15;E  15 ST;10003;353 E  15 ST;True;False;False;False;True;0.760223917;76.02239167
Manhattan;Upper West Side-Lincoln Square;1028939;5;101;68;W  68 ST;10023;101 W  68 ST;True;False;False;False;False;0.538165416;53.81654162
Manhattan;Chelsea-Hudson Yards;1012590;5;;;;;;True;True;False;False;False;0.695105389;69.51053889
Manhattan;Hell's Kitchen;1025112;5;344;48;W  48 ST;10036;344 W  48 ST;True;True;True;False;False;0.171792053;17.17920527
Manhattan;Midtown South-Flatiron-Union Square;1015057;1.75;168;27;W  27 ST;10001;168 W  27 ST;True;False;False;False;True;0.759019628;75.90196277
Manhattan;Upper West Side (Central);1031776;4;130;80;W  80 ST;10024;130 W  80 ST;True;True;True;False;False;0.108995356;10.89953556
Manhattan;Hell's Kitchen;1025243;6;;;;;;True;True;False;False;False;0.667244829;66.72448294
Manhattan;Midtown South-Flatiron-Union Square;1015862;102;1;33;W  33 ST;10118;1 W  33 ST;True;False;False;False;True;0.99997303;99.99730302
Manhattan;Upper West Side-Lincoln Square;1029759;4;103;70;W  70 ST;10023;103 W  70 ST;True;True;False;False;False;0.509676012;50.96760119
Manhattan;Chelsea-Hudson Yards;1013114;4;312;19;W  19 ST;10011;312 W  19 ST;True;True;True;False;False;0.099417121;9.941712126
Manhattan;Midtown-Times Square;1022664;4;149;46;W  46 ST;10036;149 W  46 ST;True;False;False;False;True;0.756464079;75.64640788
Manhattan;Upper West Side-Lincoln Square;1028135;5;15;64;W  64 ST;10023;15 W  64 ST;True;True;True;False;False;0.187314663;18.73146629
Manhattan;Chelsea-Hudson Yards;1014044;5;222;21;W  21 ST;10011;222 W  21 ST;True;True;True;False;False;0.17091238;17.09123804
Manhattan;Gramercy;1018034;12;115;23;E  23 ST;10010;115 E  23 ST;True;False;False;False;True;0.878528297;87.85282968
Manhattan;Chelsea-Hudson Yards;1015001;12;159;25;W  25 ST;10001;159 W  25 ST;True;False;False;False;False;0.836555752;83.65557517
Manhattan;Midtown South-Flatiron-Union Square;1015194;3;429;7;7 AVE;10001;429 7 AVE;True;False;False;False;False;0.833290433;83.32904333
Manhattan;Midtown-Times Square;1022620;10;142;44;W  44 ST;10036;142 W  44 ST;True;False;False;False;True;0.699839534;69.98395344
Manhattan;Midtown-Times Square;1024899;26;1767;BROADWAY;BROADWAY;10019;1767 BROADWAY;True;False;False;False;True;0.736971991;73.69719907
Manhattan;Midtown South-Flatiron-Union Square;1016082;7;;;;;;True;False;False;False;True;0.635906951;63.59069512
Manhattan;Midtown South-Flatiron-Union Square;1015571;5;;;;;;False;False;False;False;False;0.745782336;74.57823361
Manhattan;Midtown South-Flatiron-Union Square;1016166;4;;;;;;True;False;False;False;True;0.602674986;60.26749857
Manhattan;Upper West Side-Lincoln Square;1030426;5;226;72;W  72 ST;10023;226 W  72 ST;True;False;False;False;True;0.574985621;57.49856213
Manhattan;Midtown-Times Square;1022562;6;1435;BROADWAY;BROADWAY;10018;1435 BROADWAY;False;False;False;False;False;0.855298765;85.52987646
Manhattan;Gramercy;1017849;5;133;17;E  17 ST;10003;133 E  17 ST;True;False;True;False;True;0.540895913;54.08959126
Manhattan;Midtown South-Flatiron-Union Square;1015384;4;25;16;W  16 ST;10011;25 W  16 ST;True;True;True;True;False;0.214460632;21.44606325
Manhattan;Hell's Kitchen;1027005;1;;;;;;True;True;False;False;False;0.680511019;68.05110187
Manhattan;Hell's Kitchen;1025041;5;670;9;9 AVE;10036;670 9 AVE;True;False;False;False;True;0.647741049;64.77410489
Manhattan;Midtown South-Flatiron-Union Square;1015196;1;139;33;W  33 ST;10001;139 W  33 ST;True;True;False;False;False;0.770812154;77.08121542
Manhattan;Midtown South-Flatiron-Union Square;1015032;10;291;7;7 AVE;10001;291 7 AVE;True;False;False;False;True;0.848457379;84.8457379
Manhattan;Midtown South-Flatiron-Union Square;1015218;3;431;7;7 AVE;10001;431 7 AVE;True;True;False;False;False;0.773432882;77.34328824
Manhattan;Chelsea-Hudson Yards;1013501;5;346;30;W  30 ST;10001;346 W  30 ST;True;True;True;False;False;0.220685799;22.06857992
Manhattan;Midtown South-Flatiron-Union Square;1016885;5;1;27;E  27 ST;10016;1 E  27 ST;True;True;False;False;False;0.830906203;83.09062034
Manhattan;Chelsea-Hudson Yards;1013207;3;343;19;W  19 ST;10011;343 W  19 ST;True;True;False;False;False;0.186142541;18.61425405
Manhattan;Chelsea-Hudson Yards;1013796;3;251;16;W  16 ST;10011;251 W  16 ST;True;False;False;False;True;0.147385903;14.73859031
Manhattan;Upper West Side-Lincoln Square;1029639;3;127;69;W  69 ST;10023;127 W  69 ST;True;True;True;False;False;0.119776129;11.97761293
Manhattan;Midtown-Times Square;1022708;23;140;51;W  51 ST;10020;140 W  51 ST;True;False;False;False;True;0.811229968;81.12299678
Manhattan;Midtown South-Flatiron-Union Square;1015206;4;134;34;W  34 ST;10001;134 W  34 ST;True;False;False;False;True;0.767296023;76.72960227
Manhattan;Midtown-Times Square;1015247;12;134;37;W  37 ST;10018;134 W  37 ST;True;False;False;False;True;0.825669309;82.56693092
Manhattan;Chelsea-Hudson Yards;1014126;6;210;7;7 AVE;10011;210 7 AVE;True;False;False;False;True;0.632692753;63.26927533
Manhattan;Midtown-Times Square;1024869;5;;;;;;True;False;False;False;True;0.566992466;56.69924664
Manhattan;Gramercy;1019648;8;210;22;E  22 ST;10010;210 E  22 ST;True;False;False;False;True;0.703614924;70.36149241
Manhattan;Midtown South-Flatiron-Union Square;1015783;5;;;;;;True;False;False;False;True;0.808831393;80.88313926
Manhattan;Hell's Kitchen;1027015;5;517;48;W  48 ST;10036;517 W  48 ST;True;True;True;True;False;0.159362634;15.93626341
Manhattan;Gramercy;1020556;3;367;1;1 AVE;10010;367 1 AVE;True;False;False;False;True;0.773949401;77.39494008
Manhattan;Upper West Side (Central);1031083;4;;;;;;True;True;True;False;False;0.093649656;9.364965584
Manhattan;Chelsea-Hudson Yards;1014547;7;;;;;;True;False;False;True;True;0.765923899;76.59238986
Manhattan;Midtown South-Flatiron-Union Square;1015781;15;11;30;W  30 ST;10001;11 W  30 ST;True;False;False;False;True;0.879911511;87.99115113
Manhattan;Midtown-Times Square;1022634;12;145;45;W  45 ST;10036;145 W  45 ST;True;True;False;False;False;0.815383407;81.53834071
Manhattan;Chelsea-Hudson Yards;1012610;3;;;;;;True;True;True;False;False;0.065779525;6.577952508
Manhattan;Upper West Side (Central);1030911;4;208;79;W  79 ST;10024;208 W  79 ST;True;True;False;False;False;0.521633378;52.16333784
Manhattan;Hell's Kitchen;1026860;5;445;56;W  56 ST;10019;445 W  56 ST;True;True;True;False;False;0.172913788;17.29137882
Manhattan;Upper West Side (Central);1028719;4;16;75;W  75 ST;10023;16 W  75 ST;True;False;True;False;True;0.153416981;15.34169813
Manhattan;Chelsea-Hudson Yards;1013554;14;355;33;W  33 ST;10001;355 W  33 ST;True;False;False;False;True;0.827580218;82.75802179
Manhattan;Midtown South-Flatiron-Union Square;1015569;5;16;23;W  23 ST;10010;16 W  23 ST;True;False;False;False;True;0.798373512;79.83735117
Manhattan;Gramercy;1019551;32;201;17;E  17 ST;10003;201 E  17 ST;True;False;True;True;True;0.900924674;90.09246744
Manhattan;Midtown South-Flatiron-Union Square;1015416;11;15;17;W  17 ST;10011;15 W  17 ST;True;True;True;False;False;0.801578149;80.15781492
Manhattan;Gramercy;1020546;6;319;21;E  21 ST;10010;319 E  21 ST;True;False;False;False;True;0.690866887;69.08668865
Manhattan;Chelsea-Hudson Yards;1014578;3;;;;;;True;False;False;False;True;0.663100127;66.31001268
Manhattan;Gramercy;1020447;2;330;18;E  18 ST;10003;330 E  18 ST;True;True;True;False;False;0.090488268;9.048826773
Manhattan;Midtown-Times Square;1023394;18;101;55;W  55 ST;10019;101 W  55 ST;True;False;False;False;True;0.798101598;79.81015983
Manhattan;Midtown-Times Square;1016040;12;37;39;W  39 ST;10018;37 W  39 ST;True;False;False;False;True;0.85111218;85.11121798
Manhattan;Midtown South-Flatiron-Union Square;1015533;5;5;21;W  21 ST;10010;5 W  21 ST;True;False;False;False;True;0.177493681;17.74936812
Manhattan;Midtown South-Flatiron-Union Square;1014252;6;300;7;7 AVE;10001;300 7 AVE;True;False;False;False;False;0.643024162;64.30241623
Manhattan;Midtown-Times Square;1014505;15;202;40;W  40 ST;10018;202 W  40 ST;True;False;False;False;True;0.879040441;87.90404407
Manhattan;Upper West Side-Lincoln Square;1028663;4;17;73;W  73 ST;10023;17 W  73 ST;True;True;False;False;False;0.139165468;13.91654682
Manhattan;Midtown South-Flatiron-Union Square;1016746;4;346;PARK;PARK AVE S;10010;346 PARK AVE S;True;False;False;False;True;0.680287131;68.0287131
Manhattan;Gramercy;1020464;4;316;2;2 AVE;10003;316 2 AVE;True;True;False;False;False;0.20828349;20.82834901
Manhattan;Hell's Kitchen;1026791;4;;;;;;True;False;False;True;True;0.490121621;49.01216208
Manhattan;Hell's Kitchen;1027074;10;518;58;W  58 ST;10019;518 W  58 ST;True;False;True;False;False;0.604395887;60.4395887
Manhattan;Midtown South-Flatiron-Union Square;1017016;3;29;32;E  32 ST;10016;29 E  32 ST;True;True;False;False;False;0.721721552;72.17215523
Manhattan;Upper West Side-Lincoln Square;1028139;6;10;65;W  65 ST;10023;10 W  65 ST;True;False;False;True;False;0.469684152;46.96841523
Manhattan;Upper West Side (Central);1031348;4;;;;;;True;True;False;False;False;0.131612771;13.16127707
Manhattan;Hell's Kitchen;1026357;5;423;43;W  43 ST;10036;423 W  43 ST;True;True;True;False;False;0.092726317;9.272631658
Manhattan;Midtown South-Flatiron-Union Square;1016933;2;47;29;E  29 ST;10016;47 E  29 ST;True;False;False;False;True;0.745448071;74.54480708
Manhattan;Chelsea-Hudson Yards;1014065;3;253;21;W  21 ST;10011;253 W  21 ST;True;True;True;False;False;0.075273659;7.527365904
Manhattan;Upper West Side (Central);1028790;4;45;75;W  75 ST;10023;45 W  75 ST;True;True;True;False;False;0.100094022;10.00940223
Manhattan;Gramercy;1020558;4;342;22;E  22 ST;10010;342 E  22 ST;True;False;False;False;True;0.695114364;69.5114364
Manhattan;Chelsea-Hudson Yards;1012356;2;229;10;10 AVE;10011;229 10 AVE;True;False;False;True;True;0.809526729;80.95267289
Manhattan;Midtown-Times Square;1024649;21;200;41;W  41 ST;10036;200 W  41 ST;True;False;False;False;True;0.859465055;85.94650546
Manhattan;Midtown South-Flatiron-Union Square;1015077;5;;;;;;True;False;False;False;True;0.723043317;72.30433173
Manhattan;Midtown-Times Square;1014458;6;221;37;W  37 ST;10018;221 W  37 ST;True;False;False;False;False;0.880057965;88.00579646
Manhattan;Upper West Side (Central);1030263;6;146;79;W  79 ST;10024;146 W  79 ST;True;False;False;False;True;0.448448144;44.84481443
Manhattan;Midtown-Times Square;1022675;4;147;46;W  46 ST;10036;147 W  46 ST;False;False;False;False;False;0.739365675;73.93656753
Manhattan;Chelsea-Hudson Yards;1013270;5;306;21;W  21 ST;10011;306 W  21 ST;True;True;False;False;False;0.220566227;22.05662269
Manhattan;Midtown-Times Square;1022648;5;;;;;;True;False;False;False;True;0.594127772;59.41277717
Manhattan;Midtown-Times Square;1014436;10;;;;;;True;False;False;False;True;0.733208442;73.32084423
Manhattan;Gramercy;1020567;10;310;22;E  22 ST;10010;310 E  22 ST;True;True;False;True;False;0.834975279;83.4975279
Manhattan;Upper West Side (Central);1028709;4;23;74;W  74 ST;10023;23 W  74 ST;True;False;True;False;True;0.222424799;22.24247987
Manhattan;Midtown South-Flatiron-Union Square;1016884;20;241;5;5 AVE;10016;241 5 AVE;True;False;False;False;True;0.944270325;94.42703255
Manhattan;Midtown-Times Square;1024757;25;1578;BROADWAY;BROADWAY;10036;1578 BROADWAY;True;False;False;False;False;0.932485534;93.24855342
Manhattan;Midtown South-Flatiron-Union Square;1016083;8;;;;;;True;False;False;False;True;0.769968251;76.99682513
Manhattan;Chelsea-Hudson Yards;1013524;4;323;30;W  30 ST;10001;323 W  30 ST;True;True;False;False;False;0.239124919;23.91249192
Manhattan;Hell's Kitchen;1026897;5;454;58;W  58 ST;10019;454 W  58 ST;True;True;True;False;False;0.197362976;19.7362976
Manhattan;Upper West Side (Central);1031172;4;27;82;W  82 ST;10024;27 W  82 ST;True;True;True;False;False;0.095584003;9.558400297
Manhattan;Midtown South-Flatiron-Union Square;1016931;5;37;29;E  29 ST;10016;37 E  29 ST;True;False;False;False;True;0.730702705;73.07027046
Manhattan;Chelsea-Hudson Yards;1013737;3;;;;;;True;True;True;False;False;0.194539742;19.45397423
Manhattan;Hell's Kitchen;1026591;4;431;48;W  48 ST;10036;431 W  48 ST;True;True;True;False;False;0.187173385;18.71733855
Manhattan;Gramercy;1020422;5;;;;;;True;False;False;False;True;0.607880694;60.78806939
Manhattan;Upper West Side (Central);1031246;5;489;COLUMBUS;COLUMBUS AVE;10024;489 COLUMBUS AVE;False;False;False;False;False;0.566871744;56.68717444
Manhattan;Midtown-Times Square;1022611;6;147;43;W  43 ST;10036;147 W  43 ST;True;False;False;False;True;0.740942542;74.09425417
Manhattan;Hell's Kitchen;1026421;6;406;45;W  45 ST;10036;406 W  45 ST;True;False;False;False;True;0.814707456;81.47074561
Manhattan;Chelsea-Hudson Yards;1015021;12;122;26;W  26 ST;10001;122 W  26 ST;True;False;False;False;True;0.890369657;89.03696569
Manhattan;Upper West Side (Central);1031049;4;325;76;W  76 ST;10023;325 W  76 ST;True;True;True;False;False;0.074571279;7.457127912
Manhattan;Upper West Side (Central);1031697;3.5;41;94;W  94 ST;10025;41 W  94 ST;True;True;True;False;False;0.12857091;12.85709098
Manhattan;Chelsea-Hudson Yards;1013596;18;306;37;W  37 ST;10018;306 W  37 ST;True;False;False;False;True;0.875839019;87.58390187
Manhattan;Upper West Side (Central);1031585;3;;;;;;True;True;True;True;False;0.072003263;7.200326303
Manhattan;Gramercy;1019558;4;219;17;E  17 ST;10003;219 E  17 ST;True;True;True;False;False;0.057420538;5.74205384
Manhattan;Upper West Side-Lincoln Square;1028544;4;57;70;W  70 ST;10023;57 W  70 ST;True;True;True;False;False;0.150934657;15.09346573
Manhattan;Upper West Side (Central);1031745;3;27;95;W  95 ST;10025;27 W  95 ST;True;True;True;False;False;0.063437162;6.34371617
Manhattan;Midtown South-Flatiron-Union Square;1016223;8;;;;;;True;False;False;True;True;0.774096873;77.40968733
Manhattan;Midtown-Times Square;1014430;12;202;36;W  36 ST;10018;202 W  36 ST;True;False;False;False;True;0.890823006;89.08230058
Manhattan;Chelsea-Hudson Yards;1013251;3;347;20;W  20 ST;10011;347 W  20 ST;True;True;True;False;False;0.058458649;5.845864869
Manhattan;Upper West Side-Lincoln Square;1030539;5;280;END;W  END AVE;10023;280 W  END AVE;True;True;False;False;False;0.124550107;12.45501067
Manhattan;Upper West Side (Central);1031526;4;48;89;W  89 ST;10024;48 W  89 ST;True;True;False;True;True;0.097988713;9.798871332
Manhattan;Chelsea-Hudson Yards;1013499;13;329;29;W  29 ST;10001;329 W  29 ST;True;False;True;False;True;0.665270792;66.52707917
Manhattan;Hell's Kitchen;1025244;6;312;53;W  53 ST;10019;312 W  53 ST;True;False;False;False;True;0.788263576;78.82635763
Manhattan;Upper West Side-Lincoln Square;1028438;5;75;68;W  68 ST;10023;75 W  68 ST;True;False;False;False;True;0.385232513;38.5232513
Manhattan;Chelsea-Hudson Yards;1012576;7;401;19;W  19 ST;10011;401 W  19 ST;True;False;True;False;True;0.591255753;59.12557527
Manhattan;Chelsea-Hudson Yards;1013854;23;210;18;W  18 ST;10011;210 W  18 ST;True;False;True;False;True;0.867277474;86.72774735
Manhattan;Midtown-Times Square;1024814;2;251;50;W  50 ST;10019;251 W  50 ST;True;False;False;False;True;0.773916266;77.3916266
Manhattan;Upper West Side-Lincoln Square;1030930;16;315;70;W  70 ST;10023;315 W  70 ST;True;False;False;False;True;0.716794145;71.67941447
Manhattan;Midtown South-Flatiron-Union Square;1015729;23;1;28;W  28 ST;10001;1 W  28 ST;True;False;False;False;True;0.919174377;91.9174377
Manhattan;Upper West Side-Lincoln Square;1030926;6;345;70;W  70 ST;10023;345 W  70 ST;True;False;True;True;False;0.526485655;52.64856555
Manhattan;Upper West Side (Central);1031306;11;15;84;W  84 ST;10024;15 W  84 ST;True;False;False;False;True;0.623462597;62.34625967
Manhattan;Hell's Kitchen;1026689;5;753;9;9 AVE;10019;753 9 AVE;True;False;False;False;True;0.636754506;63.67545064
Manhattan;Midtown-Times Square;1014416;16;248;35;W  35 ST;10001;248 W  35 ST;True;False;False;False;True;0.873909631;87.39096315
Manhattan;Midtown-Times Square;1015281;22;116;40;W  40 ST;10018;116 W  40 ST;True;False;True;False;False;0.761805423;76.1805423
Manhattan;Upper West Side (Central);1030062;9;123;74;W  74 ST;10023;123 W  74 ST;True;False;False;False;True;0.654512841;65.4512841
Manhattan;Midtown South-Flatiron-Union Square;1015191;23;120;33;W  33 ST;10001;120 W  33 ST;False;False;False;False;False;0.81838631;81.83863102
Manhattan;Upper West Side (Central);1030145;5;;;;;;True;True;True;False;False;0.101650299;10.16502992
Manhattan;Midtown-Times Square;1024663;25;220;42;W  42 ST;10036;220 W  42 ST;True;False;False;True;False;0.71951693;71.95169304
Manhattan;Gramercy;1018079;20;330;3;3 AVE;10010;330 3 AVE;True;False;False;True;True;0.821685291;82.16852912
Manhattan;Midtown South-Flatiron-Union Square;1016142;5;12;18;E  18 ST;10003;12 E  18 ST;True;False;False;False;True;0.702624972;70.26249724
Manhattan;Chelsea-Hudson Yards;1013048;5;335;16;W  16 ST;10011;335 W  16 ST;True;False;False;False;True;0.574080752;57.40807523
Manhattan;Hell's Kitchen;1025161;5;344;49;W  49 ST;10019;344 W  49 ST;True;True;True;False;False;0.606949513;60.69495129
Manhattan;Upper West Side (Central);1031392;4;53;85;W  85 ST;10024;53 W  85 ST;True;True;False;False;False;0.092771707;9.277170703
Manhattan;Chelsea-Hudson Yards;1013255;5;339;20;W  20 ST;10011;339 W  20 ST;True;True;True;False;False;0.154941022;15.4941022
Manhattan;Midtown South-Flatiron-Union Square;1015555;3;64;22;W  22 ST;10010;64 W  22 ST;True;False;False;False;True;0.720762825;72.07628248
Manhattan;Chelsea-Hudson Yards;1013065;6;;;;;;True;True;True;False;False;0.144640936;14.46409364
Manhattan;Chelsea-Hudson Yards;1013074;5;313;17;W  17 ST;10011;313 W  17 ST;True;False;True;False;True;0.155392417;15.53924172
Manhattan;Midtown-Times Square;1014441;12;229;36;W  36 ST;10018;229 W  36 ST;True;False;False;False;True;0.686694704;68.66947045
Manhattan;Upper West Side (Central);1031723;4;5;95;W  95 ST;10025;5 W  95 ST;True;False;False;False;True;0.135196063;13.51960633
Manhattan;Hell's Kitchen;1026994;5;;;;;;False;False;False;False;False;0.559536651;55.95366507
Manhattan;Chelsea-Hudson Yards;1012706;6;440;23;W  23 ST;10011;440 W  23 ST;True;True;True;False;False;0.128591421;12.85914214
Manhattan;Upper West Side-Lincoln Square;1030422;21;214;72;W  72 ST;10023;214 W  72 ST;True;False;False;False;True;0.930975819;93.09758189
Manhattan;Chelsea-Hudson Yards;1012393;2;289;10;10 AVE;10001;289 10 AVE;True;False;False;False;True;0.849868774;84.98687736
Manhattan;Upper West Side-Lincoln Square;1027461;27;1;HARKNESS;HARKNESS PLZ;10023;1 HARKNESS PLZ;True;False;False;False;True;0.935496301;93.54963006
Manhattan;Hell's Kitchen;1025028;5;368;46;W  46 ST;10036;368 W  46 ST;True;True;True;False;False;0.629390179;62.93901786
Manhattan;Gramercy;1019573;4;220;18;E  18 ST;10003;220 E  18 ST;True;True;True;False;False;0.120406546;12.04065458
Manhattan;Hell's Kitchen;1026941;5;641;10;10 AVE;10036;641 10 AVE;True;False;False;False;True;0.212873321;21.28733212
Manhattan;Gramercy;1020396;5;321;14;E  14 ST;10003;321 E  14 ST;True;True;True;False;False;0.641336815;64.13368152
Manhattan;Upper West Side-Lincoln Square;1030551;4;248;74;W  74 ST;10023;248 W  74 ST;True;True;True;False;False;0.111026889;11.10268892
Manhattan;Upper West Side-Lincoln Square;1028855;5;146;68;W  68 ST;10023;146 W  68 ST;True;True;False;True;True;0.441341038;44.13410375
Manhattan;Hell's Kitchen;1027147;4;600;52;W  52 ST;10019;600 W  52 ST;True;True;False;False;False;0.298261857;29.82618575
Manhattan;Midtown-Times Square;1024737;18;235;46;W  46 ST;10036;235 W  46 ST;True;False;False;False;True;0.832426065;83.24260655
Manhattan;Chelsea-Hudson Yards;1014094;5;258;22;W  22 ST;10011;258 W  22 ST;True;True;False;False;False;0.56787424;56.78742399
Manhattan;Midtown South-Flatiron-Union Square;1015056;4;166;27;W  27 ST;10001;166 W  27 ST;True;True;False;False;False;0.747935008;74.79350078
Manhattan;Midtown South-Flatiron-Union Square;1015639;7;25;26;W  26 ST;10010;25 W  26 ST;True;True;False;False;False;0.815575747;81.5575747
Manhattan;Gramercy;1020506;3;316;19;E  19 ST;10003;316 E  19 ST;True;True;True;False;False;0.220837295;22.0837295
Manhattan;Chelsea-Hudson Yards;1012434;4;;;;;;True;True;True;False;False;0.291475541;29.14755413
Manhattan;Upper West Side-Lincoln Square;1030010;4;155;73;W  73 ST;10023;155 W  73 ST;True;True;True;False;False;0.140242815;14.02428148
Manhattan;Chelsea-Hudson Yards;1014097;5;264;22;W  22 ST;10011;264 W  22 ST;True;True;True;False;False;0.182467132;18.24671324
Manhattan;Upper West Side (Central);1031300;4;35;84;W  84 ST;10024;35 W  84 ST;True;True;True;False;False;0.095984669;9.598466895
Manhattan;Gramercy;1020418;10;1;NATHAN D PERLMAN;NATHAN D PERLMAN PL;10003;1 NATHAN D PERLMAN PL;True;False;True;False;False;0.286620516;28.66205164
Manhattan;Chelsea-Hudson Yards;1013823;5;258;17;W  17 ST;10011;258 W  17 ST;True;True;True;False;False;0.216741372;21.6741372
Manhattan;Midtown-Times Square;1024644;14;215;40;W  40 ST;10018;215 W  40 ST;True;False;False;False;True;0.888416193;88.84161926
Manhattan;Upper West Side (Central);1028817;15;6;77;W  77 ST;10024;6 W  77 ST;True;False;False;False;True;0.637984345;63.79843446
Manhattan;Upper West Side-Lincoln Square;1028555;5;31;70;W  70 ST;10023;31 W  70 ST;True;True;True;True;False;0.112713754;11.27137536
Manhattan;Upper West Side (Central);1031706;32;60;96;W  96 ST;10025;60 W  96 ST;True;True;False;True;True;0.951654955;95.16549548
Manhattan;Hell's Kitchen;1025440;6;;;;;;True;True;True;False;False;0.538360767;53.83607668
Manhattan;Chelsea-Hudson Yards;1013509;3;366;30;W  30 ST;10001;366 W  30 ST;True;True;True;False;False;0.706833519;70.68335189
Manhattan;Gramercy;1019588;4;315;2;2 AVE;10003;315 2 AVE;True;True;True;False;False;0.409081115;40.9081115
Manhattan;Hell's Kitchen;1026415;4;625;9;9 AVE;10036;625 9 AVE;True;False;False;True;True;0.698164956;69.81649561
Manhattan;Midtown South-Flatiron-Union Square;1014336;17;259;30;W  30 ST;10001;259 W  30 ST;True;False;False;False;True;0.917417522;91.74175222
Manhattan;Hell's Kitchen;1026975;5;526;47;W  47 ST;10036;526 W  47 ST;True;False;False;False;True;0.635960516;63.59605163
Manhattan;Hell's Kitchen;1026049;5;325;57;W  57 ST;10019;325 W  57 ST;True;False;False;False;True;0.697185517;69.71855174
Manhattan;Upper West Side (Central);1030920;3;219;78;W  78 ST;10024;219 W  78 ST;True;True;True;False;False;0.105961672;10.59616718
Manhattan;Midtown South-Flatiron-Union Square;1015147;7;110;30;W  30 ST;10001;110 W  30 ST;True;False;False;False;True;0.844830713;84.48307126
Manhattan;Hell's Kitchen;1026792;2;415;54;W  54 ST;10019;415 W  54 ST;True;False;False;False;True;0.680386993;68.03869928
Manhattan;Midtown-Times Square;1014512;5;274;40;W  40 ST;10018;274 W  40 ST;True;False;False;False;True;0.58650407;58.65040697
Manhattan;Midtown-Times Square;1022564;22;114;41;W  41 ST;10036;114 W  41 ST;True;False;False;False;False;0.65040683;65.04068296
Manhattan;Midtown South-Flatiron-Union Square;1014267;16;214;29;W  29 ST;10001;214 W  29 ST;True;False;False;False;True;0.85784225;85.78422496
Manhattan;Hell's Kitchen;1026464;5;424;46;W  46 ST;10036;424 W  46 ST;True;True;True;False;False;0.173251164;17.32511638
Manhattan;Chelsea-Hudson Yards;1012874;6;440;36;W  36 ST;10018;440 W  36 ST;True;False;True;False;False;0.213129413;21.31294127
Manhattan;Upper West Side (Central);1031369;5;19;85;W  85 ST;10024;19 W  85 ST;True;True;True;False;False;0.113311894;11.33118942
Manhattan;Upper West Side (Central);1030139;4;104;76;W  76 ST;10023;104 W  76 ST;True;True;True;False;False;0.102317422;10.23174222
Manhattan;Hell's Kitchen;1026566;3;;;;;;True;False;True;False;True;0.237052085;23.70520845
Manhattan;Midtown South-Flatiron-Union Square;1016966;19;444;PARK;PARK AVE S;10016;444 PARK AVE S;True;False;False;False;True;0.946903481;94.69034807
Manhattan;Upper West Side (Central);1030260;14;118;79;W  79 ST;10024;118 W  79 ST;True;False;True;False;True;0.595034886;59.5034886
Manhattan;Midtown South-Flatiron-Union Square;1016109;8;1;17;E  17 ST;10003;1 E  17 ST;True;False;False;False;True;0.676983526;67.69835263
Manhattan;Upper West Side (Central);1031132;5;304;78;W  78 ST;10024;304 W  78 ST;True;False;False;False;True;0.126277743;12.62777429
Manhattan;Chelsea-Hudson Yards;1012347;14;522;24;W  24 ST;10011;522 W  24 ST;True;False;False;False;True;0.857740484;85.77404837
Manhattan;Upper West Side-Lincoln Square;1029757;4;109;70;W  70 ST;10023;109 W  70 ST;True;True;False;False;False;0.095816603;9.581660295
Manhattan;Chelsea-Hudson Yards;1012704;5;436;23;W  23 ST;10011;436 W  23 ST;True;True;True;False;False;0.118156609;11.81566086
Manhattan;Hell's Kitchen;1026589;5;439;48;W  48 ST;10036;439 W  48 ST;True;True;True;False;False;0.201192875;20.11928749
Manhattan;Chelsea-Hudson Yards;1014741;5;156;20;W  20 ST;10011;156 W  20 ST;True;True;False;True;True;0.60657191;60.65719102
Manhattan;Midtown South-Flatiron-Union Square;1015182;25;101;31;W  31 ST;10001;101 W  31 ST;True;False;False;False;True;0.722078001;72.20780008
Manhattan;Gramercy;1019587;6;243;18;E  18 ST;10003;243 E  18 ST;True;True;True;False;False;0.685836612;68.58366121
Manhattan;Midtown-Times Square;1015257;4;1013;OF THE AMERICAS;AVE OF THE AMERICAS;10018;1013 AVE OF THE AMERICAS;True;False;False;False;True;0.735104893;73.51048932
Manhattan;Upper West Side (Central);1031085;5;334;77;W  77 ST;10024;334 W  77 ST;True;True;True;False;False;0.141374056;14.13740565
Manhattan;Chelsea-Hudson Yards;1012818;3;458;25;W  25 ST;10001;458 W  25 ST;True;True;True;True;False;0.080148299;8.014829941
Manhattan;Midtown-Times Square;1024892;5;242;56;W  56 ST;10019;242 W  56 ST;True;True;True;False;False;0.818834151;81.88341506
Manhattan;Hell's Kitchen;1026584;5;449;48;W  48 ST;10036;449 W  48 ST;True;True;True;False;False;0.200162569;20.0162569
Manhattan;Hell's Kitchen;1026758;5;437;53;W  53 ST;10019;437 W  53 ST;True;True;False;False;False;0.634025332;63.40253316
Manhattan;Upper West Side (Central);1031712;3;37;95;W  95 ST;10025;37 W  95 ST;True;True;True;False;False;0.088363574;8.836357388
Manhattan;Upper West Side-Lincoln Square;1029664;4;146;70;W  70 ST;10023;146 W  70 ST;True;True;True;False;False;0.152615611;15.26156112
Manhattan;Midtown-Times Square;1024778;4;740;7;7 AVE;10019;740 7 AVE;False;False;False;False;False;0.746769244;74.67692441
Manhattan;Midtown South-Flatiron-Union Square;1015449;9;7;18;W  18 ST;10011;7 W  18 ST;True;False;False;False;True;0.835015147;83.50151472
Manhattan;Chelsea-Hudson Yards;1012792;3;441;24;W  24 ST;10011;441 W  24 ST;True;True;True;False;False;0.05207098;5.207098028
Manhattan;Upper West Side-Lincoln Square;1029908;5;156;72;W  72 ST;10023;156 W  72 ST;True;False;False;False;True;0.698104449;69.81044492
Manhattan;Midtown-Times Square;1024685;5;209;42;W  42 ST;10036;209 W  42 ST;True;True;False;False;False;0.710384023;71.03840234
Manhattan;Midtown South-Flatiron-Union Square;1015464;5;49;19;W  19 ST;10011;49 W  19 ST;True;False;False;False;True;0.670533828;67.05338277
Manhattan;Midtown-Times Square;1023398;32;110;56;W  56 ST;10019;110 W  56 ST;True;False;False;False;True;0.957907006;95.79070055
Manhattan;Midtown South-Flatiron-Union Square;1015474;4;7;19;W  19 ST;10011;7 W  19 ST;True;True;True;False;False;0.231008003;23.10080029
Manhattan;Midtown South-Flatiron-Union Square;1016212;13;51;20;E  20 ST;10003;51 E  20 ST;True;False;False;False;True;0.796693842;79.66938419
Manhattan;Midtown South-Flatiron-Union Square;1015677;12;45;27;W  27 ST;10001;45 W  27 ST;True;False;False;False;True;0.868637832;86.86378318
Manhattan;Midtown-Times Square;1024715;6.5;236;45;W  45 ST;10036;236 W  45 ST;True;False;False;False;True;0.779002951;77.90029508
Manhattan;Chelsea-Hudson Yards;1014034;4;174;7;7 AVE;10011;174 7 AVE;True;False;False;False;True;0.686495965;68.64959648
Manhattan;Upper West Side (Central);1031175;4;17;82;W  82 ST;10024;17 W  82 ST;True;True;True;False;False;0.08503694;8.503694043
Manhattan;Midtown South-Flatiron-Union Square;1015403;12;40;17;W  17 ST;10011;40 W  17 ST;True;False;False;False;True;0.857298781;85.72987813
Manhattan;Upper West Side (Central);1028747;4;49;75;W  75 ST;10023;49 W  75 ST;True;True;True;False;False;0.155101124;15.51011243
Manhattan;Midtown South-Flatiron-Union Square;1015637;6;31;26;W  26 ST;10010;31 W  26 ST;True;False;False;False;True;0.789712728;78.97127276
Manhattan;Upper West Side-Lincoln Square;1028233;10;40;67;W  67 ST;10023;40 W  67 ST;True;False;True;False;True;0.676620963;67.66209631
Manhattan;Midtown South-Flatiron-Union Square;1015782;12;7;30;W  30 ST;10001;7 W  30 ST;True;False;False;False;True;0.858453212;85.84532125
Manhattan;Midtown-Times Square;1014451;10;248;37;W  37 ST;10018;248 W  37 ST;True;False;False;False;True;0.794729971;79.47299706
Manhattan;Chelsea-Hudson Yards;1013716;5;;;;;;True;True;False;False;False;0.663508956;66.35089559
Manhattan;Chelsea-Hudson Yards;1013774;4;;;;;;True;True;False;False;False;0.107493023;10.74930232
Manhattan;Upper West Side (Central);1031778;4;136;80;W  80 ST;10024;136 W  80 ST;True;True;False;False;False;0.160406065;16.0406065
Manhattan;Upper West Side (Central);1031396;5;541;COLUMBUS;COLUMBUS AVE;10024;541 COLUMBUS AVE;True;False;False;False;True;0.565406039;56.54060386
Manhattan;Midtown South-Flatiron-Union Square;1015730;6;254;5;5 AVE;10001;254 5 AVE;True;False;False;False;True;0.789175419;78.91754194
Manhattan;Chelsea-Hudson Yards;1014185;2;276;25;W  25 ST;10001;276 W  25 ST;True;True;True;False;False;0.753056532;75.30565316
Manhattan;Midtown-Times Square;1024824;4;858;8;8 AVE;10019;858 8 AVE;True;False;False;False;True;0.712944712;71.29447125
Manhattan;Upper West Side-Lincoln Square;1029894;5;130;72;W  72 ST;10023;130 W  72 ST;True;False;False;False;True;0.639690002;63.96900017
Manhattan;Gramercy;1019782;18;200;24;E  24 ST;10010;200 E  24 ST;True;False;False;False;True;0.805349121;80.5349121
Manhattan;Upper West Side-Lincoln Square;1027470;5;14;64;W  64 ST;10023;14 W  64 ST;True;True;True;False;False;0.506990495;50.69904952
Manhattan;Midtown South-Flatiron-Union Square;1015770;5;22;30;W  30 ST;10001;22 W  30 ST;True;False;False;False;True;0.567059854;56.70598536
Manhattan;Chelsea-Hudson Yards;1013253;4;343;20;W  20 ST;10011;343 W  20 ST;True;True;True;False;False;0.143990591;14.39905906
Manhattan;Gramercy;1017947;20;100;21;E  21 ST;10010;100 E  21 ST;False;False;False;False;False;0.798810585;79.88105853
Manhattan;Hell's Kitchen;1026555;4;447;47;W  47 ST;10036;447 W  47 ST;True;True;True;False;False;0.124207525;12.4207525
Manhattan;Hell's Kitchen;1025001;3;328;45;W  45 ST;10036;328 W  45 ST;True;True;True;True;True;0.710606055;71.06060553
Manhattan;Midtown South-Flatiron-Union Square;1017012;22;152;MADISON;MADISON AVE;10016;152 MADISON AVE;True;False;False;False;True;0.765632125;76.56321249
Manhattan;Midtown South-Flatiron-Union Square;1017021;5;28;33;E  33 ST;10016;28 E  33 ST;True;False;False;False;True;0.252594214;25.2594214
Manhattan;Midtown South-Flatiron-Union Square;1015785;8;1;30;W  30 ST;10001;1 W  30 ST;True;False;False;False;True;0.580499208;58.04992076
Manhattan;Chelsea-Hudson Yards;1013810;4;211;16;W  16 ST;10011;211 W  16 ST;True;True;True;False;False;0.73626404;73.62640402
Manhattan;Gramercy;1017887;4;146;19;E  19 ST;10003;146 E  19 ST;True;True;True;False;False;0.104846219;10.48462192
Manhattan;Upper West Side (Central);1031613;4;56;91;W  91 ST;10024;56 W  91 ST;True;True;True;True;True;0.099353479;9.935347946
Manhattan;Upper West Side (Central);1030921;4;220;79;W  79 ST;10024;220 W  79 ST;True;True;False;False;False;0.610571943;61.05719426
Manhattan;Upper West Side (Central);1030280;18;386;COLUMBUS;COLUMBUS AVE;10024;386 COLUMBUS AVE;True;True;False;False;False;0.900770841;90.07708407
Manhattan;Hell's Kitchen;1025066;5;332;47;W  47 ST;10036;332 W  47 ST;True;True;True;False;False;0.229779514;22.9779514
Manhattan;Upper West Side (Central);1031218;4;69;83;W  83 ST;10024;69 W  83 ST;True;True;True;False;False;0.096647888;9.664788848
Manhattan;Upper West Side-Lincoln Square;1030516;5;;;;;;True;False;False;False;True;0.60642718;60.64271797
Manhattan;Upper West Side (Central);1031442;5;561;COLUMBUS;COLUMBUS AVE;10024;561 COLUMBUS AVE;True;False;False;False;True;0.565339147;56.53391467
Manhattan;Midtown-Times Square;1017216;4;;;;;;True;True;True;False;False;0.616168011;61.61680111
Manhattan;Chelsea-Hudson Yards;1012676;4.5;455;22;W  22 ST;10011;455 W  22 ST;True;True;True;False;False;0.142965173;14.29651729
Manhattan;Chelsea-Hudson Yards;1014522;11;135;14;W  14 ST;10011;135 W  14 ST;True;False;False;False;True;0.791981687;79.19816866
Manhattan;Hell's Kitchen;1024998;5;356;45;W  45 ST;10036;356 W  45 ST;True;True;True;False;False;0.258304166;25.83041659
Manhattan;Upper West Side-Lincoln Square;1028581;4;54;71;W  71 ST;10023;54 W  71 ST;True;True;True;False;False;0.158995632;15.89956319
Manhattan;Midtown South-Flatiron-Union Square;1016906;5;45;28;E  28 ST;10016;45 E  28 ST;False;False;False;False;False;0.792403785;79.24037854
Manhattan;Upper West Side (Central);1030907;4;209;78;W  78 ST;10024;209 W  78 ST;True;True;False;False;False;0.064620489;6.462048883
Manhattan;Chelsea-Hudson Yards;1013345;4;355;22;W  22 ST;10011;355 W  22 ST;True;True;True;False;False;0.127349525;12.73495255
Manhattan;Upper West Side (Central);1030078;5;116;75;W  75 ST;10023;116 W  75 ST;True;True;True;False;False;0.168709795;16.87097951
Manhattan;Midtown-Times Square;1017226;6;431;5;5 AVE;10016;431 5 AVE;True;False;False;False;True;0.852510831;85.25108305
Manhattan;Midtown South-Flatiron-Union Square;1015181;16;119;31;W  31 ST;10001;119 W  31 ST;False;False;False;False;False;0.845689736;84.56897362
Manhattan;Chelsea-Hudson Yards;1012793;3;439;24;W  24 ST;10011;439 W  24 ST;True;True;True;False;False;0.123272696;12.32726955
Manhattan;Gramercy;1017822;19;144;17;E  17 ST;10003;144 E  17 ST;True;False;False;False;True;0.864362298;86.43622984
Manhattan;Midtown South-Flatiron-Union Square;1016090;8;20;17;E  17 ST;10003;20 E  17 ST;True;False;False;False;True;0.744898912;74.48989122
Manhattan;Gramercy;1017830;3;49;IRVING;IRVING PL;10003;49 IRVING PL;True;True;True;False;False;0.560490387;56.04903869
Manhattan;Upper West Side (Central);1030226;5;371;AMSTERDAM;AMSTERDAM AVE;10024;371 AMSTERDAM AVE;True;False;False;False;True;0.645717115;64.57171145
Manhattan;Midtown-Times Square;1023389;16;145;55;W  55 ST;10019;145 W  55 ST;True;False;False;False;True;0.755550487;75.55504866
Manhattan;Hell's Kitchen;1026995;5;697;10;10 AVE;10036;697 10 AVE;False;False;False;False;False;0.619810207;61.98102067
Manhattan;Upper West Side (Central);1031095;4;319;77;W  77 ST;10024;319 W  77 ST;True;True;False;True;True;0.104016798;10.40167985
Manhattan;Midtown-Times Square;1017590;2;;;;;;True;False;False;False;True;0.67480139;67.48013902
Manhattan;Midtown South-Flatiron-Union Square;1015881;13;;;;;;True;False;False;False;True;0.604411519;60.44115195
Manhattan;Midtown South-Flatiron-Union Square;1015850;11;11;32;W  32 ST;10001;11 W  32 ST;False;False;False;False;False;0.850516114;85.05161139
Manhattan;Chelsea-Hudson Yards;1014082;3;226;22;W  22 ST;10011;226 W  22 ST;True;False;True;False;False;0.140338304;14.0338304
Manhattan;Upper West Side (Central);1028797;4;55;76;W  76 ST;10023;55 W  76 ST;True;True;False;False;False;0.131112394;13.11123939
Manhattan;Gramercy;1018063;20;315;PARK;PARK AVE S;10010;315 PARK AVE S;True;False;False;False;True;0.770075341;77.00753407
Manhattan;Upper West Side-Lincoln Square;1030008;5;;;;;;True;True;False;False;False;0.102440918;10.2440918
Manhattan;Upper West Side-Lincoln Square;1030334;8;235;63;W  63 ST;10023;235 W  63 ST;True;True;False;True;False;0.615740115;61.57401148
Manhattan;Upper West Side-Lincoln Square;1030046;4;156;74;W  74 ST;10023;156 W  74 ST;True;True;True;False;False;0.176164844;17.61648437
Manhattan;Midtown-Times Square;1014444;13;201;36;W  36 ST;10018;201 W  36 ST;True;False;False;False;True;0.718392257;71.8392257
Manhattan;Chelsea-Hudson Yards;1012684;4;;;;;;True;True;True;False;False;0.085187057;8.518705688
Manhattan;Gramercy;1020406;6;348;15;E  15 ST;10003;348 E  15 ST;True;True;True;False;False;0.257188502;25.71885018
Manhattan;Upper West Side (Central);1031773;4;122;80;W  80 ST;10024;122 W  80 ST;True;True;False;True;False;0.105771662;10.57716621
Manhattan;Upper West Side-Lincoln Square;1030423;5;216;72;W  72 ST;10023;216 W  72 ST;True;False;False;False;True;0.223239785;22.32397848
Manhattan;Upper West Side (Central);1031548;3;61;89;W  89 ST;10024;61 W  89 ST;True;True;False;True;True;0.090636871;9.0636871
Manhattan;Chelsea-Hudson Yards;1014035;4;176;7;7 AVE;10011;176 7 AVE;True;False;False;False;True;0.687808521;68.78085211
Manhattan;Upper West Side-Lincoln Square;1029899;5;160;72;W  72 ST;10023;160 W  72 ST;True;False;False;False;True;0.617983727;61.79837265
Manhattan;Upper West Side-Lincoln Square;1030949;4;324;71;W  71 ST;10023;324 W  71 ST;True;True;True;False;False;0.070385028;7.03850275
Manhattan;Midtown South-Flatiron-Union Square;1015099;3;;;;;;True;False;False;False;True;0.659507398;65.95073979
Manhattan;Upper West Side (Central);1031659;4;;;;;;True;True;True;False;False;0.188272083;18.8272083
Manhattan;Hell's Kitchen;1024934;4;;;;;;True;False;False;False;True;0.618759771;61.87597707
Manhattan;Midtown South-Flatiron-Union Square;1017093;5;14;34;E  34 ST;10016;14 E  34 ST;True;False;False;False;True;0.838208226;83.8208226
Manhattan;Upper West Side (Central);1030163;4;127;75;W  75 ST;10023;127 W  75 ST;True;True;True;False;False;0.098128957;9.812895667
Manhattan;Chelsea-Hudson Yards;1013502;6;350;30;W  30 ST;10001;350 W  30 ST;True;True;True;False;False;0.193401472;19.34014723
Manhattan;Upper West Side-Lincoln Square;1029755;4;113;70;W  70 ST;10023;113 W  70 ST;True;True;False;True;True;0.147116582;14.71165818
Manhattan;Chelsea-Hudson Yards;1013115;5;314;19;W  19 ST;10011;314 W  19 ST;True;True;True;False;False;0.176775915;17.67759154
Manhattan;Chelsea-Hudson Yards;1014014;5;204;8;8 AVE;10011;204 8 AVE;True;False;False;False;True;0.619572308;61.95723078
Manhattan;Gramercy;1020475;3;;;;;;True;True;True;False;False;0.125419184;12.54191836
Manhattan;Chelsea-Hudson Yards;1013544;4;;;;;;True;False;False;False;True;0.752803989;75.28039894
Manhattan;Midtown South-Flatiron-Union Square;1016294;12;30;23;E  23 ST;10010;30 E  23 ST;True;False;False;False;True;0.846050759;84.60507589
Manhattan;Upper West Side-Lincoln Square;1030951;3;338;71;W  71 ST;10023;338 W  71 ST;True;True;True;False;False;0.104012809;10.40128092
Manhattan;Upper West Side (Central);1031133;1;;;;;;False;False;False;False;False;0.230428937;23.04289367
Manhattan;Upper West Side (Central);1031081;5;326;77;W  77 ST;10024;326 W  77 ST;True;True;True;False;False;0.118763069;11.87630686
Manhattan;Upper West Side-Lincoln Square;1027192;2;1849;BROADWAY;BROADWAY;10023;1849 BROADWAY;True;False;False;False;True;0.648323639;64.8323639
Manhattan;Upper West Side (Central);1028755;4;29;75;W  75 ST;10023;29 W  75 ST;True;True;True;False;False;0.061723987;6.172398681
Manhattan;Upper West Side (Central);1031121;3;303;78;W  78 ST;10024;303 W  78 ST;True;True;False;False;False;0.056581318;5.658131819
Manhattan;Gramercy;1017898;5;72;IRVING;IRVING PL;10003;72 IRVING PL;True;True;True;False;False;0.128655193;12.86551928
Manhattan;Upper West Side (Central);1031402;4;43;86;W  86 ST;10024;43 W  86 ST;True;False;False;False;True;0.158543917;15.85439171
Manhattan;Midtown South-Flatiron-Union Square;1015869;6;41;34;W  34 ST;10001;41 W  34 ST;True;False;False;False;True;0.852740995;85.27409949
Manhattan;Midtown South-Flatiron-Union Square;1015802;4;59;31;W  31 ST;10001;59 W  31 ST;True;False;False;False;True;0.737870268;73.78702683
Manhattan;Chelsea-Hudson Yards;1013599;20;535;8;8 AVE;10018;535 8 AVE;True;False;False;False;True;0.702815377;70.28153769
Manhattan;Gramercy;1017814;12;120;16;E  16 ST;10003;120 E  16 ST;True;False;False;False;True;0.838095942;83.80959415
Manhattan;Chelsea-Hudson Yards;1013604;14;336;37;W  37 ST;10018;336 W  37 ST;True;False;False;False;True;0.860869515;86.08695147
Manhattan;Hell's Kitchen;1025189;5;752;9;9 AVE;10019;752 9 AVE;True;False;False;False;True;0.648509945;64.85099446
Manhattan;Upper West Side (Central);1030837;6;243;75;W  75 ST;10023;243 W  75 ST;True;False;True;True;True;0.430598129;43.05981285
Manhattan;Midtown South-Flatiron-Union Square;1015422;3;4;18;W  18 ST;10011;4 W  18 ST;True;False;False;False;True;0.695379426;69.53794258
Manhattan;Upper West Side-Lincoln Square;1030328;3;227;61;W  61 ST;10023;227 W  61 ST;True;False;False;False;True;0.47014598;47.01459795
Manhattan;Hell's Kitchen;1026657;4;454;50;W  50 ST;10019;454 W  50 ST;True;True;True;False;False;0.148615263;14.86152625
Manhattan;Hell's Kitchen;1026883;17;435;57;W  57 ST;10019;435 W  57 ST;True;False;False;False;True;0.739938088;73.99380877
Manhattan;Chelsea-Hudson Yards;1012873;6;414;36;W  36 ST;10018;414 W  36 ST;True;True;False;False;False;0.233160799;23.3160799
Manhattan;Upper West Side (Central);1030200;4;129;77;W  77 ST;10024;129 W  77 ST;True;True;True;False;False;0.095672897;9.567289672
Manhattan;Midtown South-Flatiron-Union Square;1014272;4;260;29;W  29 ST;10001;260 W  29 ST;True;True;False;True;True;0.718792356;71.87923555
Manhattan;Upper West Side (Central);1028814;4;17;76;W  76 ST;10023;17 W  76 ST;True;True;True;False;False;0.156501637;15.65016368
Manhattan;Midtown South-Flatiron-Union Square;1015423;12;6;18;W  18 ST;10011;6 W  18 ST;False;False;False;False;False;0.86742972;86.74297203
Manhattan;Chelsea-Hudson Yards;1013231;3;330;20;W  20 ST;10011;330 W  20 ST;True;True;True;False;False;0.07674985;7.674984984
Manhattan;Chelsea-Hudson Yards;1013007;11;;;;;;True;False;False;False;True;0.785346558;78.53465582
Manhattan;Chelsea-Hudson Yards;1013019;5;;;;;;True;True;True;False;False;0.455000064;45.50000637
Manhattan;Upper West Side-Lincoln Square;1028508;15;91;CENTRAL;CENTRAL PARK W;10023;91 CENTRAL PARK W;True;False;True;False;True;0.587986564;58.79865636
Manhattan;Upper West Side (Central);1030881;15;233;77;W  77 ST;10024;233 W  77 ST;True;False;False;False;True;0.748360818;74.83608181
Manhattan;Upper West Side-Lincoln Square;1028590;5;29;70;W  70 ST;10023;29 W  70 ST;True;True;True;True;False;0.167796745;16.77967449
Manhattan;Hell's Kitchen;1026765;5;803;9;9 AVE;10019;803 9 AVE;False;False;False;False;False;0.600231954;60.02319536
Manhattan;Hell's Kitchen;1026888;6;;;;;;True;False;False;False;True;0.434306736;43.43067357
Manhattan;Gramercy;1020532;4;340;20;E  20 ST;10003;340 E  20 ST;True;True;True;False;False;0.142824335;14.28243351
Manhattan;Hell's Kitchen;1026858;5;860;10;10 AVE;10019;860 10 AVE;True;True;False;False;False;0.626369524;62.63695236
Manhattan;Chelsea-Hudson Yards;1013862;4;;;;;;True;False;True;False;False;0.741961034;74.19610341
Manhattan;Upper West Side-Lincoln Square;1028681;5;36;74;W  74 ST;10023;36 W  74 ST;True;True;True;False;False;0.428750549;42.87505489
Manhattan;Upper West Side (Central);1030877;5;270;77;W  77 ST;10024;270 W  77 ST;True;True;False;False;False;0.123452844;12.3452844
Manhattan;Hell's Kitchen;1013688;2;300;40;W  40 ST;10018;300 W  40 ST;True;False;False;True;True;0.859456614;85.94566143
Manhattan;Upper West Side-Lincoln Square;1030012;;125;73;W  73 ST;10023;125 W  73 ST;False;False;False;False;False;0.617368928;61.73689278
Manhattan;Upper West Side (Central);1031682;4;14;95;W  95 ST;10025;14 W  95 ST;True;True;True;False;False;0.141038887;14.10388869
Manhattan;Upper West Side (Central);1031245;5;491;COLUMBUS;COLUMBUS AVE;10024;491 COLUMBUS AVE;False;False;False;False;False;0.567780627;56.7780627
Manhattan;Midtown South-Flatiron-Union Square;1015529;7;29;21;W  21 ST;10010;29 W  21 ST;True;False;False;False;True;0.765935659;76.59356587
Manhattan;Upper West Side-Lincoln Square;1028533;4;;;;;;True;True;True;False;False;0.128784834;12.87848342
Manhattan;Chelsea-Hudson Yards;1014205;12;236;26;W  26 ST;10001;236 W  26 ST;True;False;False;False;True;0.853660604;85.36606037
Manhattan;Upper West Side (Central);1031688;3;;;;;;True;True;True;False;False;0.12369909;12.36990901
Manhattan;Chelsea-Hudson Yards;1012302;1.5;534;21;W  21 ST;10011;534 W  21 ST;True;False;False;False;True;0.840204322;84.02043217
Manhattan;Chelsea-Hudson Yards;1013979;12;205;19;W  19 ST;10011;205 W  19 ST;True;False;True;False;True;0.872248341;87.22483408
Manhattan;Hell's Kitchen;1027065;10;;;;;;False;False;False;False;False;0.83354665;83.35466496
Manhattan;Upper West Side (Central);1031012;4;310;75;W  75 ST;10023;310 W  75 ST;True;False;False;False;True;0.472844164;47.28441641
Manhattan;Midtown-Times Square;1017179;8;15;36;E  36 ST;10016;15 E  36 ST;True;False;False;False;True;0.658618688;65.86186877
Manhattan;Midtown South-Flatiron-Union Square;1016065;12;11;UNION;UNION SQ;10003;11 UNION SQ;True;False;False;False;True;0.750460263;75.04602631
Manhattan;Chelsea-Hudson Yards;1013064;5;340;17;W  17 ST;10011;340 W  17 ST;True;True;True;False;False;0.236109726;23.6109726
Manhattan;Chelsea-Hudson Yards;1013784;5;232;16;W  16 ST;10011;232 W  16 ST;True;True;False;False;False;0.206439634;20.64396341
Manhattan;Midtown South-Flatiron-Union Square;1015518;2;59;21;W  21 ST;10010;59 W  21 ST;True;False;True;False;False;0.746253566;74.62535658
Manhattan;Upper West Side (Central);1030112;15;174;76;W  76 ST;10023;174 W  76 ST;True;False;False;False;True;0.830113899;83.01138988
Manhattan;Upper West Side (Central);1030173;4;163;76;W  76 ST;10023;163 W  76 ST;True;True;True;False;False;0.135692657;13.56926565
Manhattan;Midtown-Times Square;1017194;16;15;37;E  37 ST;10016;15 E  37 ST;True;False;False;False;True;0.862174574;86.21745744
Manhattan;Chelsea-Hudson Yards;1013631;5;496;9;9 AVE;10018;496 9 AVE;True;False;False;False;True;0.638633671;63.86336706
Manhattan;Midtown South-Flatiron-Union Square;1016261;5;22;22;E  22 ST;10010;22 E  22 ST;True;False;True;False;True;0.255733249;25.57332491
Manhattan;Chelsea-Hudson Yards;1014656;3;107;17;W  17 ST;10011;107 W  17 ST;True;False;False;False;True;0.767127116;76.71271163
Manhattan;Hell's Kitchen;1026507;5;438;47;W  47 ST;10036;438 W  47 ST;True;True;True;False;False;0.173655888;17.36558878
Manhattan;Upper West Side-Lincoln Square;1030972;14;344;72;W  72 ST;10023;344 W  72 ST;True;False;False;True;True;0.613890853;61.38908531
Manhattan;Midtown South-Flatiron-Union Square;1015797;3;;;;;;True;False;False;False;True;0.72256828;72.25682804
Manhattan;Chelsea-Hudson Yards;1013809;5;215;16;W  16 ST;10011;215 W  16 ST;True;True;True;False;False;0.235034678;23.50346777
Manhattan;Chelsea-Hudson Yards;1013595;17;;;;;;False;False;False;False;False;0.532378266;53.23782656
Manhattan;Chelsea-Hudson Yards;1013008;5;343;14;W  14 ST;10014;343 W  14 ST;True;True;False;False;False;0.250648092;25.0648092
Manhattan;Upper West Side (Central);1031454;4;35;87;W  87 ST;10024;35 W  87 ST;True;False;True;False;True;0.097137136;9.71371358
Manhattan;Chelsea-Hudson Yards;1014112;5;231;22;W  22 ST;10011;231 W  22 ST;True;True;True;False;False;0.157611413;15.7611413
Manhattan;Midtown South-Flatiron-Union Square;1014303;14;242;30;W  30 ST;10001;242 W  30 ST;True;False;False;False;True;0.873513943;87.3513943
Manhattan;Midtown South-Flatiron-Union Square;1016061;19;1;14;E  14 ST;10003;1 E  14 ST;True;False;False;False;True;0.911378507;91.13785074
Manhattan;Chelsea-Hudson Yards;1014792;4;161;22;W  22 ST;10011;161 W  22 ST;True;False;False;False;True;0.654825376;65.48253755
Manhattan;Chelsea-Hudson Yards;1013865;3;166;8;8 AVE;10011;166 8 AVE;True;False;False;False;True;0.697311897;69.73118972
Manhattan;Upper West Side (Central);1031393;5.09;41;85;W  85 ST;10024;41 W  85 ST;True;True;False;False;False;0.108639287;10.86392867
Manhattan;Upper West Side-Lincoln Square;1028856;5;137;67;W  67 ST;10023;137 W  67 ST;True;True;True;False;False;0.598212852;59.8212852
Manhattan;Hell's Kitchen;1013652;25;338;39;W  39 ST;10018;338 W  39 ST;True;False;True;False;False;0.860134828;86.01348277
Manhattan;Chelsea-Hudson Yards;1012812;3;446;25;W  25 ST;10001;446 W  25 ST;True;False;True;False;False;0.143153875;14.31538755
Manhattan;Gramercy;1017859;5;118;18;E  18 ST;10003;118 E  18 ST;True;True;True;False;False;0.225865332;22.5865332
Manhattan;Upper West Side (Central);1031376;5;;;;;;True;True;True;False;False;0.313797883;31.37978832
Manhattan;Hell's Kitchen;1026654;5;448;50;W  50 ST;10019;448 W  50 ST;True;True;True;False;False;0.207482481;20.74824809
Manhattan;Gramercy;1018133;3;83;LEXINGTON;LEXINGTON AVE;10016;83 LEXINGTON AVE;True;True;False;False;False;0.486522647;48.65226474
Manhattan;Chelsea-Hudson Yards;1015020;12;114;26;W  26 ST;10001;114 W  26 ST;True;False;False;False;True;0.841662167;84.16621666
Manhattan;Chelsea-Hudson Yards;1014043;7;220;21;W  21 ST;10011;220 W  21 ST;True;False;True;False;True;0.556757202;55.67572021
Manhattan;Midtown-Times Square;1022670;3;146;47;W  47 ST;10036;146 W  47 ST;True;True;False;False;True;0.758275779;75.82757793
Manhattan;Upper West Side-Lincoln Square;1030979;5;249;END;W  END AVE;10023;249 W  END AVE;True;True;True;False;False;0.124761718;12.47617183
Manhattan;Gramercy;1020453;3;;;;;;True;True;True;False;False;0.069803712;6.980371184
Manhattan;Midtown-Times Square;1015962;12;;;;;;True;False;False;False;True;0.827717879;82.77178791
Manhattan;Chelsea-Hudson Yards;1012400;6;542;27;W  27 ST;10001;542 W  27 ST;True;False;True;False;True;0.83868352;83.86835203
Manhattan;Gramercy;1018186;4;154;28;E  28 ST;10016;154 E  28 ST;True;False;True;False;True;0.144633037;14.4633037
Manhattan;Hell's Kitchen;1024935;23;582;9;9 AVE;10036;582 9 AVE;True;False;False;False;True;0.910957934;91.09579338
Manhattan;Chelsea-Hudson Yards;1013057;5;324;17;W  17 ST;10011;324 W  17 ST;True;True;True;False;False;0.182914437;18.29144367
Manhattan;Midtown South-Flatiron-Union Square;1017000;16;148;MADISON;MADISON AVE;10016;148 MADISON AVE;True;False;False;False;False;0.892644502;89.2644502
Manhattan;Hell's Kitchen;1026438;5;642;10;10 AVE;10036;642 10 AVE;True;False;False;False;True;0.63484333;63.48433298
Manhattan;Midtown-Times Square;1014488;14;244;39;W  39 ST;10018;244 W  39 ST;True;False;False;False;True;0.707653637;70.76536367
Manhattan;Upper West Side-Lincoln Square;1028451;4;41;68;W  68 ST;10023;41 W  68 ST;True;True;False;False;False;0.147109833;14.71098332
Manhattan;Hell's Kitchen;1025125;5;702;9;9 AVE;10019;702 9 AVE;True;False;False;False;True;0.660332566;66.03325656
Manhattan;Midtown-Times Square;1015915;18;60;36;W  36 ST;10018;60 W  36 ST;True;False;False;False;True;0.825665337;82.56653375
Manhattan;Upper West Side (Central);1031781;4;146;80;W  80 ST;10024;146 W  80 ST;True;True;True;False;False;0.100517795;10.05177948
Manhattan;Upper West Side-Lincoln Square;1028450;5;45;68;W  68 ST;10023;45 W  68 ST;True;True;True;False;False;0.169089303;16.9089303
Manhattan;Hell's Kitchen;1026358;5;;;;;;True;True;True;False;False;0.129927605;12.99276047
Manhattan;Hell's Kitchen;1026752;5;400;53;W  53 ST;10019;400 W  53 ST;True;False;True;False;True;0.611604676;61.16046756
Manhattan;Upper West Side-Lincoln Square;1030348;15;200;70;W  70 ST;10023;200 W  70 ST;True;False;False;False;False;0.721260265;72.12602653
Manhattan;Hell's Kitchen;1024958;4;606;9;9 AVE;10036;606 9 AVE;True;False;True;False;False;0.705147202;70.51472018
Manhattan;Hell's Kitchen;1024978;3;358;44;W  44 ST;10036;358 W  44 ST;True;False;False;False;True;0.876863673;87.68636734
Manhattan;Gramercy;1018032;12;115;22;E  22 ST;10010;115 E  22 ST;True;False;False;False;True;0.824132381;82.41323806
Manhattan;Upper West Side-Lincoln Square;1028250;4;38;68;W  68 ST;10023;38 W  68 ST;True;True;True;False;False;0.421269734;42.12697344
Manhattan;Chelsea-Hudson Yards;1012871;6;408;36;W  36 ST;10018;408 W  36 ST;True;False;True;False;False;0.256663862;25.66638616
Manhattan;Chelsea-Hudson Yards;1014093;5;250;22;W  22 ST;10011;250 W  22 ST;True;False;True;False;True;0.604757949;60.47579492
Manhattan;Gramercy;1017907;12;239;PARK;PARK AVE S;10003;239 PARK AVE S;True;False;False;False;False;0.760162904;76.0162904
Manhattan;Upper West Side-Lincoln Square;1029769;4;120;71;W  71 ST;10023;120 W  71 ST;True;False;True;True;True;0.147586;14.75859997
Manhattan;Chelsea-Hudson Yards;1012253;5;25;11;11 AVE;10011;25 11 AVE;True;False;False;False;True;0.853146591;85.31465912
Manhattan;Midtown South-Flatiron-Union Square;1015728;10;13;28;W  28 ST;10001;13 W  28 ST;False;False;False;False;False;0.809684484;80.96844839
Manhattan;Hell's Kitchen;1026559;3;435;47;W  47 ST;10036;435 W  47 ST;True;True;False;False;False;0.244617713;24.46177129
Manhattan;Hell's Kitchen;1025193;5;766;9;9 AVE;10019;766 9 AVE;True;False;False;False;True;0.636876824;63.68768238
Manhattan;Chelsea-Hudson Yards;1012637;5;;;;;;True;True;True;False;False;0.128930626;12.89306264
Manhattan;Gramercy;1020449;2;326;18;E  18 ST;10003;326 E  18 ST;True;True;True;False;False;0.095305524;9.530552415
Manhattan;Chelsea-Hudson Yards;1014565;6;130;16;W  16 ST;10011;130 W  16 ST;True;True;True;False;False;0.663896162;66.38961622
Manhattan;Hell's Kitchen;1024981;3;357;43;W  43 ST;10036;357 W  43 ST;True;False;True;False;False;0.194714392;19.47143922
Manhattan;Chelsea-Hudson Yards;1012652;4;442;22;W  22 ST;10011;442 W  22 ST;True;True;True;False;False;0.170031334;17.00313335
Manhattan;Chelsea-Hudson Yards;1012377;2;550;25;W  25 ST;10001;550 W  25 ST;True;False;False;False;True;0.691806635;69.18066355
Manhattan;Upper West Side-Lincoln Square;1027178;;850;12;12 AVE;10019;850 12 AVE;True;False;False;False;True;0.60624537;60.62453702
Manhattan;Hell's Kitchen;1026381;3;446;44;W  44 ST;10036;446 W  44 ST;True;True;True;False;False;0.083444413;8.34444127
Manhattan;Upper West Side (Central);1031643;4;33;93;W  93 ST;10025;33 W  93 ST;True;True;False;False;False;0.435250233;43.52502334
Manhattan;Chelsea-Hudson Yards;1014067;5;;;;;;True;True;True;False;False;0.199717557;19.9717557
Manhattan;Upper West Side (Central);1030072;5;304;COLUMBUS;COLUMBUS AVE;10023;304 COLUMBUS AVE;True;False;False;False;True;0.555582986;55.55829862
Manhattan;Upper West Side (Central);1031181;16;225;CENTRAL;CENTRAL PARK W;10024;225 CENTRAL PARK W;True;False;False;False;True;0.601548146;60.15481455
Manhattan;Upper West Side (Central);1030739;3;254;75;W  75 ST;10023;254 W  75 ST;True;False;False;False;True;0.1343688;13.43687996
Manhattan;Hell's Kitchen;1024969;4;;;;;;True;False;False;False;True;0.70685071;70.68507103
Manhattan;Chelsea-Hudson Yards;1013495;5;304;30;W  30 ST;10001;304 W  30 ST;True;True;True;False;False;0.247410094;24.74100939
Manhattan;Hell's Kitchen;1024931;4;;;;;;True;False;False;False;True;0.688082672;68.80826716
Manhattan;Chelsea-Hudson Yards;1013806;5;223;16;W  16 ST;10011;223 W  16 ST;True;False;True;False;True;0.640610409;64.06104087
Manhattan;Midtown South-Flatiron-Union Square;1016110;11;101;5;5 AVE;10003;101 5 AVE;False;False;False;False;False;0.878750282;87.87502816
Manhattan;Chelsea-Hudson Yards;1014543;4;136;15;W  15 ST;10011;136 W  15 ST;True;True;True;False;False;0.087070085;8.70700851
Manhattan;Gramercy;1019580;20;205;3;3 AVE;10003;205 3 AVE;True;False;False;False;True;0.81438408;81.43840799
Manhattan;Upper West Side-Lincoln Square;1028441;5;67;68;W  68 ST;10023;67 W  68 ST;True;False;True;True;True;0.17802953;17.80295299
Manhattan;Chelsea-Hudson Yards;1012660;4;458;22;W  22 ST;10011;458 W  22 ST;True;True;True;False;False;0.118980905;11.89809052
Manhattan;Upper West Side-Lincoln Square;1028620;16;20;72;W  72 ST;10023;20 W  72 ST;True;False;False;False;True;0.639784014;63.97840143
Manhattan;Hell's Kitchen;1026600;5;403;48;W  48 ST;10036;403 W  48 ST;True;True;True;False;False;0.208696349;20.86963486
Manhattan;Upper West Side (Central);1030071;5;;;;;;True;False;True;False;False;0.516243904;51.62439037
Manhattan;Upper West Side (Central);1030133;4;109;75;W  75 ST;10023;109 W  75 ST;True;True;True;True;False;0.155258263;15.52582633
Manhattan;Chelsea-Hudson Yards;1014541;5;156;15;W  15 ST;10011;156 W  15 ST;True;True;True;False;False;0.623884965;62.38849655
Manhattan;Midtown South-Flatiron-Union Square;1016262;6;20;22;E  22 ST;10010;20 E  22 ST;True;True;True;False;False;0.53663767;53.66376703
Manhattan;Hell's Kitchen;1026429;5;630;10;10 AVE;10036;630 10 AVE;True;False;False;False;True;0.645090563;64.50905627
Manhattan;Chelsea-Hudson Yards;1013816;5;212;17;W  17 ST;10011;212 W  17 ST;True;True;True;False;False;0.63471673;63.47167302
Manhattan;Upper West Side (Central);1031714;3;31;95;W  95 ST;10025;31 W  95 ST;True;True;True;False;False;0.110686476;11.06864756
Manhattan;Chelsea-Hudson Yards;1013025;3;318;15;W  15 ST;10011;318 W  15 ST;True;True;True;False;False;0.142427249;14.2427249
Manhattan;Gramercy;1020494;5;350;19;E  19 ST;10003;350 E  19 ST;True;False;True;False;True;0.243980738;24.39807378
Manhattan;Upper West Side-Lincoln Square;1028241;14;15;67;W  67 ST;10023;15 W  67 ST;True;False;True;False;False;0.683986939;68.3986939
Manhattan;Upper West Side (Central);1030255;3;;;;;;True;True;True;False;False;0.075526731;7.552673087
Manhattan;Gramercy;1017916;4;125;19;E  19 ST;10003;125 E  19 ST;True;False;True;False;False;0.064091139;6.409113943
Manhattan;Chelsea-Hudson Yards;1014211;12;207;25;W  25 ST;10001;207 W  25 ST;True;False;False;False;True;0.717166709;71.71667094
Manhattan;Midtown-Times Square;1024886;2;946;8;8 AVE;10019;946 8 AVE;True;False;False;False;True;0.825137815;82.51378152
Manhattan;Midtown-Times Square;1017245;7;;;;;;True;False;False;False;True;0.71971248;71.97124799
Manhattan;Hell's Kitchen;1025099;4;307;47;W  47 ST;10036;307 W  47 ST;True;False;True;False;False;0.739572113;73.95721128
Manhattan;Midtown South-Flatiron-Union Square;1015851;5;9;32;W  32 ST;10001;9 W  32 ST;True;False;False;False;True;0.24598862;24.59886196
Manhattan;Hell's Kitchen;1026347;5;;;;;;True;True;True;False;False;0.147943781;14.79437807
Manhattan;Midtown South-Flatiron-Union Square;1015593;12;43;24;W  24 ST;10010;43 W  24 ST;True;False;False;False;True;0.876538944;87.65389442
Manhattan;Hell's Kitchen;1026849;6;400;56;W  56 ST;10019;400 W  56 ST;True;False;False;False;True;0.650280857;65.02808571
Manhattan;Chelsea-Hudson Yards;1014583;5;108;17;W  17 ST;10011;108 W  17 ST;True;True;True;False;False;0.664550187;66.45501873
Manhattan;Hell's Kitchen;1025038;5;662;9;9 AVE;10036;662 9 AVE;True;False;False;False;True;0.636267761;63.62677606
Manhattan;Gramercy;1018157;12;116;27;E  27 ST;10016;116 E  27 ST;True;False;False;False;True;0.893928351;89.39283512
Manhattan;Upper West Side (Central);1028793;5;46;76;W  76 ST;10023;46 W  76 ST;True;False;True;True;True;0.16878475;16.878475
Manhattan;Midtown-Times Square;1015230;5;;;;;;True;True;False;False;True;0.830661268;83.06612676
Manhattan;Hell's Kitchen;1012999;4;535;9;9 AVE;10018;535 9 AVE;True;False;True;False;True;0.738364434;73.8364434
Manhattan;Chelsea-Hudson Yards;1014020;6;239;20;W  20 ST;10011;239 W  20 ST;True;True;False;False;False;0.229860217;22.9860217
Manhattan;Chelsea-Hudson Yards;1012341;4;184;11;11 AVE;10011;184 11 AVE;True;False;False;False;True;0.69950612;69.95061198
Manhattan;Chelsea-Hudson Yards;1012483;6;465;10;10 AVE;10018;465 10 AVE;True;True;True;False;False;0.464106954;46.41069539
Manhattan;Chelsea-Hudson Yards;1014976;8;141;24;W  24 ST;10011;141 W  24 ST;True;False;False;False;True;0.774846742;77.48467421
Manhattan;Gramercy;1020495;4;344;19;E  19 ST;10003;344 E  19 ST;True;False;True;False;False;0.181713908;18.17139081
Manhattan;Hell's Kitchen;1026704;4;466;51;W  51 ST;10019;466 W  51 ST;True;True;True;False;False;0.158796744;15.87967443
Manhattan;Gramercy;1017906;12;101;19;E  19 ST;10003;101 E  19 ST;True;False;False;False;True;0.837808064;83.78080645
Manhattan;Hell's Kitchen;1025436;5;935;8;8 AVE;10019;935 8 AVE;True;False;False;False;True;0.608153069;60.81530695
Manhattan;Midtown-Times Square;1017600;12;16;40;E  40 ST;10016;16 E  40 ST;True;False;False;False;True;0.812975508;81.29755079
Manhattan;Hell's Kitchen;1026610;5;412;49;W  49 ST;10019;412 W  49 ST;True;True;False;False;False;0.202613194;20.26131937
Manhattan;Hell's Kitchen;1026850;6;404;56;W  56 ST;10019;404 W  56 ST;True;True;True;False;False;0.201829105;20.18291052
Manhattan;Gramercy;1018013;18;121;22;E  22 ST;10010;121 E  22 ST;True;False;False;False;True;0.908877174;90.88771744
Manhattan;Hell's Kitchen;1026489;3;417;46;W  46 ST;10036;417 W  46 ST;True;True;True;False;False;0.160306356;16.03063557
Manhattan;Midtown South-Flatiron-Union Square;1015048;7;110;27;W  27 ST;10001;110 W  27 ST;True;False;False;False;True;0.837699443;83.76994433
Manhattan;Chelsea-Hudson Yards;1012685;4;435;22;W  22 ST;10011;435 W  22 ST;True;True;True;False;False;0.136485708;13.64857076
Manhattan;Gramercy;1017877;4;141;18;E  18 ST;10003;141 E  18 ST;True;True;True;False;False;0.056491667;5.649166727
Manhattan;Upper West Side (Central);1031648;4;22;94;W  94 ST;10025;22 W  94 ST;True;True;True;True;False;0.212597733;21.25977333
Manhattan;Upper West Side (Central);1031705;3;36;95;W  95 ST;10025;36 W  95 ST;True;True;True;False;False;0.126563008;12.6563008
Manhattan;Chelsea-Hudson Yards;1013341;3;363;22;W  22 ST;10011;363 W  22 ST;True;True;False;True;False;0.097567611;9.756761121
Manhattan;Chelsea-Hudson Yards;1014545;7;155;15;W  15 ST;10011;155 W  15 ST;True;False;True;False;False;0.832206977;83.22069767
Manhattan;Upper West Side (Central);1031623;22;61;91;W  91 ST;10024;61 W  91 ST;True;True;False;True;True;0.907085642;90.70856422
Manhattan;Gramercy;1018156;4;122;27;E  27 ST;10016;122 E  27 ST;True;False;False;False;True;0.647572888;64.75728877
Manhattan;Chelsea-Hudson Yards;1014040;4;206;21;W  21 ST;10011;206 W  21 ST;True;False;True;False;True;0.191952797;19.19527975
Manhattan;Chelsea-Hudson Yards;1012866;5;457;35;W  35 ST;10001;457 W  35 ST;True;True;True;False;False;0.15905731;15.90573097
Manhattan;Midtown South-Flatiron-Union Square;1016203;4;25;20;E  20 ST;10003;25 E  20 ST;True;True;True;False;False;0.570454284;57.04542837
Manhattan;Chelsea-Hudson Yards;1014718;5;101;18;W  18 ST;10011;101 W  18 ST;True;False;False;False;True;0.798546284;79.85462837
Manhattan;Midtown South-Flatiron-Union Square;1015390;3.5;7;16;W  16 ST;10011;7 W  16 ST;True;True;False;False;True;0.1424193;14.24192995
Manhattan;Chelsea-Hudson Yards;1012291;11;532;20;W  20 ST;10011;532 W  20 ST;True;False;False;False;True;0.477849565;47.78495647
Manhattan;Midtown South-Flatiron-Union Square;1014273;4;;;;;;True;True;False;True;True;0.686772992;68.67729919
Manhattan;Hell's Kitchen;1026375;3;;;;;;True;True;True;False;False;0.124760653;12.47606526
Manhattan;Upper West Side (Central);1031616;5;64;91;W  91 ST;10024;64 W  91 ST;True;True;True;False;False;0.152093205;15.20932055
Manhattan;Upper West Side (Central);1031215;5;485;COLUMBUS;COLUMBUS AVE;10024;485 COLUMBUS AVE;False;False;False;False;False;0.56524007;56.52400698
Manhattan;Midtown-Times Square;1015973;12;22;38;W  38 ST;10018;22 W  38 ST;True;False;False;False;True;0.85696902;85.69690195
Manhattan;Upper West Side-Lincoln Square;1030030;4;132;74;W  74 ST;10023;132 W  74 ST;True;True;True;False;False;0.160332088;16.03320883
Manhattan;Chelsea-Hudson Yards;1014591;5;;;;;;True;False;False;False;True;0.606720218;60.67202184
Manhattan;Chelsea-Hudson Yards;1013071;4;351;17;W  17 ST;10011;351 W  17 ST;True;True;True;False;False;0.12438932;12.43893198
Manhattan;Upper West Side (Central);1031194;4;;;;;;True;True;False;False;False;0.047981089;4.798108913
Manhattan;Gramercy;1020540;5;347;1;1 AVE;10010;347 1 AVE;True;False;False;True;True;0.65812957;65.81295695
Manhattan;Midtown-Times Square;1015927;12;;;;;;True;False;False;False;True;0.826086892;82.60868924
Manhattan;Gramercy;1018023;5;294;3;3 AVE;10010;294 3 AVE;True;False;False;False;True;0.657595053;65.75950532
Manhattan;Chelsea-Hudson Yards;1013993;8;;;;;;True;False;False;False;True;0.591029054;59.10290539
Manhattan;Chelsea-Hudson Yards;1014751;5;121;20;W  20 ST;10011;121 W  20 ST;True;False;False;False;True;0.676463195;67.6463195
Manhattan;Chelsea-Hudson Yards;1014200;6;225;25;W  25 ST;10001;225 W  25 ST;True;False;False;False;True;0.588711532;58.87115323
Manhattan;Midtown-Times Square;1024835;5;1693;BROADWAY;BROADWAY;10019;1693 BROADWAY;True;False;False;True;True;0.666669864;66.66698642
Manhattan;Chelsea-Hudson Yards;1013992;4;224;20;W  20 ST;10011;224 W  20 ST;True;False;False;False;True;0.507299276;50.72992758
Manhattan;Chelsea-Hudson Yards;1014970;3;255;7;7 AVE;10001;255 7 AVE;True;False;True;False;True;0.423038029;42.30380292
Manhattan;Hell's Kitchen;1025096;5;;;;;;True;True;True;False;False;0.196492486;19.64924863
Manhattan;Upper West Side (Central);1030143;4;112;76;W  76 ST;10023;112 W  76 ST;True;True;True;False;False;0.155407583;15.54075834
Manhattan;Upper West Side (Central);1031062;4;343;END;W  END AVE;10024;343 W  END AVE;True;True;True;False;False;0.094893612;9.48936124
Manhattan;Hell's Kitchen;1027183;;;;;;;True;False;False;True;True;0.425419089;42.54190886
Manhattan;Hell's Kitchen;1013001;4;400;40;W  40 ST;10018;400 W  40 ST;True;False;False;False;False;0.684731841;68.47318408
Manhattan;Chelsea-Hudson Yards;1012609;3;;;;;;True;True;True;False;False;0.053102188;5.310218779
Manhattan;Chelsea-Hudson Yards;1014713;7;157;18;W  18 ST;10011;157 W  18 ST;False;False;False;False;False;0.821615535;82.16155352
Manhattan;Upper West Side-Lincoln Square;1029772;4;;;;;;True;True;True;False;False;0.132049312;13.20493122
Manhattan;Chelsea-Hudson Yards;1014532;5;132;15;W  15 ST;10011;132 W  15 ST;True;False;False;False;True;0.22704878;22.704878
Manhattan;Midtown South-Flatiron-Union Square;1016215;5;46;21;E  21 ST;10010;46 E  21 ST;True;True;False;False;True;0.678169055;67.81690545
Manhattan;Midtown South-Flatiron-Union Square;1016957;6;120;MADISON;MADISON AVE;10016;120 MADISON AVE;True;True;True;False;False;0.460823152;46.08231525
Manhattan;Chelsea-Hudson Yards;1013868;4;257;18;W  18 ST;10011;257 W  18 ST;True;True;True;False;False;0.734465902;73.44659019
Manhattan;Upper West Side-Lincoln Square;1030519;5;2095;BROADWAY;BROADWAY;10023;2095 BROADWAY;True;False;False;True;True;0.866325222;86.63252223
Manhattan;Midtown-Times Square;1023736;15;150;58;W  58 ST;10019;150 W  58 ST;True;False;False;False;True;0.785282803;78.52828031
Manhattan;Gramercy;1018130;3;127;26;E  26 ST;10010;127 E  26 ST;True;True;True;False;False;0.072537407;7.2537407
Manhattan;Midtown South-Flatiron-Union Square;1014280;15;249;29;W  29 ST;10001;249 W  29 ST;True;False;False;False;True;0.725901681;72.59016808
Manhattan;Gramercy;1019642;6;233;21;E  21 ST;10010;233 E  21 ST;True;True;True;False;False;0.693027338;69.30273383
Manhattan;Upper West Side (Central);1031158;4;;;;;;True;True;True;False;False;0.132639063;13.26390635
Manhattan;Hell's Kitchen;1027152;3;712;12;12 AVE;10019;712 12 AVE;True;False;False;True;True;0.814457259;81.44572594
Manhattan;Upper West Side (Central);1031463;5;3;87;W  87 ST;10024;3 W  87 ST;True;True;False;False;False;0.170611198;17.06111985
Manhattan;Gramercy;1020467;3;305;18;E  18 ST;10003;305 E  18 ST;True;True;False;True;False;0.459786786;45.97867861
Manhattan;Midtown South-Flatiron-Union Square;1017010;12;11;32;E  32 ST;10016;11 E  32 ST;True;True;False;False;True;0.644382003;64.43820032
Manhattan;Upper West Side (Central);1031541;4;54;89;W  89 ST;10024;54 W  89 ST;True;True;True;False;False;0.142062859;14.20628592
Manhattan;Midtown-Times Square;1022667;25;114;47;W  47 ST;10036;114 W  47 ST;True;False;False;False;True;0.767498742;76.74987418
Manhattan;Hell's Kitchen;1026880;5;465;57;W  57 ST;10019;465 W  57 ST;True;False;False;False;True;0.139197873;13.91978729
Manhattan;Midtown-Times Square;1023756;25;110;CENTRAL;CENTRAL PARK S;10019;110 CENTRAL PARK S;True;False;False;False;True;0.823741214;82.37412142
Manhattan;Hell's Kitchen;1025249;5;360;53;W  53 ST;10019;360 W  53 ST;True;True;True;False;False;0.248935221;24.89352215
Manhattan;Upper West Side-Lincoln Square;1028462;4;;;;;;True;False;True;False;False;0.137893067;13.78930666
Manhattan;Upper West Side-Lincoln Square;1029920;2;159;72;W  72 ST;10023;159 W  72 ST;True;False;False;False;True;0.792641391;79.26413911
Manhattan;Midtown South-Flatiron-Union Square;1017081;5;;;;;;True;False;False;False;True;0.581686228;58.16862277
Manhattan;Upper West Side (Central);1031322;4;38;85;W  85 ST;10024;38 W  85 ST;True;True;True;False;False;0.129460188;12.94601876
Manhattan;Chelsea-Hudson Yards;1013474;4;343;29;W  29 ST;10001;343 W  29 ST;True;True;True;False;False;0.09475346;9.475346017
Manhattan;Upper West Side-Lincoln Square;1028608;5;51;71;W  71 ST;10023;51 W  71 ST;True;True;True;False;False;0.157400949;15.74009491
Manhattan;Hell's Kitchen;1026624;5;448;49;W  49 ST;10019;448 W  49 ST;True;True;True;False;False;0.208059046;20.8059046
Manhattan;Hell's Kitchen;1026805;5;450;55;W  55 ST;10019;450 W  55 ST;True;True;True;False;False;0.164215881;16.42158805
Manhattan;Hell's Kitchen;1025063;5;326;47;W  47 ST;10036;326 W  47 ST;True;True;True;False;False;0.659375107;65.93751068
Manhattan;Chelsea-Hudson Yards;1012413;5;299;10;10 AVE;10001;299 10 AVE;True;False;True;False;True;0.692467834;69.24678342
Manhattan;Chelsea-Hudson Yards;1013337;4;198;9;9 AVE;10011;198 9 AVE;True;True;False;True;False;0.630340455;63.03404548
Manhattan;Upper West Side (Central);1031417;5;;;;;;True;True;True;False;False;0.120299223;12.02992225
Manhattan;Midtown-Times Square;1024857;8;204;55;W  55 ST;10019;204 W  55 ST;True;False;True;False;True;0.733371412;73.33714122
Manhattan;Upper West Side-Lincoln Square;1028129;5;;;;;;True;True;True;False;False;0.1087204;10.87203999
Manhattan;Upper West Side (Central);1031481;4;50;88;W  88 ST;10024;50 W  88 ST;True;True;True;False;False;0.101323673;10.13236733
Manhattan;Midtown-Times Square;1015981;12;42;38;W  38 ST;10018;42 W  38 ST;True;False;False;False;True;0.877217404;87.72174041
Manhattan;Hell's Kitchen;1026494;5;;;;;;True;False;True;False;False;0.133099068;13.30990682
Manhattan;Upper West Side (Central);1030231;4;;;;;;True;True;False;False;False;0.048031386;4.803138637
Manhattan;Hell's Kitchen;1026972;5;520;47;W  47 ST;10036;520 W  47 ST;True;True;False;False;False;0.63894983;63.89498301
Manhattan;Hell's Kitchen;1025150;5;320;49;W  49 ST;10019;320 W  49 ST;True;False;False;False;True;0.228204765;22.82047647
Manhattan;Upper West Side (Central);1030050;4;309;AMSTERDAM;AMSTERDAM AVE;10023;309 AMSTERDAM AVE;True;False;False;False;True;0.683919553;68.3919553
Manhattan;Gramercy;1019559;3;221;17;E  17 ST;10003;221 E  17 ST;True;True;True;False;False;0.126833832;12.68338315
Manhattan;Hell's Kitchen;1027146;2;;;;;;False;False;False;False;False;0.528058887;52.8058887
Manhattan;Midtown South-Flatiron-Union Square;1015481;1;;;;;;True;False;False;False;True;0.599864383;59.98643827
Manhattan;Midtown South-Flatiron-Union Square;1015567;5;12;23;W  23 ST;10010;12 W  23 ST;True;False;False;False;True;0.797766924;79.77669237
Manhattan;Hell's Kitchen;1026556;5;441;47;W  47 ST;10036;441 W  47 ST;True;False;True;False;False;0.281138307;28.11383069
Manhattan;Hell's Kitchen;1026362;3.5;;;;;;True;True;True;False;False;0.398555958;39.85559579
Manhattan;Chelsea-Hudson Yards;1013717;4;241;14;W  14 ST;10011;241 W  14 ST;True;True;False;True;True;0.134767417;13.47674171
Manhattan;Chelsea-Hudson Yards;1013752;5;260;15;W  15 ST;10011;260 W  15 ST;True;True;True;False;False;0.146591966;14.6591966
Manhattan;Upper West Side (Central);1031649;4;26;94;W  94 ST;10025;26 W  94 ST;True;True;True;False;False;0.213749816;21.37498162
Manhattan;Upper West Side (Central);1028786;4;50;76;W  76 ST;10023;50 W  76 ST;True;True;False;False;False;0.061894295;6.189429533
Manhattan;Midtown South-Flatiron-Union Square;1015150;19;130;30;W  30 ST;10001;130 W  30 ST;True;False;True;False;False;0.852513423;85.25134234
Manhattan;Hell's Kitchen;1026321;4;409;40;W  40 ST;10018;409 W  40 ST;True;False;True;False;True;0.411696315;41.16963148
Manhattan;Midtown South-Flatiron-Union Square;1016960;5;31;30;E  30 ST;10016;31 E  30 ST;True;False;False;False;True;0.239900066;23.99000656
Manhattan;Midtown-Times Square;1014480;12;219;38;W  38 ST;10018;219 W  38 ST;True;True;False;False;False;0.818467321;81.84673207
Manhattan;Upper West Side (Central);1028820;16;40;77;W  77 ST;10024;40 W  77 ST;True;False;False;False;True;0.647223328;64.7223328
Manhattan;Gramercy;1019578;3;;;;;;True;True;True;False;False;0.086326156;8.632615602
Manhattan;Midtown-Times Square;1016014;19;42;39;W  39 ST;10018;42 W  39 ST;True;False;False;False;True;0.87196671;87.19667099
Manhattan;Midtown South-Flatiron-Union Square;1015755;4;43;29;W  29 ST;10001;43 W  29 ST;True;False;False;False;True;0.84681165;84.68116501
Manhattan;Chelsea-Hudson Yards;1013817;6;214;17;W  17 ST;10011;214 W  17 ST;True;False;False;False;False;0.572693863;57.26938632
Manhattan;Chelsea-Hudson Yards;1013473;4;;;;;;True;True;True;False;False;0.077731464;7.77314645
Manhattan;Chelsea-Hudson Yards;1013089;6;364;18;W  18 ST;10011;364 W  18 ST;False;False;False;False;False;0.804803785;80.4803785
Manhattan;Chelsea-Hudson Yards;1013232;3;332;20;W  20 ST;10011;332 W  20 ST;True;True;True;False;False;0.107519442;10.75194421
Manhattan;Chelsea-Hudson Yards;1012589;3.5;418;20;W  20 ST;10011;418 W  20 ST;True;True;True;False;False;0.097701688;9.770168767
Manhattan;Midtown-Times Square;1024738;7;;;;;;True;False;False;False;True;0.321074958;32.10749583
Manhattan;Upper West Side (Central);1031755;12;157;79;W  79 ST;10024;157 W  79 ST;True;False;False;False;True;0.630738556;63.07385556
Manhattan;Chelsea-Hudson Yards;1013103;4;315;18;W  18 ST;10011;315 W  18 ST;True;True;True;False;False;0.201824632;20.18246316
Manhattan;Upper West Side (Central);1031604;4;41;90;W  90 ST;10024;41 W  90 ST;True;False;False;True;True;0.129019439;12.90194392
Manhattan;Upper West Side (Central);1031546;3;67;89;W  89 ST;10024;67 W  89 ST;True;True;True;False;False;0.136897854;13.68978535
Manhattan;Upper West Side-Lincoln Square;1028486;4;43;68;W  68 ST;10023;43 W  68 ST;True;True;True;False;False;0.151573993;15.15739934
Manhattan;Midtown South-Flatiron-Union Square;1015764;1;1;29;W  29 ST;10001;1 W  29 ST;True;True;True;False;False;0.10064222;10.06422202
Manhattan;Midtown-Times Square;1014446;24;218;37;W  37 ST;10018;218 W  37 ST;True;False;False;False;True;0.917808443;91.7808443
Manhattan;Chelsea-Hudson Yards;1012605;4;456;20;W  20 ST;10011;456 W  20 ST;True;True;True;False;False;0.143364061;14.33640614
Manhattan;Chelsea-Hudson Yards;1014001;4;246;20;W  20 ST;10011;246 W  20 ST;True;True;False;False;False;0.157829612;15.78296124
Manhattan;Midtown South-Flatiron-Union Square;1015595;11;27;24;W  24 ST;10010;27 W  24 ST;False;False;False;False;False;0.822975555;82.29755548
Manhattan;Upper West Side-Lincoln Square;1027467;40;15;63;W  63 ST;10023;15 W  63 ST;False;False;False;False;False;0.965634586;96.56345863
Manhattan;Hell's Kitchen;1026899;5;886;10;10 AVE;10019;886 10 AVE;True;False;False;False;True;0.607241789;60.72417892
Manhattan;Midtown-Times Square;1022640;12;115;45;W  45 ST;10036;115 W  45 ST;True;False;False;False;True;0.860578986;86.05789856
Manhattan;Midtown-Times Square;1014485;30;200;39;W  39 ST;10018;200 W  39 ST;True;False;False;False;True;0.787058335;78.70583352
Manhattan;Chelsea-Hudson Yards;1014745;6;141;20;W  20 ST;10011;141 W  20 ST;True;False;False;False;True;0.845940885;84.59408855
Manhattan;Upper West Side-Lincoln Square;1028455;5;21;68;W  68 ST;10023;21 W  68 ST;True;True;False;False;False;0.170521313;17.05213132
Manhattan;Midtown South-Flatiron-Union Square;1017098;16;185;MADISON;MADISON AVE;10016;185 MADISON AVE;True;False;False;False;True;0.880566756;88.05667557
Manhattan;Hell's Kitchen;1025429;7;315;55;W  55 ST;10019;315 W  55 ST;True;False;False;False;True;0.64854537;64.85453704
Manhattan;Chelsea-Hudson Yards;1012478;;550;36;W  36 ST;10018;550 W  36 ST;True;False;False;False;True;0.581242967;58.12429673
Manhattan;Gramercy;1018178;5;378;3;3 AVE;10016;378 3 AVE;True;False;False;False;True;0.748248409;74.82484093
Manhattan;Upper West Side (Central);1031144;9;32;82;W  82 ST;10024;32 W  82 ST;True;True;False;False;False;0.636798971;63.67989707
Manhattan;Upper West Side-Lincoln Square;1028945;4;116;69;W  69 ST;10023;116 W  69 ST;True;True;True;False;False;0.151918231;15.1918231
Manhattan;Midtown-Times Square;1022666;9;129;46;W  46 ST;10036;129 W  46 ST;True;True;True;True;False;0.559046554;55.90465539
Manhattan;Upper West Side (Central);1031567;7;1;89;W  89 ST;10024;1 W  89 ST;True;False;True;False;True;0.731686027;73.16860267
Manhattan;Chelsea-Hudson Yards;1014997;4;170;25;W  25 ST;10001;170 W  25 ST;True;True;True;False;False;0.640347416;64.03474163
Manhattan;Midtown South-Flatiron-Union Square;1015305;5;;;;;;True;False;False;False;True;0.199875486;19.9875486
Manhattan;Midtown-Times Square;1024811;13;1650;BROADWAY;BROADWAY;10019;1650 BROADWAY;True;False;False;False;True;0.845775938;84.57759384
Manhattan;Chelsea-Hudson Yards;1012581;5;402;20;W  20 ST;10011;402 W  20 ST;True;True;True;False;False;0.170424726;17.04247261
Manhattan;Hell's Kitchen;1026710;5;465;51;W  51 ST;10019;465 W  51 ST;True;False;False;False;True;0.66344102;66.34410202
Manhattan;Chelsea-Hudson Yards;1013890;1;176;8;8 AVE;10011;176 8 AVE;True;False;False;True;True;0.794733592;79.47335924
Manhattan;Chelsea-Hudson Yards;1013282;3;359;21;W  21 ST;10011;359 W  21 ST;True;True;True;False;False;0.05787133;5.787133028
Manhattan;Chelsea-Hudson Yards;1013051;6;325;16;W  16 ST;10011;325 W  16 ST;True;False;False;False;True;0.83132228;83.13222799
Manhattan;Gramercy;1017851;3;141;17;E  17 ST;10003;141 E  17 ST;True;False;True;False;True;0.203236631;20.32366308
Manhattan;Chelsea-Hudson Yards;1015007;12;119;25;W  25 ST;10001;119 W  25 ST;True;False;False;False;True;0.818892494;81.88924937
Manhattan;Midtown South-Flatiron-Union Square;1015600;11;13;24;W  24 ST;10010;13 W  24 ST;True;False;False;True;True;0.850433096;85.04330955
Manhattan;Chelsea-Hudson Yards;1013479;4;;;;;;True;True;True;False;False;0.101832205;10.18322046
Manhattan;Chelsea-Hudson Yards;1014807;4;132;23;W  23 ST;10011;132 W  23 ST;True;False;False;False;True;0.697733591;69.77335915
Manhattan;Upper West Side (Central);1031495;4;56;88;W  88 ST;10024;56 W  88 ST;True;True;False;False;False;0.124959703;12.4959703
Manhattan;Gramercy;1017811;5;130;16;E  16 ST;10003;130 E  16 ST;True;True;True;True;False;0.551641824;55.16418243
Manhattan;Upper West Side (Central);1031072;4;306;77;W  77 ST;10024;306 W  77 ST;True;True;False;False;False;0.06063504;6.063503999
Manhattan;Hell's Kitchen;1026580;5;688;10;10 AVE;10019;688 10 AVE;True;False;False;False;True;0.212935051;21.29350511
Manhattan;Chelsea-Hudson Yards;1012811;5;430;25;W  25 ST;10001;430 W  25 ST;True;False;False;False;True;0.433556423;43.35564227
Manhattan;Chelsea-Hudson Yards;1013559;4;323;34;W  34 ST;10001;323 W  34 ST;False;False;False;False;False;0.731446175;73.14461753
Manhattan;Chelsea-Hudson Yards;1014948;12;153;23;W  23 ST;10011;153 W  23 ST;True;False;False;False;True;0.87750582;87.75058196
Manhattan;Chelsea-Hudson Yards;1014555;3;125;15;W  15 ST;10011;125 W  15 ST;True;True;True;False;False;0.164915809;16.49158094
Manhattan;Midtown-Times Square;1022678;45;111;47;W  47 ST;10036;111 W  47 ST;True;False;False;False;True;0.876891055;87.6891055
Manhattan;Hell's Kitchen;1026745;5;409;52;W  52 ST;10019;409 W  52 ST;True;True;False;True;False;0.20690714;20.69071397
Manhattan;Hell's Kitchen;1026423;5;426;45;W  45 ST;10036;426 W  45 ST;True;True;True;False;False;0.213316227;21.33162272
Manhattan;Upper West Side-Lincoln Square;1029659;4;137;69;W  69 ST;10023;137 W  69 ST;True;True;True;False;False;0.136052289;13.6052289
Manhattan;Upper West Side (Central);1031239;3;52;84;W  84 ST;10024;52 W  84 ST;True;True;False;False;False;0.067068961;6.706896132
Manhattan;Upper West Side-Lincoln Square;1028552;4;37;70;W  70 ST;10023;37 W  70 ST;True;True;False;False;False;0.105521837;10.55218369
Manhattan;Hell's Kitchen;1025190;5;750;9;9 AVE;10019;750 9 AVE;True;False;False;False;True;0.650819309;65.08193091
Manhattan;Hell's Kitchen;1026756;5;441;53;W  53 ST;10019;441 W  53 ST;True;False;False;False;True;0.570649261;57.06492612
Manhattan;Midtown-Times Square;1014415;17;240;35;W  35 ST;10001;240 W  35 ST;True;False;False;False;True;0.879554323;87.95543233
Manhattan;Midtown-Times Square;1016044;16;15;39;W  39 ST;10018;15 W  39 ST;True;False;False;False;True;0.885923299;88.59232987
Manhattan;Upper West Side (Central);1031494;4;48;88;W  88 ST;10024;48 W  88 ST;True;True;False;False;False;0.069122937;6.912293749
Manhattan;Upper West Side-Lincoln Square;1028490;4;61;69;W  69 ST;10023;61 W  69 ST;True;True;True;True;False;0.148538172;14.85381716
Manhattan;Upper West Side-Lincoln Square;1028502;4;29;69;W  69 ST;10023;29 W  69 ST;True;True;True;False;False;0.165979946;16.59799464
Manhattan;Chelsea-Hudson Yards;1013093;4;;;;;;True;True;True;False;False;0.669659974;66.96599736
Manhattan;Midtown-Times Square;1015943;4;16;37;W  37 ST;10018;16 W  37 ST;True;False;False;False;True;0.830686102;83.06861019
Manhattan;Hell's Kitchen;1026577;4;451;47;W  47 ST;10036;451 W  47 ST;True;True;True;False;False;0.117609576;11.76095761
Manhattan;Upper West Side-Lincoln Square;1028130;9;35;64;W  64 ST;10023;35 W  64 ST;True;True;True;True;True;0.78430596;78.430596
Manhattan;Midtown South-Flatiron-Union Square;1015205;5;130;34;W  34 ST;10001;130 W  34 ST;True;False;False;False;True;0.865806524;86.5806524
Manhattan;Chelsea-Hudson Yards;1013603;5;334;37;W  37 ST;10018;334 W  37 ST;True;False;False;False;True;0.243750863;24.37508634
Manhattan;Upper West Side (Central);1030876;5;266;77;W  77 ST;10024;266 W  77 ST;True;True;True;False;False;0.112347068;11.23470676
Manhattan;Chelsea-Hudson Yards;1012635;4;;;;;;True;True;True;False;False;0.092490166;9.249016599
Manhattan;Chelsea-Hudson Yards;1012357;1;235;10;10 AVE;10011;235 10 AVE;True;False;False;False;True;0.797110721;79.71107206
Manhattan;Hell's Kitchen;1026455;5;;;;;;True;False;False;False;True;0.750377687;75.03776866
Manhattan;Midtown South-Flatiron-Union Square;1017085;4;60;34;E  34 ST;10016;60 E  34 ST;True;False;False;False;True;0.692759198;69.27591976
Manhattan;Midtown South-Flatiron-Union Square;1015594;8;41;24;W  24 ST;10010;41 W  24 ST;True;False;False;True;True;0.773405837;77.34058372
Manhattan;Midtown-Times Square;1022616;16;120;44;W  44 ST;10036;120 W  44 ST;True;False;False;True;True;0.67820269;67.820269
Manhattan;Chelsea-Hudson Yards;1013808;5;217;16;W  16 ST;10011;217 W  16 ST;True;False;False;False;True;0.669048043;66.9048043
Manhattan;Midtown South-Flatiron-Union Square;1015712;3;824;OF THE AMERICAS;AVE OF THE AMERICAS;10001;824 AVE OF THE AMERICAS;True;False;False;False;True;0.781464995;78.14649945
Manhattan;Upper West Side-Lincoln Square;1030401;6;264;71;W  71 ST;10023;264 W  71 ST;True;True;True;False;False;0.148318806;14.83188058
Manhattan;Upper West Side (Central);1031198;5;60;83;W  83 ST;10024;60 W  83 ST;True;True;False;False;False;0.16800844;16.80084404
Manhattan;Upper West Side (Central);1031145;4;48;82;W  82 ST;10024;48 W  82 ST;True;True;True;False;False;0.155449996;15.54499962
Manhattan;Upper West Side-Lincoln Square;1030974;5;341;71;W  71 ST;10023;341 W  71 ST;True;True;True;False;False;0.184167813;18.41678133
Manhattan;Gramercy;1018060;4;132;24;E  24 ST;10010;132 E  24 ST;True;True;True;False;False;0.613464665;61.34646646
Manhattan;Hell's Kitchen;1026319;6;450;41;W  41 ST;10036;450 W  41 ST;True;False;False;False;False;0.556722335;55.67223354
Manhattan;Midtown-Times Square;1017198;5.5;233;MADISON;MADISON AVE;10016;233 MADISON AVE;True;False;True;False;False;0.496321829;49.63218294
Manhattan;Chelsea-Hudson Yards;1012666;4;485;22;W  22 ST;10011;485 W  22 ST;True;True;True;False;False;0.08776283;8.776283022
Manhattan;Hell's Kitchen;1026948;1;532;46;W  46 ST;10036;532 W  46 ST;True;False;False;False;True;0.795510558;79.55105578
Manhattan;Upper West Side (Central);1031310;20;241;CENTRAL;CENTRAL PARK W;10024;241 CENTRAL PARK W;True;False;False;False;True;0.68942546;68.94254595
Manhattan;Upper West Side (Central);1030718;13;257;74;W  74 ST;10023;257 W  74 ST;True;False;False;False;True;0.593410547;59.34105475
Manhattan;Gramercy;1019511;5;239;14;E  14 ST;10003;239 E  14 ST;True;False;False;False;True;0.638221941;63.82219409
Manhattan;Chelsea-Hudson Yards;1013358;5;319;22;W  22 ST;10011;319 W  22 ST;True;False;False;True;True;0.168389876;16.8389876
Manhattan;Gramercy;1019555;4;211;17;E  17 ST;10003;211 E  17 ST;True;True;True;False;False;0.101710863;10.17108633
Manhattan;Hell's Kitchen;1026933;2;558;44;W  44 ST;10036;558 W  44 ST;True;True;False;False;False;0.759182649;75.91826489
Manhattan;Midtown-Times Square;1022676;10;157;47;W  47 ST;10036;157 W  47 ST;True;False;False;False;False;0.721135819;72.11358195
Manhattan;Chelsea-Hudson Yards;1012852;5;424;34;W  34 ST;10001;424 W  34 ST;True;True;True;False;False;0.337738656;33.77386559
Manhattan;Upper West Side-Lincoln Square;1028242;17;1;67;W  67 ST;10023;1 W  67 ST;True;False;False;False;False;0.65220527;65.22052696
Manhattan;Upper West Side (Central);1031508;4;29;88;W  88 ST;10024;29 W  88 ST;True;True;False;True;False;0.051611324;5.161132443
Manhattan;Midtown-Times Square;1015265;43;133;38;W  38 ST;10018;133 W  38 ST;True;False;False;False;True;0.969498811;96.94988106
Manhattan;Hell's Kitchen;1025081;3;361;46;W  46 ST;10036;361 W  46 ST;True;True;True;False;False;0.668437111;66.84371107
Manhattan;Chelsea-Hudson Yards;1013616;6;;;;;;True;True;True;False;False;0.385848168;38.58481678
Manhattan;Chelsea-Hudson Yards;1014730;8;110;20;W  20 ST;10011;110 W  20 ST;True;False;False;False;True;0.774127381;77.41273808
Manhattan;Midtown South-Flatiron-Union Square;1016179;8;36;20;E  20 ST;10003;36 E  20 ST;True;False;False;False;True;0.81889166;81.88916599
Manhattan;Midtown-Times Square;1023731;5;1409;OF THE AMERICAS;AVE OF THE AMERICAS;10019;1409 AVE OF THE AMERICAS;True;False;False;False;True;0.84232782;84.23278198
Manhattan;Gramercy;1020450;3;324;18;E  18 ST;10003;324 E  18 ST;True;True;True;False;False;0.179061001;17.9061001
Manhattan;Chelsea-Hudson Yards;1013123;6;338;19;W  19 ST;10011;338 W  19 ST;True;True;True;False;False;0.191508575;19.15085746
Manhattan;Hell's Kitchen;1026675;4;445;50;W  50 ST;10019;445 W  50 ST;True;True;False;False;False;0.189898705;18.98987051
Manhattan;Chelsea-Hudson Yards;1014761;6;162;21;W  21 ST;10011;162 W  21 ST;True;False;False;True;True;0.877904992;87.79049917
Manhattan;Midtown South-Flatiron-Union Square;1015745;3;;;;;;True;False;False;False;True;0.680457226;68.04572257
Manhattan;Hell's Kitchen;1026512;5;454;47;W  47 ST;10036;454 W  47 ST;True;True;True;False;False;0.2307803;23.07803004
Manhattan;Hell's Kitchen;1025102;4;;;;;;True;False;True;False;False;0.682608669;68.26086688
Manhattan;Upper West Side-Lincoln Square;1030557;3;250;74;W  74 ST;10023;250 W  74 ST;True;True;True;False;False;0.102906768;10.29067684
Manhattan;Upper West Side-Lincoln Square;1029651;4;128;70;W  70 ST;10023;128 W  70 ST;True;True;False;False;False;0.096906198;9.690619838
Manhattan;Hell's Kitchen;1024986;5;347;44;W  44 ST;10036;347 W  44 ST;True;True;True;False;False;0.191582986;19.15829863
Manhattan;Upper West Side-Lincoln Square;1028839;32;1963;BROADWAY;BROADWAY;10023;1963 BROADWAY;True;False;False;False;True;0.95440695;95.44069499
Manhattan;Hell's Kitchen;1025200;3;347;51;W  51 ST;10019;347 W  51 ST;True;True;True;True;False;0.071426207;7.142620678
Manhattan;Chelsea-Hudson Yards;1013318;4;322;22;W  22 ST;10011;322 W  22 ST;True;True;True;False;False;0.10798071;10.79807095
Manhattan;Midtown-Times Square;1017603;33;;;;;;True;False;False;False;True;0.943992784;94.3992784
Manhattan;Gramercy;1019529;4;;;;;;True;True;True;True;False;0.070979525;7.097952508
Manhattan;Midtown-Times Square;1024815;4;251;51;W  51 ST;10019;251 W  51 ST;True;False;True;False;True;0.752503638;75.25036383
Manhattan;Midtown South-Flatiron-Union Square;1017006;4;1;32;E  32 ST;10016;1 E  32 ST;True;False;False;True;True;0.877386969;87.73869692
Manhattan;Midtown-Times Square;1015887;5;51;35;W  35 ST;10001;51 W  35 ST;True;True;True;False;False;0.64359206;64.359206
Manhattan;Gramercy;1020446;6;;;;;;True;True;False;False;False;0.224773386;22.47733861
Manhattan;Upper West Side-Lincoln Square;1029644;4;;;;;;True;True;False;False;False;0.117240132;11.72401315
Manhattan;Upper West Side (Central);1031704;3;;;;;;True;True;True;False;False;0.084953507;8.495350689
Manhattan;Chelsea-Hudson Yards;1014052;5;246;21;W  21 ST;10011;246 W  21 ST;True;True;True;True;False;0.240469565;24.0469565
Manhattan;Upper West Side-Lincoln Square;1029754;10.5;117;70;W  70 ST;10023;117 W  70 ST;True;False;False;False;True;0.573207602;57.32076022
Manhattan;Midtown-Times Square;1014392;6;12;PENN;PENN PLZ;10001;12 PENN PLZ;False;False;False;False;False;0.935137601;93.51376012
Manhattan;Midtown South-Flatiron-Union Square;1015707;16;44;28;W  28 ST;10001;44 W  28 ST;True;False;False;False;True;0.850152975;85.01529746
Manhattan;Hell's Kitchen;1025255;4;361;52;W  52 ST;10019;361 W  52 ST;True;True;False;False;False;0.682893072;68.28930724
Manhattan;Upper West Side (Central);1028810;4;25;76;W  76 ST;10023;25 W  76 ST;True;True;True;False;False;0.110413012;11.04130123
Manhattan;Chelsea-Hudson Yards;1013745;4;232;15;W  15 ST;10011;232 W  15 ST;True;True;True;False;False;0.191329166;19.13291665
Manhattan;Hell's Kitchen;1025051;3;313;46;W  46 ST;10036;313 W  46 ST;True;False;False;False;True;0.202831969;20.28319688
Manhattan;Midtown-Times Square;1015906;7;36;36;W  36 ST;10018;36 W  36 ST;True;False;False;False;True;0.809275415;80.92754151
Manhattan;Hell's Kitchen;1025094;5;;;;;;False;False;False;False;False;0.129683827;12.96838274
Manhattan;Gramercy;1018180;15;382;3;3 AVE;10016;382 3 AVE;True;False;False;False;True;0.867936586;86.79365861
Manhattan;Midtown South-Flatiron-Union Square;1016134;4;870;BROADWAY;BROADWAY;10003;870 BROADWAY;True;False;False;False;True;0.718780826;71.87808257
Manhattan;Chelsea-Hudson Yards;1014077;5;216;22;W  22 ST;10011;216 W  22 ST;True;True;False;False;False;0.226802029;22.68020288
Manhattan;Upper West Side (Central);1031726;5;354;CENTRAL;CENTRAL PARK W;10025;354 CENTRAL PARK W;True;False;True;False;True;0.116815402;11.68154022
Manhattan;Midtown South-Flatiron-Union Square;1015380;5;35;16;W  16 ST;10011;35 W  16 ST;True;True;True;True;False;0.228921367;22.89213669
Manhattan;Upper West Side-Lincoln Square;1030045;4;146;74;W  74 ST;10023;146 W  74 ST;True;True;True;False;False;0.106343951;10.63439512
Manhattan;Upper West Side (Central);1030106;4;118;75;W  75 ST;10023;118 W  75 ST;True;True;True;False;False;0.15507149;15.50714902
Manhattan;Chelsea-Hudson Yards;1014008;4;254;20;W  20 ST;10011;254 W  20 ST;True;False;True;False;True;0.157111065;15.71110651
Manhattan;Chelsea-Hudson Yards;1012499;1;550;37;W  37 ST;10018;550 W  37 ST;True;False;False;False;False;0.430373376;43.03733763
Manhattan;Hell's Kitchen;1026793;4;401;54;W  54 ST;10019;401 W  54 ST;True;False;False;False;True;0.68197983;68.19798295
Manhattan;Upper West Side (Central);1031509;4.5;25;88;W  88 ST;10024;25 W  88 ST;True;True;True;False;False;0.09952256;9.952255967
Manhattan;Midtown-Times Square;1017214;4;36;38;E  38 ST;10016;36 E  38 ST;True;True;True;False;False;0.492795125;49.27951245
Manhattan;Upper West Side (Central);1031430;4;60;87;W  87 ST;10024;60 W  87 ST;True;True;True;False;False;0.145953801;14.59538008
Manhattan;Hell's Kitchen;1026873;5;454;57;W  57 ST;10019;454 W  57 ST;True;True;False;False;False;0.196394327;19.63943273
Manhattan;Upper West Side (Central);1028809;4;27;76;W  76 ST;10023;27 W  76 ST;True;True;True;False;False;0.145896669;14.58966693
Manhattan;Chelsea-Hudson Yards;1014010;3;237;19;W  19 ST;10011;237 W  19 ST;True;True;True;True;False;0.087621188;8.762118817
Manhattan;Chelsea-Hudson Yards;1014567;5;140;16;W  16 ST;10011;140 W  16 ST;True;True;True;False;False;0.189865404;18.98654043
Manhattan;Hell's Kitchen;1026649;4;731;9;9 AVE;10019;731 9 AVE;True;False;False;False;True;0.644900281;64.49002811
Manhattan;Midtown-Times Square;1022668;7;130;47;W  47 ST;10036;130 W  47 ST;True;False;False;False;True;0.557551718;55.75517177
Manhattan;Midtown-Times Square;1022661;17;155;46;W  46 ST;10036;155 W  46 ST;False;False;True;False;False;0.883294311;88.32943106
Manhattan;Upper West Side-Lincoln Square;1030522;15;240;73;W  73 ST;10023;240 W  73 ST;True;False;False;False;True;0.543914544;54.39145438
Manhattan;Upper West Side-Lincoln Square;1028252;5;54;68;W  68 ST;10023;54 W  68 ST;True;False;False;False;True;0.463120596;46.31205956
Manhattan;Chelsea-Hudson Yards;1012781;5;244;10;10 AVE;10001;244 10 AVE;True;False;False;False;True;0.644527101;64.45271006
Manhattan;Gramercy;1018128;3;123;26;E  26 ST;10010;123 E  26 ST;True;True;True;False;False;0.073056469;7.305646946
Manhattan;Midtown-Times Square;1022639;6;119;45;W  45 ST;10036;119 W  45 ST;True;False;False;False;False;0.704555462;70.4555462
Manhattan;Upper West Side-Lincoln Square;1029947;4;128;73;W  73 ST;10023;128 W  73 ST;True;True;True;False;False;0.155359574;15.53595743
Manhattan;Gramercy;1019661;3;228;23;E  23 ST;10010;228 E  23 ST;True;True;False;False;False;0.444140208;44.41402078
Manhattan;Midtown South-Flatiron-Union Square;1016080;13;1;16;E  16 ST;10003;1 E  16 ST;True;False;False;False;True;0.820905982;82.09059821
Manhattan;Midtown South-Flatiron-Union Square;1014225;21;253;26;W  26 ST;10001;253 W  26 ST;True;False;False;False;True;0.73083099;73.08309897
Manhattan;Midtown South-Flatiron-Union Square;1016962;4;39;30;E  30 ST;10016;39 E  30 ST;True;False;False;False;True;0.843064654;84.30646537
Manhattan;Chelsea-Hudson Yards;1012836;12;450;31;W  31 ST;10001;450 W  31 ST;True;True;False;True;False;0.896612361;89.66123614
Manhattan;Upper West Side (Central);1031736;5;38;96;W  96 ST;10025;38 W  96 ST;True;True;False;True;False;0.619172524;61.9172524
Manhattan;Chelsea-Hudson Yards;1012336;10;530;23;W  23 ST;10011;530 W  23 ST;True;False;False;True;True;0.740434474;74.0434474
Manhattan;Midtown-Times Square;1024920;8;222;CENTRAL;CENTRAL PARK S;10019;222 CENTRAL PARK S;True;False;False;False;True;0.50714599;50.71459899
Manhattan;Upper West Side (Central);1031405;16.5;21;86;W  86 ST;10024;21 W  86 ST;True;False;False;False;True;0.830654786;83.0654786
Manhattan;Hell's Kitchen;1026676;16;425;50;W  50 ST;10019;425 W  50 ST;True;False;False;False;False;0.80096708;80.096708
Manhattan;Midtown-Times Square;1015221;2;;;;;;True;False;False;False;True;0.738691773;73.8691773
Manhattan;Upper West Side (Central);1031078;4;320;77;W  77 ST;10024;320 W  77 ST;True;True;True;False;False;0.12117231;12.11723101
Manhattan;Upper West Side-Lincoln Square;1029880;4;137;71;W  71 ST;10023;137 W  71 ST;True;False;True;False;True;0.164896888;16.48968885
Manhattan;Chelsea-Hudson Yards;1013986;6;212;20;W  20 ST;10011;212 W  20 ST;True;True;True;False;False;0.205785887;20.57858869
Manhattan;Hell's Kitchen;1025165;5;712;9;9 AVE;10019;712 9 AVE;True;False;False;False;True;0.652140348;65.2140348
Manhattan;Midtown-Times Square;1017118;6;377;5;5 AVE;10016;377 5 AVE;True;False;False;False;True;0.840622355;84.06223545
Manhattan;Midtown-Times Square;1015913;25;52;36;W  36 ST;10018;52 W  36 ST;True;False;False;False;True;0.881528339;88.15283388
Manhattan;Hell's Kitchen;1027083;5;503;57;W  57 ST;10019;503 W  57 ST;True;False;False;False;True;0.737129923;73.71299228
Manhattan;Hell's Kitchen;1025205;3;333;51;W  51 ST;10019;333 W  51 ST;True;True;True;False;False;0.460223009;46.02230092
Manhattan;Midtown South-Flatiron-Union Square;1015744;14;46;29;W  29 ST;10001;46 W  29 ST;True;False;True;False;True;0.886166559;88.61665586
Manhattan;Midtown-Times Square;1016042;5;23;39;W  39 ST;10018;23 W  39 ST;True;False;True;False;False;0.157913562;15.79135621
Manhattan;Upper West Side (Central);1031370;12;1;85;W  85 ST;10024;1 W  85 ST;True;True;False;False;False;0.743509098;74.35090982
Manhattan;Chelsea-Hudson Yards;1014087;;238;22;W  22 ST;10011;238 W  22 ST;True;True;True;False;False;0.12691784;12.69178397
Manhattan;Hell's Kitchen;1026735;5;760;10;10 AVE;10019;760 10 AVE;True;False;False;False;True;0.648848586;64.88485862
Manhattan;Hell's Kitchen;1026734;5;762;10;10 AVE;10019;762 10 AVE;True;False;False;False;True;0.164196847;16.41968475
Manhattan;Upper West Side-Lincoln Square;1028572;4;32;71;W  71 ST;10023;32 W  71 ST;True;True;False;False;False;0.155105197;15.51051966
Manhattan;Hell's Kitchen;1026626;4;452;49;W  49 ST;10019;452 W  49 ST;True;True;True;False;False;0.180831926;18.08319256
Manhattan;Chelsea-Hudson Yards;1014955;4;725;OF THE AMERICAS;AVE OF THE AMERICAS;10010;725 AVE OF THE AMERICAS;False;False;False;False;False;0.712564185;71.25641851
Manhattan;Hell's Kitchen;1026732;5;444;52;W  52 ST;10019;444 W  52 ST;True;False;True;False;True;0.187000442;18.70004421
Manhattan;Upper West Side (Central);1031137;5;33;81;W  81 ST;10024;33 W  81 ST;True;True;False;False;False;0.132044771;13.20447708
Manhattan;Chelsea-Hudson Yards;1013227;3;322;20;W  20 ST;10011;322 W  20 ST;True;True;True;False;False;0.062580017;6.258001747
Manhattan;Upper West Side-Lincoln Square;1030985;5;309;72;W  72 ST;10023;309 W  72 ST;True;True;False;False;False;0.200455093;20.04550928
Manhattan;Gramercy;1017794;5;20;IRVING;IRVING PL;10003;20 IRVING PL;False;False;False;False;False;0.631289714;63.12897143
Manhattan;Upper West Side-Lincoln Square;1030011;15;141;73;W  73 ST;10023;141 W  73 ST;True;False;True;False;True;0.59208414;59.20841402
Manhattan;Hell's Kitchen;1025448;4;335;55;W  55 ST;10019;335 W  55 ST;True;False;True;False;False;0.19451432;19.45143203
Manhattan;Hell's Kitchen;1026593;5;;;;;;True;False;True;False;False;0.135550178;13.55501782
Manhattan;Chelsea-Hudson Yards;1013711;20;80;8;8 AVE;10011;80 8 AVE;True;False;False;False;True;0.703444122;70.34441216
Manhattan;Chelsea-Hudson Yards;1013879;2;217;18;W  18 ST;10011;217 W  18 ST;True;False;False;False;True;0.608413487;60.84134874
Manhattan;Gramercy;1017865;4;119;18;E  18 ST;10003;119 E  18 ST;False;False;False;False;False;0.718891021;71.88910212
Manhattan;Upper West Side-Lincoln Square;1030333;8;239;63;W  63 ST;10023;239 W  63 ST;True;True;False;True;False;0.591830006;59.18300058
Manhattan;Midtown-Times Square;1023750;22;180;CENTRAL;CENTRAL PARK S;10019;180 CENTRAL PARK S;True;False;False;False;True;0.749400737;74.94007366
Manhattan;Upper West Side (Central);1031365;5;;;;;;True;True;True;False;False;0.140062687;14.00626871
Manhattan;Hell's Kitchen;1026453;5;401;45;W  45 ST;10036;401 W  45 ST;True;False;False;False;True;0.658373178;65.83731783
Manhattan;Upper West Side-Lincoln Square;1028468;5;36;69;W  69 ST;10023;36 W  69 ST;True;True;True;True;False;0.122942417;12.29424173
Manhattan;Chelsea-Hudson Yards;1013575;25;505;8;8 AVE;10018;505 8 AVE;True;False;False;False;True;0.757496274;75.74962744
Manhattan;Upper West Side (Central);1031516;4;22;89;W  89 ST;10024;22 W  89 ST;True;True;False;False;False;0.212758303;21.27583029
Manhattan;Chelsea-Hudson Yards;1014114;4;227;22;W  22 ST;10011;227 W  22 ST;True;True;True;False;False;0.102508857;10.2508857
Manhattan;Upper West Side-Lincoln Square;1030524;4;248;73;W  73 ST;10023;248 W  73 ST;True;True;True;False;False;0.172966408;17.29664078
Manhattan;Upper West Side (Central);1031565;4;15;89;W  89 ST;10024;15 W  89 ST;True;True;True;False;False;0.054151266;5.415126631
Manhattan;Hell's Kitchen;1025421;6;360;55;W  55 ST;10019;360 W  55 ST;True;False;False;False;True;0.565882844;56.58828436
Manhattan;Hell's Kitchen;1026693;5;410;51;W  51 ST;10019;410 W  51 ST;True;True;True;False;False;0.222241889;22.22418887
Manhattan;Chelsea-Hudson Yards;1013096;10;351;18;W  18 ST;10011;351 W  18 ST;True;False;False;False;True;0.557381265;55.73812653
Manhattan;Midtown-Times Square;1022566;12;1071;OF THE AMERICAS;AVE OF THE AMERICAS;10018;1071 AVE OF THE AMERICAS;True;False;False;False;True;0.827004137;82.70041367
Manhattan;Hell's Kitchen;1026713;2;461;51;W  51 ST;10019;461 W  51 ST;True;True;True;True;False;0.305856246;30.58562461
Manhattan;Midtown-Times Square;1024721;4;732;8;8 AVE;10036;732 8 AVE;True;False;False;False;True;0.773464021;77.34640209
Manhattan;Chelsea-Hudson Yards;1014780;13;;;;;;True;False;False;False;True;0.892427231;89.24272312
Manhattan;Hell's Kitchen;1024980;4;604;9;9 AVE;10036;604 9 AVE;True;False;False;False;True;0.704982346;70.49823457
Manhattan;Midtown South-Flatiron-Union Square;1015393;11;;;;;;False;False;False;False;False;0.745345906;74.53459057
Manhattan;Upper West Side-Lincoln Square;1029643;4;117;69;W  69 ST;10023;117 W  69 ST;True;True;True;False;False;0.156094466;15.60944663
Manhattan;Upper West Side-Lincoln Square;1028688;6;54;74;W  74 ST;10023;54 W  74 ST;True;False;False;False;True;0.669033378;66.90333783
Manhattan;Chelsea-Hudson Yards;1013510;4;341;29;W  29 ST;10001;341 W  29 ST;True;True;True;False;False;0.118967611;11.89676107
Manhattan;Midtown South-Flatiron-Union Square;1015513;4;64;21;W  21 ST;10010;64 W  21 ST;True;False;False;False;True;0.652839964;65.28399635
Manhattan;Upper West Side-Lincoln Square;1028666;5;11;73;W  73 ST;10023;11 W  73 ST;True;True;True;False;False;0.152611458;15.26114576
Manhattan;Upper West Side (Central);1030109;4;152;75;W  75 ST;10023;152 W  75 ST;True;True;True;False;False;0.160116813;16.01168134
Manhattan;Chelsea-Hudson Yards;1013068;5;110;9;9 AVE;10011;110 9 AVE;True;False;False;False;True;0.659827015;65.98270151
Manhattan;Midtown-Times Square;1024710;6;258;44;W  44 ST;10036;258 W  44 ST;True;False;False;False;True;0.857729881;85.77298814
Manhattan;Gramercy;1017908;6;105;19;E  19 ST;10003;105 E  19 ST;True;True;True;False;False;0.592909073;59.29090727
Manhattan;Chelsea-Hudson Yards;1012290;7;516;20;W  20 ST;10011;516 W  20 ST;True;False;False;False;True;0.761181426;76.11814265
Manhattan;Hell's Kitchen;1026552;3;455;47;W  47 ST;10036;455 W  47 ST;True;True;True;False;False;0.19434369;19.43436902
Manhattan;Midtown South-Flatiron-Union Square;1015509;5;46;21;W  21 ST;10010;46 W  21 ST;True;False;False;False;True;0.703153786;70.31537861
Manhattan;Chelsea-Hudson Yards;1014061;6;224;8;8 AVE;10011;224 8 AVE;True;False;False;False;True;0.679942785;67.99427847
Manhattan;Upper West Side (Central);1030160;4;155;75;W  75 ST;10023;155 W  75 ST;True;True;True;False;False;0.162295525;16.22955253
Manhattan;Upper West Side (Central);1028696;4;53;74;W  74 ST;10023;53 W  74 ST;True;True;True;False;False;0.144380036;14.43800363
Manhattan;Upper West Side-Lincoln Square;1029761;5;230;COLUMBUS;COLUMBUS AVE;10023;230 COLUMBUS AVE;True;True;False;False;True;0.547164845;54.71648451
Manhattan;Upper West Side-Lincoln Square;1028541;5;227;COLUMBUS;COLUMBUS AVE;10023;227 COLUMBUS AVE;True;False;True;False;False;0.551722916;55.17229159
Manhattan;Chelsea-Hudson Yards;1012602;4;450;20;W  20 ST;10011;450 W  20 ST;True;True;True;False;False;0.110304002;11.03040019
Manhattan;Chelsea-Hudson Yards;1014051;6;244;21;W  21 ST;10011;244 W  21 ST;True;True;True;False;False;0.22970857;22.97085705
Manhattan;Upper West Side (Central);1031195;4;42;83;W  83 ST;10024;42 W  83 ST;True;True;False;False;False;0.16369559;16.36955903
Manhattan;Upper West Side (Central);1031768;4;110;80;W  80 ST;10024;110 W  80 ST;True;True;True;False;False;0.108918518;10.89185183
Manhattan;Chelsea-Hudson Yards;1014726;12;151;19;W  19 ST;10011;151 W  19 ST;True;False;False;False;True;0.86732817;86.73281697
Manhattan;Chelsea-Hudson Yards;1013011;10;333;14;W  14 ST;10014;333 W  14 ST;True;True;True;False;False;0.264542188;26.45421876
Manhattan;Midtown-Times Square;1017184;12;38;37;E  37 ST;10016;38 E  37 ST;True;False;True;False;True;0.387936974;38.79369738
Manhattan;Hell's Kitchen;1025091;3;339;47;W  47 ST;10036;339 W  47 ST;True;False;False;False;True;0.362576535;36.25765346
Manhattan;Upper West Side-Lincoln Square;1030362;4;259;70;W  70 ST;10023;259 W  70 ST;True;True;False;False;False;0.107214152;10.72141525
Manhattan;Midtown-Times Square;1016054;4.5;28;40;W  40 ST;10018;28 W  40 ST;True;False;True;False;True;0.164536559;16.45365595
Manhattan;Midtown-Times Square;1016002;12;15;38;W  38 ST;10018;15 W  38 ST;True;False;False;False;True;0.831909363;83.19093628
Manhattan;Gramercy;1020557;3;;;;;;True;True;False;False;False;0.709868961;70.9868961
Manhattan;Upper West Side-Lincoln Square;1030555;5;273;73;W  73 ST;10023;273 W  73 ST;True;True;True;False;False;0.105209294;10.52092939
Manhattan;Upper West Side (Central);1031488;4;39;87;W  87 ST;10024;39 W  87 ST;True;True;True;False;False;0.097800303;9.780030264
Manhattan;Chelsea-Hudson Yards;1012554;4;134;10;10 AVE;10011;134 10 AVE;True;False;False;True;True;0.700995813;70.09958129
Manhattan;Upper West Side (Central);1031639;8;50;93;W  93 ST;10025;50 W  93 ST;True;False;True;False;False;0.577563937;57.75639374
Manhattan;Chelsea-Hudson Yards;1013780;5;220;16;W  16 ST;10011;220 W  16 ST;True;True;False;True;True;0.619208899;61.92088989
Manhattan;Upper West Side-Lincoln Square;1030021;4;;;;;;True;True;True;False;False;0.129165755;12.91657546
Manhattan;Gramercy;1019515;6;235;2;2 AVE;10003;235 2 AVE;True;True;True;False;False;0.771868465;77.18684653
Manhattan;Chelsea-Hudson Yards;1013252;4;345;20;W  20 ST;10011;345 W  20 ST;True;True;True;False;False;0.090504873;9.05048728
Manhattan;Chelsea-Hudson Yards;1013087;5;354;18;W  18 ST;10011;354 W  18 ST;True;True;True;False;False;0.166163002;16.61630023
Manhattan;Midtown South-Flatiron-Union Square;1015759;8;1200;BROADWAY;BROADWAY;10001;1200 BROADWAY;True;False;False;False;True;0.713490586;71.34905859
Manhattan;Midtown South-Flatiron-Union Square;1015460;7;59;19;W  19 ST;10011;59 W  19 ST;True;False;False;False;True;0.719511024;71.95110242
Manhattan;Hell's Kitchen;1026606;5;;;;;;True;True;False;False;False;0.65692882;65.692882
Manhattan;Upper West Side (Central);1030169;15;341;AMSTERDAM;AMSTERDAM AVE;10024;341 AMSTERDAM AVE;True;False;True;False;False;0.744622339;74.46223394
Manhattan;Chelsea-Hudson Yards;1014772;4;131;21;W  21 ST;10011;131 W  21 ST;False;False;False;False;False;0.72915424;72.91542398
Manhattan;Chelsea-Hudson Yards;1012376;3;532;25;W  25 ST;10001;532 W  25 ST;True;False;False;False;True;0.765678699;76.56786986
Manhattan;Upper West Side-Lincoln Square;1030440;4;215;71;W  71 ST;10023;215 W  71 ST;True;True;True;True;False;0.059138361;5.91383612
Manhattan;Chelsea-Hudson Yards;1013893;5;170;8;8 AVE;10011;170 8 AVE;True;True;False;False;False;0.646467668;64.64676677
Manhattan;Gramercy;1017804;22;142;16;E  16 ST;10003;142 E  16 ST;True;False;False;True;True;0.831248903;83.12489026
Manhattan;Hell's Kitchen;1026054;8;1000;8;8 AVE;10019;1000 8 AVE;True;False;False;False;True;0.866919263;86.69192628
Manhattan;Chelsea-Hudson Yards;1013999;4;;;;;;True;False;True;False;True;0.719581466;71.95814657
Manhattan;Upper West Side-Lincoln Square;1030439;3;;;;;;True;False;False;False;True;0.122016797;12.20167969
Manhattan;Upper West Side (Central);1030872;4;354;END;W  END AVE;10024;354 W  END AVE;True;True;False;False;False;0.157208919;15.72089188
Manhattan;Hell's Kitchen;1026719;6;427;51;W  51 ST;10019;427 W  51 ST;True;False;False;False;True;0.495445059;49.54450588
Manhattan;Gramercy;1020443;6;346;18;E  18 ST;10003;346 E  18 ST;True;True;True;False;False;0.203854839;20.38548394
Manhattan;Upper West Side (Central);1030082;4;126;75;W  75 ST;10023;126 W  75 ST;True;True;True;False;False;0.143488368;14.34883681
Manhattan;Midtown South-Flatiron-Union Square;1016146;6;;;;;;True;False;False;False;True;0.719580002;71.95800017
Manhattan;Chelsea-Hudson Yards;1013476;4;337;29;W  29 ST;10001;337 W  29 ST;True;True;True;False;False;0.117906834;11.79068335
Manhattan;Midtown South-Flatiron-Union Square;1016132;9;220;PARK;PARK AVE S;10003;220 PARK AVE S;True;False;False;False;True;0.780515628;78.05156276
Manhattan;Hell's Kitchen;1013699;5;534;9;9 AVE;10018;534 9 AVE;False;False;False;False;False;0.167926797;16.79267969
Manhattan;Midtown-Times Square;1022633;6;149;45;W  45 ST;10036;149 W  45 ST;True;False;False;False;True;0.707244813;70.72448126
Manhattan;Hell's Kitchen;1027125;2;606;49;W  49 ST;10019;606 W  49 ST;True;False;False;True;False;0.61952263;61.95226303
Manhattan;Gramercy;1017805;4;146;16;E  16 ST;10003;146 E  16 ST;True;False;False;False;True;0.635119314;63.51193139
Manhattan;Upper West Side-Lincoln Square;1028616;4;25;71;W  71 ST;10023;25 W  71 ST;True;True;True;False;False;0.101247617;10.12476171
Manhattan;Midtown South-Flatiron-Union Square;1016096;12;5;16;E  16 ST;10003;5 E  16 ST;True;False;False;False;True;0.780174696;78.01746963
Manhattan;Upper West Side-Lincoln Square;1028607;4;53;71;W  71 ST;10023;53 W  71 ST;True;True;False;False;False;0.145369093;14.53690929
Manhattan;Midtown South-Flatiron-Union Square;1016220;9;30;21;E  21 ST;10010;30 E  21 ST;True;True;False;False;False;0.814416563;81.44165634
Manhattan;Upper West Side (Central);1030211;5;101;77;W  77 ST;10024;101 W  77 ST;True;False;False;False;True;0.562148271;56.21482708
Manhattan;Gramercy;1019509;5;233;14;E  14 ST;10003;233 E  14 ST;False;False;False;False;False;0.794371829;79.43718289
Manhattan;Upper West Side-Lincoln Square;1030538;4;270;73;W  73 ST;10023;270 W  73 ST;True;True;True;False;False;0.115558609;11.55586086
Manhattan;Upper West Side-Lincoln Square;1028253;11.5;60;68;W  68 ST;10023;60 W  68 ST;True;False;False;False;True;0.692247808;69.2247808
Manhattan;Hell's Kitchen;1026601;5;401;48;W  48 ST;10036;401 W  48 ST;True;True;True;False;False;0.643484576;64.34845764
Manhattan;Hell's Kitchen;1026058;45;347;57;W  57 ST;10019;347 W  57 ST;False;False;False;False;False;0.979682587;97.96825866
Manhattan;Hell's Kitchen;1026359;6;417;43;W  43 ST;10036;417 W  43 ST;True;True;True;True;False;0.197676676;19.76766763
Manhattan;Chelsea-Hudson Yards;1012515;11;522;38;W  38 ST;10018;522 W  38 ST;False;False;False;False;False;0.777912247;77.79122469
Manhattan;Gramercy;1020572;4;329;22;E  22 ST;10010;329 E  22 ST;True;False;True;False;False;0.73640313;73.64031299
Manhattan;Hell's Kitchen;1025199;3;351;51;W  51 ST;10019;351 W  51 ST;True;True;True;False;False;0.11714525;11.71452505
Manhattan;Midtown South-Flatiron-Union Square;1016257;6;;;;;;True;False;True;False;False;0.53467131;53.46713096
Manhattan;Midtown-Times Square;1014490;18;258;39;W  39 ST;10018;258 W  39 ST;True;False;True;False;True;0.883919416;88.39194164
Manhattan;Chelsea-Hudson Yards;1013209;3.5;339;19;W  19 ST;10011;339 W  19 ST;True;True;True;False;False;0.140920648;14.09206485
Manhattan;Gramercy;1020460;3;304;18;E  18 ST;10003;304 E  18 ST;True;True;True;False;False;0.181662972;18.16629719
Manhattan;Upper West Side-Lincoln Square;1028586;5;229;COLUMBUS;COLUMBUS AVE;10023;229 COLUMBUS AVE;True;True;False;False;False;0.557178634;55.71786343
Manhattan;Midtown-Times Square;1017234;4;31;38;E  38 ST;10016;31 E  38 ST;True;True;True;False;False;0.479755437;47.97554372
Manhattan;Upper West Side (Central);1028722;4.5;22;75;W  75 ST;10023;22 W  75 ST;True;True;True;False;False;0.109818314;10.98183139
Manhattan;Midtown-Times Square;1024849;67;1717;BROADWAY;BROADWAY;10019;1717 BROADWAY;True;False;False;False;True;0.992945959;99.29459589
Manhattan;Gramercy;1020458;4;;;;;;True;True;True;False;False;0.198823634;19.88236336
Manhattan;Hell's Kitchen;1026743;5;413;52;W  52 ST;10019;413 W  52 ST;True;True;True;False;False;0.207057185;20.70571846
Manhattan;Chelsea-Hudson Yards;1014749;5;123;20;W  20 ST;10011;123 W  20 ST;True;False;False;False;True;0.791393344;79.13933444
Manhattan;Upper West Side-Lincoln Square;1030043;4;126;74;W  74 ST;10023;126 W  74 ST;True;True;False;False;False;0.149568208;14.9568208
Manhattan;Upper West Side (Central);1030151;4;146;76;W  76 ST;10023;146 W  76 ST;True;True;True;False;False;0.161544787;16.15447869
Manhattan;Gramercy;1017900;5;120;19;E  19 ST;10003;120 E  19 ST;True;True;False;False;False;0.250500124;25.05001244
Manhattan;Midtown South-Flatiron-Union Square;1014307;15;252;30;W  30 ST;10001;252 W  30 ST;True;False;False;False;True;0.879985526;87.99855256
Manhattan;Midtown South-Flatiron-Union Square;1015694;4;;;;;;True;False;False;False;True;0.733402354;73.34023536
Manhattan;Midtown South-Flatiron-Union Square;1016183;6;20;20;E  20 ST;10003;20 E  20 ST;True;False;False;False;True;0.831058427;83.10584267
Manhattan;Upper West Side (Central);1031700;4;11;94;W  94 ST;10025;11 W  94 ST;True;False;True;False;False;0.145005648;14.50056483
Manhattan;Hell's Kitchen;1025399;5;313;53;W  53 ST;10019;313 W  53 ST;False;False;False;False;False;0.308510467;30.85104674
Manhattan;Chelsea-Hudson Yards;1014176;19;250;7;7 AVE;10001;250 7 AVE;True;False;False;False;True;0.839008607;83.90086074
Manhattan;Midtown South-Flatiron-Union Square;1015609;12;40;25;W  25 ST;10010;40 W  25 ST;True;False;False;False;True;0.832677988;83.26779883
Manhattan;Midtown South-Flatiron-Union Square;1014344;3;204;31;W  31 ST;10001;204 W  31 ST;True;False;True;False;False;0.500833179;50.08331792
Manhattan;Hell's Kitchen;1026461;5;;;;;;True;True;False;False;False;0.18889818;18.88981801
Manhattan;Upper West Side (Central);1031021;4;317;75;W  75 ST;10023;317 W  75 ST;True;True;True;False;False;0.101132316;10.11323165
Manhattan;Upper West Side (Central);1031176;4;;;;;;True;False;True;True;True;0.122208731;12.2208731
Manhattan;Midtown South-Flatiron-Union Square;1016063;9;1;UNION;UNION SQ;10003;1 UNION SQ;True;False;True;False;False;0.846612005;84.66120049
Manhattan;Hell's Kitchen;1025132;4;351;48;W  48 ST;10036;351 W  48 ST;True;False;True;False;True;0.142027161;14.20271605
Manhattan;Hell's Kitchen;1026505;5;434;47;W  47 ST;10036;434 W  47 ST;True;True;True;False;False;0.181735717;18.17357168
Manhattan;Midtown-Times Square;1022697;4;167;48;W  48 ST;10036;167 W  48 ST;True;False;False;False;True;0.746536359;74.6536359
Manhattan;Midtown South-Flatiron-Union Square;1015313;4;18;16;W  16 ST;10011;18 W  16 ST;True;True;True;True;False;0.200382685;20.03826848
Manhattan;Chelsea-Hudson Yards;1012800;4;233;9;9 AVE;10001;233 9 AVE;True;False;False;False;True;0.725221269;72.52212691
Manhattan;Upper West Side-Lincoln Square;1029948;4;130;73;W  73 ST;10023;130 W  73 ST;True;True;True;False;False;0.149806316;14.98063155
Manhattan;Gramercy;1017926;4;149;19;E  19 ST;10003;149 E  19 ST;True;False;True;False;True;0.115813955;11.58139548
Manhattan;Upper West Side (Central);1031612;4;54;91;W  91 ST;10024;54 W  91 ST;True;True;True;True;True;0.135213687;13.52136874
Manhattan;Hell's Kitchen;1027078;5;877;10;10 AVE;10019;877 10 AVE;True;False;False;False;True;0.602633476;60.26334758
Manhattan;Hell's Kitchen;1025444;5;356;56;W  56 ST;10019;356 W  56 ST;True;True;True;False;False;0.630170617;63.01706165
Manhattan;Upper West Side-Lincoln Square;1030360;6;267;70;W  70 ST;10023;267 W  70 ST;True;True;True;False;False;0.50724407;50.724407
Manhattan;Midtown South-Flatiron-Union Square;1015650;21;220;5;5 AVE;10001;220 5 AVE;True;False;False;False;True;0.715598476;71.55984762
Manhattan;Chelsea-Hudson Yards;1013357;4;321;22;W  22 ST;10011;321 W  22 ST;True;True;True;False;False;0.154580195;15.45801945
Manhattan;Hell's Kitchen;1026352;3;;;;;;True;True;True;False;False;0.065204227;6.520422714
Manhattan;Chelsea-Hudson Yards;1012626;13;;;;;;True;False;True;False;False;0.610690213;61.06902132
Manhattan;Hell's Kitchen;1025432;5;309;55;W  55 ST;10019;309 W  55 ST;True;True;True;False;False;0.21410166;21.41016601
Manhattan;Upper West Side (Central);1028783;4;42;76;W  76 ST;10023;42 W  76 ST;True;True;True;False;False;0.098390145;9.839014541
Manhattan;Gramercy;1017944;5;106;20;E  20 ST;10003;106 E  20 ST;True;True;False;False;False;0.400244379;40.02443787
Manhattan;Upper West Side (Central);1030162;4;135;75;W  75 ST;10023;135 W  75 ST;True;True;True;False;False;0.160194117;16.01941172
Manhattan;Upper West Side-Lincoln Square;1028167;26;22;66;W  66 ST;10023;22 W  66 ST;True;False;False;False;True;0.927894831;92.78948308
Manhattan;Hell's Kitchen;1027140;4;621;51;W  51 ST;10019;621 W  51 ST;True;True;True;False;False;0.199734049;19.97340486
Manhattan;Hell's Kitchen;1026496;3;412;47;W  47 ST;10036;412 W  47 ST;True;True;True;False;False;0.175773463;17.57734626
Manhattan;Upper West Side (Central);1031489;4;29;87;W  87 ST;10024;29 W  87 ST;True;True;True;False;False;0.082363397;8.236339724
Manhattan;Hell's Kitchen;1025147;5;;;;;;True;True;True;False;False;0.187544413;18.75444127
Manhattan;Upper West Side (Central);1030174;4;161;76;W  76 ST;10023;161 W  76 ST;True;True;True;False;False;0.102762723;10.27627229
Manhattan;Midtown-Times Square;1014473;5;273;38;W  38 ST;10018;273 W  38 ST;True;True;False;False;False;0.582735817;58.27358166
Manhattan;Upper West Side (Central);1030247;4;133;78;W  78 ST;10024;133 W  78 ST;True;True;True;False;False;0.108864149;10.88641495
Manhattan;Midtown South-Flatiron-Union Square;1015628;7;28;26;W  26 ST;10010;28 W  26 ST;False;False;False;False;False;0.485827054;48.58270544
Manhattan;Chelsea-Hudson Yards;1013997;5;238;20;W  20 ST;10011;238 W  20 ST;True;False;True;False;False;0.18658532;18.658532
Manhattan;Chelsea-Hudson Yards;1013272;6;342;21;W  21 ST;10011;342 W  21 ST;True;True;False;False;False;0.253202707;25.32027066
Manhattan;Midtown-Times Square;1017175;12;1;36;E  36 ST;10016;1 E  36 ST;True;False;False;False;True;0.819572524;81.95725243
Manhattan;Chelsea-Hudson Yards;1013976;8;223;19;W  19 ST;10011;223 W  19 ST;True;False;False;False;True;0.766425205;76.64252046
Manhattan;Hell's Kitchen;1026454;5;653;9;9 AVE;10036;653 9 AVE;True;False;False;False;True;0.649947799;64.99477988
Manhattan;Upper West Side (Central);1031592;4;;;;;;True;True;False;False;False;0.069689594;6.968959377
Manhattan;Chelsea-Hudson Yards;1014650;6;141;17;W  17 ST;10011;141 W  17 ST;True;False;False;False;True;0.850579614;85.05796143
Manhattan;Chelsea-Hudson Yards;1014810;13;142;23;W  23 ST;10011;142 W  23 ST;True;False;False;False;True;0.824466096;82.4466096
Manhattan;Upper West Side (Central);1030114;4;157;75;W  75 ST;10023;157 W  75 ST;True;True;True;False;False;0.163030689;16.30306889
Manhattan;Gramercy;1020468;5;307;18;E  18 ST;10003;307 E  18 ST;True;True;False;True;False;0.172874011;17.28740112
Manhattan;Upper West Side (Central);1028760;9.5;15;75;W  75 ST;10023;15 W  75 ST;True;False;False;False;True;0.64589374;64.58937405
Manhattan;Chelsea-Hudson Yards;1012857;16;455;34;W  34 ST;10001;455 W  34 ST;True;False;False;False;True;0.851529392;85.15293922
Manhattan;Gramercy;1018000;3;;;;;;False;False;False;False;False;0.635006386;63.50063863
Manhattan;Upper West Side (Central);1031214;5;483;COLUMBUS;COLUMBUS AVE;10024;483 COLUMBUS AVE;True;False;False;False;True;0.564143385;56.4143385
Manhattan;Gramercy;1018012;4;111;22;E  22 ST;10010;111 E  22 ST;True;False;False;False;True;0.603288691;60.32886911
Manhattan;Upper West Side (Central);1031646;15;2;94;W  94 ST;10025;2 W  94 ST;True;False;False;False;False;0.603793122;60.37931219
Manhattan;Midtown South-Flatiron-Union Square;1014274;3;;;;;;True;True;False;True;True;0.616041679;61.6041679
Manhattan;Midtown-Times Square;1024918;35;200;CENTRAL;CENTRAL PARK S;10019;200 CENTRAL PARK S;True;True;True;False;False;0.901913212;90.19132116
Manhattan;Upper West Side-Lincoln Square;1029784;5;132;71;W  71 ST;10023;132 W  71 ST;True;True;True;False;False;0.113875863;11.38758635
Manhattan;Hell's Kitchen;1026433;3;;;;;;True;True;True;False;False;0.115073909;11.50739094
Manhattan;Midtown-Times Square;1023166;38;155;53;W  53 ST;10019;155 W  53 ST;True;False;True;False;True;0.964726833;96.47268328
Manhattan;Chelsea-Hudson Yards;1014544;7;161;15;W  15 ST;10011;161 W  15 ST;True;False;False;False;True;0.817659271;81.76592706
Manhattan;Gramercy;1017910;4;111;19;E  19 ST;10003;111 E  19 ST;True;True;True;False;False;0.148148154;14.81481536
Manhattan;Hell's Kitchen;1025025;3;358;46;W  46 ST;10036;358 W  46 ST;True;True;False;False;False;0.738594084;73.85940836
Manhattan;Midtown-Times Square;1015989;13;63;38;W  38 ST;10018;63 W  38 ST;True;False;False;False;True;0.77159065;77.159065
Manhattan;Upper West Side (Central);1031253;4;62;84;W  84 ST;10024;62 W  84 ST;True;True;True;False;False;0.1047674;10.47674001
Manhattan;Chelsea-Hudson Yards;1013611;2;476;9;9 AVE;10018;476 9 AVE;False;False;False;False;False;0.77371209;77.371209
Manhattan;Hell's Kitchen;1025089;4;343;47;W  47 ST;10036;343 W  47 ST;True;True;True;False;False;0.151231066;15.12310661
Manhattan;Chelsea-Hudson Yards;1013749;6;;;;;;True;True;True;False;False;0.161308028;16.13080283
Manhattan;Midtown-Times Square;1015889;4;41;35;W  35 ST;10001;41 W  35 ST;True;False;False;False;True;0.74975731;74.97573102
Manhattan;Gramercy;1018090;12;117;24;E  24 ST;10010;117 E  24 ST;True;False;True;False;False;0.840128873;84.01288726
Manhattan;Midtown-Times Square;1024803;5;214;50;W  50 ST;10019;214 W  50 ST;True;False;False;False;True;0.843492211;84.3492211
Manhattan;Upper West Side (Central);1031238;4;48;84;W  84 ST;10024;48 W  84 ST;True;True;False;False;False;0.097935804;9.793580425
Manhattan;Upper West Side (Central);1031721;4;11;95;W  95 ST;10025;11 W  95 ST;True;True;False;False;False;0.095590253;9.559025274
Manhattan;Chelsea-Hudson Yards;1014133;7;244;23;W  23 ST;10011;244 W  23 ST;True;False;False;False;True;0.563241929;56.32419292
Manhattan;Hell's Kitchen;1026871;5;424;57;W  57 ST;10019;424 W  57 ST;True;False;False;False;True;0.203505491;20.35054915
Manhattan;Upper West Side (Central);1031236;9;40;84;W  84 ST;10024;40 W  84 ST;False;False;False;False;False;0.580786598;58.07865978
Manhattan;Upper West Side (Central);1031023;5;313;75;W  75 ST;10023;313 W  75 ST;True;True;True;True;False;0.105812655;10.58126548
Manhattan;Upper West Side (Central);1028794;4;54;76;W  76 ST;10023;54 W  76 ST;True;True;False;False;False;0.154213584;15.42135839
Manhattan;Chelsea-Hudson Yards;1013259;4;327;20;W  20 ST;10011;327 W  20 ST;True;True;True;False;False;0.159126783;15.91267831
Manhattan;Hell's Kitchen;1026771;5;430;54;W  54 ST;10019;430 W  54 ST;True;False;False;False;True;0.718928545;71.89285449
Manhattan;Upper West Side (Central);1031225;3;;;;;;True;True;True;False;False;0.043319147;4.331914738
Manhattan;Upper West Side (Central);1030134;4;;;;;;True;True;True;True;False;0.132251979;13.22519795
Manhattan;Hell's Kitchen;1027139;3;623;51;W  51 ST;10019;623 W  51 ST;True;True;True;False;False;0.700637796;70.06377964
Manhattan;Midtown South-Flatiron-Union Square;1015660;6;20;27;W  27 ST;10001;20 W  27 ST;True;False;True;False;True;0.737295939;73.72959389
Manhattan;Chelsea-Hudson Yards;1014598;6;135;16;W  16 ST;10011;135 W  16 ST;True;False;True;False;False;0.649081464;64.90814636
Manhattan;Upper West Side (Central);1031048;4;327;76;W  76 ST;10023;327 W  76 ST;True;True;True;False;False;0.117732471;11.77324713
Manhattan;Midtown South-Flatiron-Union Square;1014293;4;;;;;;True;False;False;False;True;0.711458207;71.14582072
Manhattan;Midtown South-Flatiron-Union Square;1015878;12;366;5;5 AVE;10001;366 5 AVE;True;False;False;False;True;0.811533625;81.15336247
Manhattan;Chelsea-Hudson Yards;1014047;4;228;21;W  21 ST;10011;228 W  21 ST;True;True;True;False;False;0.170662874;17.0662874
Manhattan;Upper West Side-Lincoln Square;1028446;4;;;;;;True;True;True;False;False;0.131902441;13.1902441
Manhattan;Upper West Side (Central);1028824;4;47;76;W  76 ST;10023;47 W  76 ST;True;True;True;False;False;0.106996442;10.69964424
Manhattan;Hell's Kitchen;1025124;3;;;;;;True;True;True;False;True;0.072252516;7.22525157
Manhattan;Hell's Kitchen;1026988;2;517;47;W  47 ST;10036;517 W  47 ST;True;False;False;False;True;0.754601518;75.4601518
Manhattan;Midtown South-Flatiron-Union Square;1015201;25;111;33;W  33 ST;10001;111 W  33 ST;True;False;False;False;True;0.768952001;76.89520008
Manhattan;Chelsea-Hudson Yards;1013535;4;;;;;;True;False;False;False;True;0.70835223;70.83522301
Manhattan;Chelsea-Hudson Yards;1014581;5;581;OF THE AMERICAS;AVE OF THE AMERICAS;10011;581 AVE OF THE AMERICAS;True;False;False;False;True;0.863109468;86.3109468
Manhattan;Chelsea-Hudson Yards;1012314;4;520;22;W  22 ST;10011;520 W  22 ST;True;False;False;True;True;0.741009417;74.10094171
Manhattan;Upper West Side-Lincoln Square;1029909;4;161;71;W  71 ST;10023;161 W  71 ST;True;True;True;False;False;0.123254985;12.32549853
Manhattan;Gramercy;1018187;4;152;28;E  28 ST;10016;152 E  28 ST;True;True;True;False;False;0.324671393;32.46713926
Manhattan;Gramercy;1020448;2;328;18;E  18 ST;10003;328 E  18 ST;True;True;True;False;False;0.091829564;9.182956413
Manhattan;Chelsea-Hudson Yards;1012794;3;437;24;W  24 ST;10011;437 W  24 ST;True;True;True;False;False;0.054447552;5.444755171
Manhattan;Upper West Side (Central);1031718;3;21;95;W  95 ST;10025;21 W  95 ST;True;True;True;False;False;0.092361451;9.236145101
Manhattan;Upper West Side-Lincoln Square;1030398;3;240;71;W  71 ST;10023;240 W  71 ST;True;True;True;False;False;0.111139198;11.11391982
Manhattan;Midtown South-Flatiron-Union Square;1015815;10;5;31;W  31 ST;10001;5 W  31 ST;True;True;False;False;False;0.816466686;81.64666856
Manhattan;Midtown South-Flatiron-Union Square;1015519;5;680;OF THE AMERICAS;AVE OF THE AMERICAS;10010;680 AVE OF THE AMERICAS;True;False;False;False;True;0.706890726;70.68907258
Manhattan;Chelsea-Hudson Yards;1013769;5;227;15;W  15 ST;10011;227 W  15 ST;True;True;True;False;False;0.20987125;20.98712503
Manhattan;Chelsea-Hudson Yards;1013108;5;167;8;8 AVE;10011;167 8 AVE;True;False;False;True;True;0.632867209;63.2867209
Manhattan;Midtown South-Flatiron-Union Square;1015622;8;1130;BROADWAY;BROADWAY;10010;1130 BROADWAY;True;False;False;False;True;0.802227803;80.22278033
Manhattan;Upper West Side (Central);1031763;7;117;79;W  79 ST;10024;117 W  79 ST;True;True;True;False;False;0.403056591;40.30565907
Manhattan;Gramercy;1018109;5;159;25;E  25 ST;10010;159 E  25 ST;True;False;False;False;True;0.552416156;55.2416156
Manhattan;Upper West Side (Central);1031366;5;25;85;W  85 ST;10024;25 W  85 ST;True;True;True;True;False;0.167391527;16.73915273
Manhattan;Upper West Side-Lincoln Square;1030936;3;;;;;;True;True;True;False;False;0.123594944;12.35949436
Manhattan;Chelsea-Hudson Yards;1013885;16;;;;;;True;False;False;False;True;0.77720109;77.72010897
Manhattan;Upper West Side-Lincoln Square;1030376;3;224;71;W  71 ST;10023;224 W  71 ST;True;True;False;False;False;0.055991207;5.599120689
Manhattan;Hell's Kitchen;1025023;3;350;46;W  46 ST;10036;350 W  46 ST;True;True;False;False;False;0.68504345;68.50434501
Manhattan;Gramercy;1019643;4;239;21;E  21 ST;10010;239 E  21 ST;True;False;False;False;True;0.366236937;36.62369374
Manhattan;Hell's Kitchen;1026646;7;439;49;W  49 ST;10019;439 W  49 ST;True;False;False;False;False;0.593036542;59.30365421
Manhattan;Chelsea-Hudson Yards;1013229;4;326;20;W  20 ST;10011;326 W  20 ST;True;True;True;False;False;0.152682713;15.26827128
Manhattan;Chelsea-Hudson Yards;1014017;3;261;20;W  20 ST;10011;261 W  20 ST;True;True;True;False;False;0.17357161;17.35716097
Manhattan;Chelsea-Hudson Yards;1013870;6;253;18;W  18 ST;10011;253 W  18 ST;True;True;True;False;False;0.181858393;18.18583931
Manhattan;Midtown-Times Square;1017598;19;274;MADISON;MADISON AVE;10016;274 MADISON AVE;True;False;False;False;True;0.883569131;88.35691307
Manhattan;Upper West Side-Lincoln Square;1028509;2;2;70;W  70 ST;10023;2 W  70 ST;True;True;False;False;False;0.223856268;22.38562677
Manhattan;Midtown South-Flatiron-Union Square;1014387;57;1;PENN;PENN PLZ;10001;1 PENN PLZ;True;False;False;False;True;0.950068667;95.00686669
Manhattan;Hell's Kitchen;1025167;5;;;;;;True;True;False;False;False;0.595436962;59.54369624
Manhattan;Upper West Side (Central);1031774;4;126;80;W  80 ST;10024;126 W  80 ST;True;True;True;False;False;0.111141694;11.1141694
Manhattan;Hell's Kitchen;1026772;7;433;53;W  53 ST;10019;433 W  53 ST;False;False;False;False;False;0.665532427;66.55324267
Manhattan;Chelsea-Hudson Yards;1013980;4;152;7;7 AVE;10011;152 7 AVE;True;False;True;False;False;0.621360697;62.13606968
Manhattan;Chelsea-Hudson Yards;1013010;7;;;;;;True;True;True;False;False;0.423749479;42.37494794
Manhattan;Hell's Kitchen;1026635;4;433;48;W  48 ST;10036;433 W  48 ST;True;True;True;False;False;0.143663714;14.36637145
Manhattan;Upper West Side (Central);1031020;4;;;;;;True;True;True;False;False;0.137540536;13.75405356
Manhattan;Chelsea-Hudson Yards;1014596;6;152;17;W  17 ST;10011;152 W  17 ST;False;False;False;False;False;0.432518331;43.25183312
Manhattan;Midtown South-Flatiron-Union Square;1015801;4;870;OF THE AMERICAS;AVE OF THE AMERICAS;10001;870 AVE OF THE AMERICAS;True;False;False;False;True;0.740270219;74.02702192
Manhattan;Chelsea-Hudson Yards;1012412;6;297;10;10 AVE;10001;297 10 AVE;True;False;False;False;True;0.248318896;24.83188965
Manhattan;Midtown South-Flatiron-Union Square;1014350;6;410;8;8 AVE;10001;410 8 AVE;True;False;False;False;True;0.876356391;87.63563911
Manhattan;Upper West Side (Central);1031073;5;308;77;W  77 ST;10024;308 W  77 ST;True;True;False;False;False;0.112290941;11.22909409
Manhattan;Upper West Side (Central);1031458;4;25;87;W  87 ST;10024;25 W  87 ST;True;True;True;False;False;0.140610831;14.0610831
Manhattan;Upper West Side (Central);1031140;12;11;81;W  81 ST;10024;11 W  81 ST;True;False;False;True;True;0.534080244;53.40802437
Manhattan;Gramercy;1020517;3;347;19;E  19 ST;10003;347 E  19 ST;True;True;True;False;False;0.18483457;18.48345695
Manhattan;Chelsea-Hudson Yards;1013972;5;235;19;W  19 ST;10011;235 W  19 ST;True;True;True;True;True;0.636309633;63.63096328
Manhattan;Chelsea-Hudson Yards;1013996;5;236;20;W  20 ST;10011;236 W  20 ST;True;False;True;False;False;0.301629272;30.16292718
Manhattan;Chelsea-Hudson Yards;1013847;10;257;17;W  17 ST;10011;257 W  17 ST;True;False;False;False;True;0.776898814;77.68988137
Manhattan;Upper West Side (Central);1031311;4;247;CENTRAL;CENTRAL PARK W;10024;247 CENTRAL PARK W;True;True;True;False;False;0.093474153;9.347415334
Manhattan;Hell's Kitchen;1026971;5;;;;;;True;False;False;False;True;0.625162759;62.51627591
Manhattan;Upper West Side (Central);1031678;4;15;94;W  94 ST;10025;15 W  94 ST;True;True;True;False;False;0.091644206;9.164420595
Manhattan;Midtown South-Flatiron-Union Square;1015540;16;20;22;W  22 ST;10010;20 W  22 ST;True;False;False;False;True;0.860279324;86.02793241
Manhattan;Upper West Side-Lincoln Square;1030031;4;134;74;W  74 ST;10023;134 W  74 ST;True;True;False;False;False;0.160326408;16.03264076
Manhattan;Midtown South-Flatiron-Union Square;1016153;9;;;;;;True;False;False;False;True;0.791958404;79.1958404
Manhattan;Midtown-Times Square;1024855;6;;;;;;True;False;False;False;True;0.555337271;55.53372712
Manhattan;Gramercy;1017817;6;108;16;E  16 ST;10003;108 E  16 ST;True;False;True;False;True;0.865028742;86.50287424
Manhattan;Gramercy;1020490;4;317;1;1 AVE;10003;317 1 AVE;True;False;True;False;True;0.721429042;72.14290419
Manhattan;Upper West Side (Central);1031025;4.75;309;75;W  75 ST;10023;309 W  75 ST;True;True;True;False;False;0.104400075;10.44000745
Manhattan;Hell's Kitchen;1025137;16;316;49;W  49 ST;10019;316 W  49 ST;True;False;False;False;True;0.836662868;83.66628677
Manhattan;Hell's Kitchen;1027115;1;610;47;W  47 ST;10036;610 W  47 ST;True;False;False;False;True;0.527145442;52.7145442
Manhattan;Upper West Side-Lincoln Square;1028589;4;39;70;W  70 ST;10023;39 W  70 ST;True;True;True;False;False;0.104696896;10.46968961
Manhattan;Chelsea-Hudson Yards;1014012;5;;;;;;True;False;False;False;True;0.720344332;72.0344332
Manhattan;Chelsea-Hudson Yards;1014516;5;149;14;W  14 ST;10011;149 W  14 ST;False;False;False;False;False;0.656484506;65.64845063
Manhattan;Midtown-Times Square;1016047;29;;;;;;True;False;False;False;True;0.903624836;90.36248365
Manhattan;Chelsea-Hudson Yards;1014648;6;119;7;7 AVE;10011;119 7 AVE;True;False;False;True;True;0.776337677;77.63376774
Manhattan;Hell's Kitchen;1024944;5;319;42;W  42 ST;10036;319 W  42 ST;True;False;True;False;False;0.644177915;64.41779154
Manhattan;Chelsea-Hudson Yards;1014735;3;;;;;;True;False;True;True;True;0.608124195;60.8124195
Manhattan;Upper West Side-Lincoln Square;1028570;4;26;71;W  71 ST;10023;26 W  71 ST;True;True;False;False;False;0.076326569;7.632656893
Manhattan;Midtown South-Flatiron-Union Square;1015502;12;12;21;W  21 ST;10010;12 W  21 ST;True;False;False;False;True;0.862371832;86.23718318
Manhattan;Midtown South-Flatiron-Union Square;1016748;21;360;PARK;PARK AVE S;10010;360 PARK AVE S;True;False;False;True;True;0.667939905;66.79399046
Manhattan;Midtown South-Flatiron-Union Square;1016997;12;149;MADISON;MADISON AVE;10016;149 MADISON AVE;False;False;False;False;False;0.833784164;83.37841642
Manhattan;Upper West Side (Central);1030081;4;124;75;W  75 ST;10023;124 W  75 ST;True;True;False;False;False;0.15787344;15.78734398
Manhattan;Upper West Side (Central);1031248;4.5;61;83;W  83 ST;10024;61 W  83 ST;True;True;True;False;False;0.102599125;10.25991251
Manhattan;Midtown South-Flatiron-Union Square;1016211;12;45;20;E  20 ST;10003;45 E  20 ST;True;False;False;False;True;0.864126782;86.41267821
Manhattan;Midtown South-Flatiron-Union Square;1015055;12;158;27;W  27 ST;10001;158 W  27 ST;True;False;False;False;True;0.841600785;84.1600785
Manhattan;Upper West Side-Lincoln Square;1029649;9;114;70;W  70 ST;10023;114 W  70 ST;True;False;True;False;True;0.611417835;61.14178351
Manhattan;Gramercy;1017791;4;115;15;E  15 ST;10003;115 E  15 ST;True;False;False;False;True;0.685651516;68.56515156
Manhattan;Upper West Side-Lincoln Square;1028633;16.5;41;72;W  72 ST;10023;41 W  72 ST;True;False;False;False;True;0.824817299;82.48172992
Manhattan;Midtown-Times Square;1015260;9;102;38;W  38 ST;10018;102 W  38 ST;False;False;False;False;False;0.841625897;84.16258967
Manhattan;Chelsea-Hudson Yards;1012382;9;;;;;;False;False;False;False;False;0.777249608;77.72496084
Manhattan;Midtown South-Flatiron-Union Square;1015408;19;55;17;W  17 ST;10011;55 W  17 ST;True;False;False;False;True;0.923815912;92.38159121
Manhattan;Midtown South-Flatiron-Union Square;1015618;12;1123;BROADWAY;BROADWAY;10010;1123 BROADWAY;True;False;False;False;True;0.802218431;80.22184306
Manhattan;Upper West Side-Lincoln Square;1028585;4;237;COLUMBUS;COLUMBUS AVE;10023;237 COLUMBUS AVE;True;True;True;False;False;0.505023503;50.50235028
Manhattan;Chelsea-Hudson Yards;1013484;5;;;;;;True;True;True;False;False;0.434911407;43.49114065
Manhattan;Chelsea-Hudson Yards;1013326;3;340;22;W  22 ST;10011;340 W  22 ST;True;True;True;False;False;0.101317401;10.13174014
Manhattan;Hell's Kitchen;1026596;5;413;48;W  48 ST;10036;413 W  48 ST;True;True;True;False;False;0.157414164;15.7414164
Manhattan;Upper West Side-Lincoln Square;1030441;4;220;72;W  72 ST;10023;220 W  72 ST;True;False;False;False;True;0.634013663;63.40136629
Manhattan;Chelsea-Hudson Yards;1012368;3;515;24;W  24 ST;10011;515 W  24 ST;True;False;False;False;True;0.772282593;77.22825931
Manhattan;Midtown South-Flatiron-Union Square;1016144;11;105;5;5 AVE;10003;105 5 AVE;True;False;False;False;True;0.796744067;79.67440666
Manhattan;Midtown-Times Square;1017129;10;213;MADISON;MADISON AVE;10016;213 MADISON AVE;True;True;False;False;False;0.790169084;79.01690839
Manhattan;Upper West Side-Lincoln Square;1028548;4;49;70;W  70 ST;10023;49 W  70 ST;True;True;True;False;False;0.14789612;14.78961198
Manhattan;Upper West Side (Central);1031562;4;23;89;W  89 ST;10024;23 W  89 ST;True;False;True;False;True;0.140059395;14.00593947
Manhattan;Midtown South-Flatiron-Union Square;1016920;16;26;29;E  29 ST;10016;26 E  29 ST;False;False;False;False;False;0.855598732;85.55987321
Manhattan;Upper West Side (Central);1030723;3;231;74;W  74 ST;10023;231 W  74 ST;True;False;True;False;False;0.145963054;14.59630537
Manhattan;Upper West Side (Central);1030732;3;236;75;W  75 ST;10023;236 W  75 ST;True;True;True;False;False;0.575399421;57.53994209
Manhattan;Upper West Side-Lincoln Square;1028520;4;;;;;;True;True;True;False;False;0.13102204;13.10220404
Manhattan;Upper West Side (Central);1031191;4;26;83;W  83 ST;10024;26 W  83 ST;True;True;True;True;False;0.099403841;9.940384054
Manhattan;Chelsea-Hudson Yards;1012255;2;111;11;11 AVE;10011;111 11 AVE;True;False;False;True;True;0.927674397;92.76743969
Manhattan;Gramercy;1020510;4;322;2;2 AVE;10003;322 2 AVE;True;False;True;False;True;0.246759512;24.67595123
Manhattan;Upper West Side (Central);1031051;4;321;76;W  76 ST;10023;321 W  76 ST;True;True;False;False;False;0.0967748;9.677480015
Manhattan;Midtown-Times Square;1015972;5;20;38;W  38 ST;10018;20 W  38 ST;True;False;False;False;True;0.837844205;83.78442049
Manhattan;Chelsea-Hudson Yards;1027086;2;525;11;11 AVE;10018;525 11 AVE;True;False;False;False;True;0.73367561;73.36756096
Manhattan;Midtown South-Flatiron-Union Square;1015803;11;1257;BROADWAY;BROADWAY;10001;1257 BROADWAY;True;False;False;False;True;0.806545988;80.65459877
Manhattan;Upper West Side (Central);1031076;9;314;77;W  77 ST;10024;314 W  77 ST;True;False;False;False;True;0.599655627;59.96556274
Manhattan;Midtown South-Flatiron-Union Square;1015620;7;1124;BROADWAY;BROADWAY;10010;1124 BROADWAY;True;False;True;False;False;0.814754227;81.47542271
Manhattan;Chelsea-Hudson Yards;1013583;5;346;36;W  36 ST;10018;346 W  36 ST;True;True;True;False;False;0.239116152;23.91161525
Manhattan;Midtown-Times Square;1015229;12;132;36;W  36 ST;10018;132 W  36 ST;True;False;False;False;True;0.836737299;83.67372989
Manhattan;Chelsea-Hudson Yards;1014009;3;239;19;W  19 ST;10011;239 W  19 ST;True;True;True;False;False;0.079306278;7.930627843
Manhattan;Upper West Side-Lincoln Square;1030015;4;103;73;W  73 ST;10023;103 W  73 ST;True;True;True;False;False;0.47395598;47.39559796
Manhattan;Upper West Side (Central);1030245;3;;;;;;True;True;True;False;False;0.123777425;12.37774253
Manhattan;Hell's Kitchen;1025442;23;328;56;W  56 ST;10019;328 W  56 ST;True;True;False;False;False;0.797299628;79.72996277
Manhattan;Midtown South-Flatiron-Union Square;1016888;13;17;27;E  27 ST;10016;17 E  27 ST;True;False;False;False;True;0.590306346;59.03063463
Manhattan;Hell's Kitchen;1025175;5;302;51;W  51 ST;10019;302 W  51 ST;True;False;True;False;False;0.528307275;52.83072755
Manhattan;Upper West Side (Central);1031555;4;41;89;W  89 ST;10024;41 W  89 ST;True;True;False;True;True;0.140596107;14.05961072
Manhattan;Chelsea-Hudson Yards;1014081;6;224;22;W  22 ST;10011;224 W  22 ST;True;True;True;False;False;0.179631914;17.96319143
Manhattan;Gramercy;1019543;4;222;17;E  17 ST;10003;222 E  17 ST;True;True;True;False;False;0.106968536;10.69685357
Manhattan;Hell's Kitchen;1025235;5;790;9;9 AVE;10019;790 9 AVE;True;False;False;False;True;0.64025042;64.025042
Manhattan;Hell's Kitchen;1025077;4;373;46;W  46 ST;10036;373 W  46 ST;True;True;False;False;False;0.747201408;74.72014075
Manhattan;Gramercy;1019612;7;;;;;;True;False;False;True;True;0.843730222;84.37302217
Manhattan;Upper West Side-Lincoln Square;1028685;5;46;74;W  74 ST;10023;46 W  74 ST;False;False;False;False;False;0.097148212;9.714821171
Manhattan;Chelsea-Hudson Yards;1012677;5;453;22;W  22 ST;10011;453 W  22 ST;True;False;True;False;True;0.110737474;11.07374735
Manhattan;Hell's Kitchen;1026476;6;647;9;9 AVE;10036;647 9 AVE;True;False;False;False;True;0.781365559;78.13655594
Manhattan;Midtown South-Flatiron-Union Square;1016288;8;42;23;E  23 ST;10010;42 E  23 ST;True;False;False;False;True;0.816112832;81.61128318
Manhattan;Upper West Side-Lincoln Square;1028627;5;57;71;W  71 ST;10023;57 W  71 ST;True;True;True;False;False;0.14054539;14.05453896
Manhattan;Upper West Side-Lincoln Square;1030028;4;;;;;;True;True;False;False;False;0.128561556;12.85615564
Manhattan;Midtown South-Flatiron-Union Square;1015554;2;62;22;W  22 ST;10010;62 W  22 ST;True;False;False;False;True;0.637595212;63.75952123
Manhattan;Chelsea-Hudson Yards;1013056;5;322;17;W  17 ST;10011;322 W  17 ST;True;True;True;False;False;0.183467487;18.34674871
Manhattan;Midtown-Times Square;1015928;6;;;;;;True;False;False;False;True;0.81002761;81.00276098
Manhattan;Gramercy;1018177;15;145;27;E  27 ST;10016;145 E  27 ST;True;True;False;False;False;0.838915232;83.89152317
Manhattan;Upper West Side (Central);1031505;4;35;88;W  88 ST;10024;35 W  88 ST;True;True;False;False;False;0.143775291;14.3775291
Manhattan;Midtown South-Flatiron-Union Square;1016284;5;33;22;E  22 ST;10010;33 E  22 ST;True;True;True;False;False;0.562543371;56.25433711
Manhattan;Hell's Kitchen;1025037;4;654;9;9 AVE;10036;654 9 AVE;True;False;False;False;True;0.625333129;62.53331286
Manhattan;Gramercy;1020462;5;312;2;2 AVE;10003;312 2 AVE;True;False;False;False;True;0.216912793;21.69127928
Manhattan;Chelsea-Hudson Yards;1013269;5;304;21;W  21 ST;10011;304 W  21 ST;True;False;False;False;True;0.223674238;22.3674238
Manhattan;Chelsea-Hudson Yards;1013813;19;100;7;7 AVE;10011;100 7 AVE;True;False;False;False;True;0.781601846;78.16018456
Manhattan;Chelsea-Hudson Yards;1013107;3;165;8;8 AVE;10011;165 8 AVE;True;False;False;False;True;0.710010059;71.00100587
Manhattan;Midtown South-Flatiron-Union Square;1017017;12;31;32;E  32 ST;10016;31 E  32 ST;True;False;False;False;True;0.868232871;86.82328706
Manhattan;Upper West Side (Central);1031301;4;33;84;W  84 ST;10024;33 W  84 ST;True;True;True;False;False;0.097146158;9.714615849
Manhattan;Midtown South-Flatiron-Union Square;1015700;3;26;28;W  28 ST;10001;26 W  28 ST;True;False;False;False;True;0.809822878;80.98228784
Manhattan;Gramercy;1020461;5;301;18;E  18 ST;10003;301 E  18 ST;True;False;True;False;True;0.635611442;63.56114418
Manhattan;Midtown-Times Square;1024755;2;243;47;W  47 ST;10036;243 W  47 ST;True;False;False;False;True;0.683900881;68.39008807
Manhattan;Upper West Side (Central);1031635;12.5;35;92;W  92 ST;10025;35 W  92 ST;True;False;False;False;True;0.526066385;52.60663851
Manhattan;Gramercy;1019634;5;207;21;E  21 ST;10010;207 E  21 ST;True;True;False;False;False;0.629083075;62.90830751
Manhattan;Upper West Side-Lincoln Square;1030983;5;1;RIVERSIDE;RIVERSIDE DR;10023;1 RIVERSIDE DR;True;True;False;True;True;0.315676849;31.56768489
Manhattan;Midtown South-Flatiron-Union Square;1015572;5;22;23;W  23 ST;10010;22 W  23 ST;True;False;False;False;True;0.795015731;79.50157312
Manhattan;Upper West Side (Central);1031178;5;11;82;W  82 ST;10024;11 W  82 ST;True;False;True;True;True;0.368897303;36.88973029
Manhattan;Midtown South-Flatiron-Union Square;1015756;12;39;29;W  29 ST;10001;39 W  29 ST;True;False;False;False;True;0.865306823;86.53068234
Manhattan;Chelsea-Hudson Yards;1012697;6;207;9;9 AVE;10011;207 9 AVE;True;False;False;False;True;0.551517052;55.15170519
Manhattan;Upper West Side-Lincoln Square;1030959;6;;;;;;True;True;False;False;False;0.729792385;72.97923845
Manhattan;Hell's Kitchen;1024987;7;343;44;W  44 ST;10036;343 W  44 ST;True;False;True;False;False;0.614101735;61.41017347
Manhattan;Upper West Side (Central);1031184;3;8;83;W  83 ST;10024;8 W  83 ST;True;True;True;False;False;0.050911698;5.091169756
Manhattan;Chelsea-Hudson Yards;1014528;4;541;OF THE AMERICAS;AVE OF THE AMERICAS;10011;541 AVE OF THE AMERICAS;True;False;False;False;True;0.778936889;77.89368886
Manhattan;Gramercy;1017812;6;126;16;E  16 ST;10003;126 E  16 ST;True;False;True;False;False;0.606908275;60.69082753
Manhattan;Upper West Side-Lincoln Square;1028165;2;53;CENTRAL;CENTRAL PARK W;10023;53 CENTRAL PARK W;True;True;True;False;False;0.224863951;22.48639509
Manhattan;Upper West Side-Lincoln Square;1030402;4;276;71;W  71 ST;10023;276 W  71 ST;True;True;True;False;False;0.166558799;16.65587993
Manhattan;Gramercy;1020405;1;251;1;1 AVE;10003;251 1 AVE;True;False;False;False;True;0.793723633;79.37236325
Manhattan;Chelsea-Hudson Yards;1013622;23;545;8;8 AVE;10018;545 8 AVE;True;False;True;False;True;0.713128572;71.3128572
Manhattan;Chelsea-Hudson Yards;1014086;4;234;22;W  22 ST;10011;234 W  22 ST;True;True;True;False;False;0.163342792;16.33427921
Manhattan;Midtown South-Flatiron-Union Square;1015188;3;142;32;W  32 ST;10001;142 W  32 ST;True;False;True;False;True;0.735551659;73.55516587
Manhattan;Chelsea-Hudson Yards;1012681;6;443;22;W  22 ST;10011;443 W  22 ST;True;False;False;False;True;0.254487149;25.44871492
Manhattan;Hell's Kitchen;1026634;6;435;48;W  48 ST;10036;435 W  48 ST;True;False;True;False;False;0.188536054;18.85360535
Manhattan;Upper West Side-Lincoln Square;1028489;4;;;;;;True;True;True;False;False;0.133290558;13.32905583
Manhattan;Chelsea-Hudson Yards;1013522;7;;;;;;True;True;False;False;False;0.624062884;62.40628837
Manhattan;Gramercy;1017885;3;218;3;3 AVE;10003;218 3 AVE;True;False;False;False;True;0.619390364;61.9390364
Manhattan;Hell's Kitchen;1026360;3;415;43;W  43 ST;10036;415 W  43 ST;True;True;True;True;False;0.156316594;15.63165941
Manhattan;Upper West Side-Lincoln Square;1028847;25;;;;;;True;False;False;False;True;0.815530669;81.55306687
Manhattan;Midtown-Times Square;1017193;8;13;37;E  37 ST;10016;13 E  37 ST;True;False;False;False;True;0.804590965;80.45909655
Manhattan;Midtown South-Flatiron-Union Square;1015611;11;45;25;W  25 ST;10010;45 W  25 ST;True;False;False;False;True;0.820524569;82.05245689
Manhattan;Chelsea-Hudson Yards;1012629;6;421;21;W  21 ST;10011;421 W  21 ST;True;False;False;False;True;0.577664989;57.76649891
Manhattan;Upper West Side (Central);1030088;4;146;75;W  75 ST;10023;146 W  75 ST;True;True;True;True;False;0.159897323;15.98973232
Manhattan;Midtown-Times Square;1017589;21;269;MADISON;MADISON AVE;10016;269 MADISON AVE;True;False;False;False;True;0.702209589;70.22095889
Manhattan;Upper West Side-Lincoln Square;1028554;4;33;70;W  70 ST;10023;33 W  70 ST;True;True;True;True;False;0.150853727;15.08537272
Manhattan;Midtown-Times Square;1023734;4;130;58;W  58 ST;10019;130 W  58 ST;True;False;True;False;True;0.633197054;63.3197054
Manhattan;Gramercy;1017825;6;134;17;E  17 ST;10003;134 E  17 ST;True;False;False;False;True;0.655851285;65.5851285
Manhattan;Midtown South-Flatiron-Union Square;1015375;5;49;16;W  16 ST;10011;49 W  16 ST;True;True;True;False;False;0.175022591;17.50225907
Manhattan;Chelsea-Hudson Yards;1013560;9;311;34;W  34 ST;10001;311 W  34 ST;True;False;True;False;False;0.345273203;34.52732031
Manhattan;Gramercy;1018104;7;67;LEXINGTON;LEXINGTON AVE;10010;67 LEXINGTON AVE;True;False;False;False;True;0.579186794;57.91867938
Manhattan;Chelsea-Hudson Yards;1013814;12;106;7;7 AVE;10011;106 7 AVE;True;False;False;False;True;0.853262804;85.32628035
Manhattan;Gramercy;1020444;6;340;18;E  18 ST;10003;340 E  18 ST;True;True;True;False;False;0.203546396;20.35463955
Manhattan;Midtown South-Flatiron-Union Square;1016225;2;913;BROADWAY;BROADWAY;10010;913 BROADWAY;True;False;False;False;True;0.686202281;68.62022808
Manhattan;Midtown South-Flatiron-Union Square;1015760;4;13;29;W  29 ST;10001;13 W  29 ST;True;True;False;False;False;0.60055445;60.05544502
Manhattan;Upper West Side (Central);1031330;4;58;85;W  85 ST;10024;58 W  85 ST;True;True;True;False;False;0.135830657;13.58306571
Manhattan;Upper West Side (Central);1031213;5;481;COLUMBUS;COLUMBUS AVE;10024;481 COLUMBUS AVE;True;True;True;False;False;0.547996191;54.79961909
Manhattan;Upper West Side (Central);1031332;4;64;85;W  85 ST;10024;64 W  85 ST;True;True;True;False;False;0.15326601;15.32660099
Manhattan;Upper West Side-Lincoln Square;1030366;6;235;70;W  70 ST;10023;235 W  70 ST;True;False;True;False;True;0.594793082;59.47930816
Manhattan;Hell's Kitchen;1026425;5;440;45;W  45 ST;10036;440 W  45 ST;True;True;True;False;False;0.214420973;21.4420973
Manhattan;Midtown-Times Square;1017220;17;22;38;E  38 ST;10016;22 E  38 ST;True;False;False;True;True;0.786238196;78.62381964
Manhattan;Upper West Side (Central);1031024;4;311;75;W  75 ST;10023;311 W  75 ST;True;True;True;False;False;0.105539164;10.55391638
Manhattan;Gramercy;1019502;5;209;14;E  14 ST;10003;209 E  14 ST;False;False;False;False;False;0.331220804;33.12208039
Manhattan;Midtown-Times Square;1014492;3;592;8;8 AVE;10018;592 8 AVE;False;False;False;False;False;0.707622276;70.76222759
Manhattan;Midtown-Times Square;1024910;10;2;COLUMBUS;COLUMBUS CIR;10019;2 COLUMBUS CIR;True;False;False;False;True;0.560167256;56.01672562
Manhattan;Midtown South-Flatiron-Union Square;1015739;13;1186;BROADWAY;BROADWAY;10001;1186 BROADWAY;True;False;False;False;True;0.589844051;58.98440507
Manhattan;Gramercy;1019531;20;157;3;3 AVE;10003;157 3 AVE;True;False;False;False;True;0.774985507;77.49855072
Manhattan;Midtown-Times Square;1024833;1;229;53;W  53 ST;10019;229 W  53 ST;True;True;True;False;False;0.441236416;44.12364158
Manhattan;Upper West Side-Lincoln Square;1030968;15;310;72;W  72 ST;10023;310 W  72 ST;True;False;True;False;True;0.648228764;64.82287637
Manhattan;Upper West Side-Lincoln Square;1028567;4;10;71;W  71 ST;10023;10 W  71 ST;True;True;True;True;False;0.226510952;22.65109518
Manhattan;Upper West Side (Central);1031136;12;35;81;W  81 ST;10024;35 W  81 ST;True;False;False;False;True;0.650293463;65.02934634
Manhattan;Chelsea-Hudson Yards;1014956;4;727;OF THE AMERICAS;AVE OF THE AMERICAS;10010;727 AVE OF THE AMERICAS;True;False;False;False;True;0.613209386;61.32093861
Manhattan;Upper West Side-Lincoln Square;1029764;4;106;71;W  71 ST;10023;106 W  71 ST;True;True;True;False;False;0.105801491;10.58014906
Manhattan;Hell's Kitchen;1026937;5;533;45;W  45 ST;10036;533 W  45 ST;True;False;False;False;False;0.17507931;17.50793101
Manhattan;Upper West Side (Central);1030265;15;;;;;;True;True;False;False;False;0.693427205;69.3427205
Manhattan;Hell's Kitchen;1025069;5;342;47;W  47 ST;10036;342 W  47 ST;True;True;True;False;False;0.151100352;15.11003515
Manhattan;Midtown-Times Square;1014425;17;237;35;W  35 ST;10001;237 W  35 ST;True;False;False;False;True;0.873766773;87.3766773
Manhattan;Midtown-Times Square;1024806;8;226;50;W  50 ST;10019;226 W  50 ST;True;False;False;False;True;0.711234946;71.12349465
Manhattan;Chelsea-Hudson Yards;1013262;3;303;20;W  20 ST;10011;303 W  20 ST;True;True;True;False;False;0.482361167;48.23611668
Manhattan;Chelsea-Hudson Yards;1014982;7;109;24;W  24 ST;10011;109 W  24 ST;True;False;False;False;True;0.830936547;83.09365469
Manhattan;Upper West Side-Lincoln Square;1029762;4;102;71;W  71 ST;10023;102 W  71 ST;True;True;False;False;False;0.522259013;52.2259013
Manhattan;Gramercy;1019626;7;214;21;E  21 ST;10010;214 E  21 ST;True;False;False;False;True;0.588723055;58.87230552
Manhattan;Midtown-Times Square;1014467;14;;;;;;True;False;False;False;True;0.821359172;82.13591718
Manhattan;Hell's Kitchen;1026692;5;408;51;W  51 ST;10019;408 W  51 ST;True;True;False;False;False;0.221672503;22.16725035
Manhattan;Upper West Side-Lincoln Square;1028617;9;17;71;W  71 ST;10023;17 W  71 ST;True;False;True;True;True;0.545312878;54.53128779
Manhattan;Hell's Kitchen;1025100;2;771;8;8 AVE;10036;771 8 AVE;True;False;False;False;True;0.86009056;86.00905603
Manhattan;Chelsea-Hudson Yards;1014566;5;;;;;;True;True;True;False;False;0.148273343;14.82733433
Manhattan;Hell's Kitchen;1026658;6;730;10;10 AVE;10019;730 10 AVE;True;False;False;False;True;0.627430141;62.74301409
Manhattan;Hell's Kitchen;1026759;6;429;53;W  53 ST;10019;429 W  53 ST;True;False;False;True;True;0.844751738;84.47517376
Manhattan;Hell's Kitchen;1026868;4;413;56;W  56 ST;10019;413 W  56 ST;True;True;True;False;False;0.183073537;18.30735367
Manhattan;Midtown South-Flatiron-Union Square;1016226;20;915;BROADWAY;BROADWAY;10010;915 BROADWAY;True;False;False;False;True;0.707306989;70.73069892
Manhattan;Hell's Kitchen;1027032;5;514;50;W  50 ST;10019;514 W  50 ST;False;False;False;False;False;0.164041104;16.40411045
Manhattan;Midtown-Times Square;1015991;4;55;38;W  38 ST;10018;55 W  38 ST;True;False;False;False;True;0.816439801;81.64398006
Manhattan;Gramercy;1017813;12;124;16;E  16 ST;10003;124 E  16 ST;True;False;True;False;True;0.827525758;82.75257579
Manhattan;Midtown South-Flatiron-Union Square;1016206;4;;;;;;True;True;True;False;False;0.083947098;8.394709779
Manhattan;Upper West Side (Central);1030164;4;119;75;W  75 ST;10023;119 W  75 ST;True;True;True;False;False;0.145388013;14.53880127
Manhattan;Midtown-Times Square;1024900;25;1775;BROADWAY;BROADWAY;10019;1775 BROADWAY;True;False;False;True;True;0.848172248;84.81722479
Manhattan;Midtown South-Flatiron-Union Square;1016992;3;41;31;E  31 ST;10016;41 E  31 ST;True;False;True;False;True;0.771097748;77.10977475
Manhattan;Midtown South-Flatiron-Union Square;1015823;6;2;32;W  32 ST;10001;2 W  32 ST;True;False;False;False;True;0.831489298;83.14892983
Manhattan;Chelsea-Hudson Yards;1014168;4;286;8;8 AVE;10001;286 8 AVE;True;False;False;False;True;0.780543838;78.05438378
Manhattan;Chelsea-Hudson Yards;1014172;4;;;;;;True;True;True;False;False;0.312333198;31.23331976
Manhattan;Upper West Side (Central);1031037;5;330;76;W  76 ST;10023;330 W  76 ST;True;True;True;False;False;0.119415994;11.94159942
Manhattan;Upper West Side (Central);1031087;5;338;77;W  77 ST;10024;338 W  77 ST;True;True;True;False;False;0.113662071;11.36620706
Manhattan;Chelsea-Hudson Yards;1014100;5;;;;;;True;True;True;False;False;0.735123259;73.51232591
Manhattan;Midtown-Times Square;1022694;13;142;49;W  49 ST;10019;142 W  49 ST;True;True;False;False;False;0.761966805;76.19668049
Manhattan;Midtown-Times Square;1022686;4;717;7;7 AVE;10036;717 7 AVE;True;False;False;False;True;0.758637363;75.86373631
Manhattan;Chelsea-Hudson Yards;1013220;6.5;189;8;8 AVE;10011;189 8 AVE;True;False;False;False;True;0.841201782;84.12017823
Manhattan;Midtown-Times Square;1024819;5;228;52;W  52 ST;10019;228 W  52 ST;True;False;True;False;True;0.762483328;76.24833283
Manhattan;Hell's Kitchen;1013691;5;;;;;;True;False;False;True;True;0.621975399;62.19753985
Manhattan;Chelsea-Hudson Yards;1012686;4;433;22;W  22 ST;10011;433 W  22 ST;True;True;False;False;False;0.117215171;11.72151705
Manhattan;Chelsea-Hudson Yards;1012632;4;413;21;W  21 ST;10011;413 W  21 ST;True;True;True;False;False;0.103253778;10.32537775
Manhattan;Chelsea-Hudson Yards;1014045;5;224;21;W  21 ST;10011;224 W  21 ST;True;True;True;False;False;0.182472774;18.24727738
Manhattan;Hell's Kitchen;1025204;3;333;51;W  51 ST;10019;333 W  51 ST;True;True;True;False;False;0.112777634;11.27776336
Manhattan;Gramercy;1020537;8;;;;;;True;True;True;False;False;0.662104945;66.21049453
Manhattan;Gramercy;1018016;6;145;22;E  22 ST;10010;145 E  22 ST;True;False;False;False;True;0.616451184;61.64511841
Manhattan;Hell's Kitchen;1026682;5;405;50;W  50 ST;10019;405 W  50 ST;True;True;True;False;False;0.198873569;19.88735688
Manhattan;Hell's Kitchen;1026979;5;538;47;W  47 ST;10036;538 W  47 ST;True;True;True;False;False;0.167006627;16.70066271
Manhattan;Chelsea-Hudson Yards;1013330;3;348;22;W  22 ST;10011;348 W  22 ST;True;True;True;False;False;0.101344199;10.13441994
Manhattan;Upper West Side (Central);1030091;4;154;75;W  75 ST;10023;154 W  75 ST;True;True;True;False;False;0.159619048;15.9619048
Manhattan;Hell's Kitchen;1026463;5;418;46;W  46 ST;10036;418 W  46 ST;True;True;True;False;False;0.172533551;17.25335511
Manhattan;Gramercy;1020417;1;250;2;2 AVE;10003;250 2 AVE;True;False;True;False;False;0.244193266;24.41932657
Manhattan;Midtown-Times Square;1024798;3;200;50;W  50 ST;10019;200 W  50 ST;True;False;False;True;True;0.784317286;78.43172863
Manhattan;Upper West Side (Central);1031591;4;;;;;;True;True;True;False;False;0.048838237;4.883823671
Manhattan;Midtown South-Flatiron-Union Square;1015129;12;134;29;W  29 ST;10001;134 W  29 ST;True;False;False;False;True;0.830443692;83.0443692
Manhattan;Hell's Kitchen;1025157;5;334;49;W  49 ST;10019;334 W  49 ST;True;True;True;False;False;0.229787371;22.97873705
Manhattan;Upper West Side-Lincoln Square;1028447;4;51;68;W  68 ST;10023;51 W  68 ST;True;False;True;False;False;0.154928604;15.49286037
Manhattan;Upper West Side (Central);1030116;4;151;75;W  75 ST;10023;151 W  75 ST;True;False;True;False;False;0.161790418;16.17904177
Manhattan;Chelsea-Hudson Yards;1015016;1;765;OF THE AMERICAS;AVE OF THE AMERICAS;10010;765 AVE OF THE AMERICAS;True;False;False;False;True;0.78077266;78.07726595
Manhattan;Hell's Kitchen;1026403;4;447;44;W  44 ST;10036;447 W  44 ST;True;True;True;False;False;0.197178898;19.71788975
Manhattan;Hell's Kitchen;1027108;4;617;46;W  46 ST;10036;617 W  46 ST;True;False;False;False;True;0.831156895;83.11568953
Manhattan;Upper West Side (Central);1030113;4;159;75;W  75 ST;10023;159 W  75 ST;True;False;False;False;False;0.16190571;16.19057097
Manhattan;Midtown-Times Square;1022578;37;136;42;W  42 ST;10036;136 W  42 ST;True;False;False;False;True;0.967908734;96.79087345
Manhattan;Gramercy;1020486;5;345;18;E  18 ST;10003;345 E  18 ST;True;True;True;False;False;0.621260084;62.12600842
Manhattan;Midtown-Times Square;1023753;12;117;58;W  58 ST;10019;117 W  58 ST;True;True;True;False;False;0.765838021;76.58380208
Manhattan;Chelsea-Hudson Yards;1014576;6;;;;;;True;True;True;False;False;0.535712594;53.57125941
Manhattan;Gramercy;1018043;10;141;23;E  23 ST;10010;141 E  23 ST;True;False;False;False;True;0.726557415;72.6557415
Manhattan;Midtown South-Flatiron-Union Square;1014384;1;271;33;W  33 ST;10001;271 W  33 ST;True;False;False;False;True;0.8094011;80.94011002
Manhattan;Chelsea-Hudson Yards;1013460;5;;;;;;True;False;False;False;False;0.397219639;39.72196394
Manhattan;Midtown South-Flatiron-Union Square;1015748;4;828;OF THE AMERICAS;AVE OF THE AMERICAS;10001;828 AVE OF THE AMERICAS;True;False;False;False;True;0.747118103;74.71181028
Manhattan;Midtown-Times Square;1017188;5;12;37;E  37 ST;10016;12 E  37 ST;True;False;False;False;True;0.67127511;67.12751103
Manhattan;Upper West Side-Lincoln Square;1030988;15;277;END;W  END AVE;10023;277 W  END AVE;True;False;False;False;True;0.655839866;65.58398664
Manhattan;Chelsea-Hudson Yards;1013630;1;498;9;9 AVE;10018;498 9 AVE;True;False;False;False;True;0.770676109;77.06761088
Manhattan;Hell's Kitchen;1027123;5;604;48;W  48 ST;10036;604 W  48 ST;True;False;False;False;True;0.592539677;59.25396767
Manhattan;Hell's Kitchen;1013641;5;331;38;W  38 ST;10018;331 W  38 ST;True;False;False;False;True;0.657021449;65.70214488
Manhattan;Upper West Side-Lincoln Square;1030335;6;236;64;W  64 ST;10023;236 W  64 ST;True;True;False;False;False;0.419738202;41.97382019
Manhattan;Gramercy;1017946;16;101;20;E  20 ST;10003;101 E  20 ST;True;False;False;False;True;0.893048543;89.30485432
Manhattan;Hell's Kitchen;1012997;4;531;9;9 AVE;10018;531 9 AVE;True;False;False;False;True;0.597743043;59.7743043
Manhattan;Midtown-Times Square;1014501;23;201;39;W  39 ST;10018;201 W  39 ST;False;False;False;False;False;0.704473463;70.4473463
Manhattan;Upper West Side-Lincoln Square;1027194;11;16;61;W  61 ST;10023;16 W  61 ST;True;False;False;False;True;0.712549396;71.25493961
Manhattan;Midtown-Times Square;1024745;5;252;47;W  47 ST;10036;252 W  47 ST;True;False;False;False;True;0.751241529;75.12415287
Manhattan;Midtown South-Flatiron-Union Square;1015857;3;50;33;W  33 ST;10001;50 W  33 ST;True;False;True;False;False;0.813646914;81.36469137
Manhattan;Hell's Kitchen;1026861;5;443;56;W  56 ST;10019;443 W  56 ST;True;True;True;False;False;0.212180157;21.21801571
Manhattan;Chelsea-Hudson Yards;1013503;3;354;30;W  30 ST;10001;354 W  30 ST;True;True;True;False;False;0.174838087;17.48380872
Manhattan;Upper West Side (Central);1031658;4;24;94;W  94 ST;10025;24 W  94 ST;True;True;True;False;False;0.213038784;21.30387839
Manhattan;Chelsea-Hudson Yards;1014770;4;143;21;W  21 ST;10011;143 W  21 ST;True;False;False;False;True;0.747095742;74.70957417
Manhattan;Upper West Side-Lincoln Square;1030395;5;215;70;W  70 ST;10023;215 W  70 ST;True;True;True;False;False;0.110652472;11.06524721
Manhattan;Chelsea-Hudson Yards;1026906;3;553;41;W  41 ST;10036;553 W  41 ST;True;False;False;False;True;0.682236909;68.2236909
Manhattan;Gramercy;1020415;4;306;15;E  15 ST;10003;306 E  15 ST;True;True;True;False;False;0.629465852;62.94658523
Manhattan;Hell's Kitchen;1026670;4;455;50;W  50 ST;10019;455 W  50 ST;True;True;True;False;False;0.105361824;10.53618238
Manhattan;Hell's Kitchen;1025216;2;348;52;W  52 ST;10019;348 W  52 ST;False;False;False;False;False;0.74983346;74.983346
Manhattan;Upper West Side-Lincoln Square;1028248;5;26;68;W  68 ST;10023;26 W  68 ST;True;True;True;False;False;0.131029092;13.1029092
Manhattan;Hell's Kitchen;1027046;1;718;11;11 AVE;10019;718 11 AVE;True;False;False;False;True;0.713968083;71.39680828
Manhattan;Chelsea-Hudson Yards;1012694;4;415;22;W  22 ST;10011;415 W  22 ST;True;True;True;False;False;0.09827825;9.827824954
Manhattan;Gramercy;1019549;6;;;;;;True;True;True;False;False;0.485148164;48.51481644
Manhattan;Midtown South-Flatiron-Union Square;1015864;5;38;34;W  34 ST;10001;38 W  34 ST;True;False;False;False;True;0.862309042;86.23090417
Manhattan;Upper West Side (Central);1030735;4;252;75;W  75 ST;10023;252 W  75 ST;True;True;True;False;False;0.227403285;22.74032849
Manhattan;Gramercy;1019651;6;217;22;E  22 ST;10010;217 E  22 ST;True;True;True;False;False;0.613607588;61.36075884
Manhattan;Midtown South-Flatiron-Union Square;1017032;12;10;33;E  33 ST;10016;10 E  33 ST;True;False;False;False;True;0.83127539;83.12753896
Manhattan;Chelsea-Hudson Yards;1014105;4;244;8;8 AVE;10011;244 8 AVE;True;False;False;False;True;0.667571347;66.75713468
Manhattan;Midtown-Times Square;1015941;10;10;37;W  37 ST;10018;10 W  37 ST;True;False;False;False;True;0.856227833;85.62278333
Manhattan;Midtown-Times Square;1023737;9;152;58;W  58 ST;10019;152 W  58 ST;True;False;True;False;True;0.618935698;61.89356977
Manhattan;Upper West Side (Central);1031771;4;118;80;W  80 ST;10024;118 W  80 ST;True;True;False;False;False;0.156071667;15.60716669
Manhattan;Midtown South-Flatiron-Union Square;1015879;4;34;35;W  35 ST;10001;34 W  35 ST;True;True;False;True;True;0.807856217;80.78562174
Manhattan;Chelsea-Hudson Yards;1013243;16;164;9;9 AVE;10011;164 9 AVE;True;False;False;False;True;0.772599267;77.25992674
Manhattan;Upper West Side (Central);1031305;5;;;;;;True;False;True;False;False;0.472361662;47.23616622
Manhattan;Chelsea-Hudson Yards;1014171;4;245;24;W  24 ST;10011;245 W  24 ST;True;True;True;False;False;0.151305469;15.13054694
Manhattan;Midtown South-Flatiron-Union Square;1015372;10;;;;;;True;False;False;False;True;0.607337283;60.7337283
Manhattan;Midtown South-Flatiron-Union Square;1015634;12;37;26;W  26 ST;10010;37 W  26 ST;True;False;False;False;True;0.808567015;80.85670153
Manhattan;Midtown South-Flatiron-Union Square;1016133;4;28;18;E  18 ST;10003;28 E  18 ST;True;True;False;False;False;0.592011091;59.20110909
Manhattan;Midtown-Times Square;1017133;5;4;36;E  36 ST;10016;4 E  36 ST;True;False;False;False;True;0.616034423;61.60344229
Manhattan;Upper West Side (Central);1031221;4;59;83;W  83 ST;10024;59 W  83 ST;True;True;True;False;False;0.096326447;9.63264465
Manhattan;Gramercy;1019533;6;167;3;3 AVE;10003;167 3 AVE;True;True;True;False;False;0.839240992;83.92409921
Manhattan;Midtown-Times Square;1024779;3;1604;BROADWAY;BROADWAY;10019;1604 BROADWAY;False;False;False;False;False;0.713076405;71.30764049
Manhattan;Chelsea-Hudson Yards;1013292;5;335;21;W  21 ST;10011;335 W  21 ST;True;True;True;False;False;0.186376431;18.63764306
Manhattan;Chelsea-Hudson Yards;1012300;1;522;21;W  21 ST;10011;522 W  21 ST;True;False;False;False;True;0.781486819;78.1486819
Manhattan;Upper West Side (Central);1031594;4;46;90;W  90 ST;10024;46 W  90 ST;True;True;True;False;False;0.110327475;11.03274749
Manhattan;Midtown South-Flatiron-Union Square;1015604;12;10;25;W  25 ST;10010;10 W  25 ST;True;False;False;False;True;0.828085384;82.80853839
Manhattan;Chelsea-Hudson Yards;1012593;4;428;20;W  20 ST;10011;428 W  20 ST;True;True;False;False;False;0.150844111;15.0844111
Manhattan;Hell's Kitchen;1026949;5;536;46;W  46 ST;10036;536 W  46 ST;True;False;False;False;True;0.676862971;67.68629706
Manhattan;Upper West Side (Central);1031501;4;45;88;W  88 ST;10024;45 W  88 ST;True;True;True;False;False;0.069085788;6.908578809
Manhattan;Chelsea-Hudson Yards;1013564;3;357;35;W  35 ST;10001;357 W  35 ST;True;False;False;False;True;0.573441629;57.34416294
Manhattan;Chelsea-Hudson Yards;1012331;5;203;10;10 AVE;10011;203 10 AVE;True;True;False;False;False;0.64527269;64.52726898
Manhattan;Midtown-Times Square;1024742;54;1567;BROADWAY;BROADWAY;10036;1567 BROADWAY;True;False;False;False;True;0.988784554;98.87845542
Manhattan;Gramercy;1017937;6;122;20;E  20 ST;10003;122 E  20 ST;True;False;True;False;True;0.645860962;64.58609623
Manhattan;Upper West Side-Lincoln Square;1028588;4;;;;;;True;True;True;False;False;0.08769162;8.769161983
Manhattan;Upper West Side (Central);1031542;4;64;89;W  89 ST;10024;64 W  89 ST;True;True;False;False;False;0.091634191;9.163419092
Manhattan;Midtown South-Flatiron-Union Square;1015189;2;144;32;W  32 ST;10001;144 W  32 ST;True;False;True;False;True;0.306951328;30.69513277
Manhattan;Hell's Kitchen;1024943;5;321;42;W  42 ST;10036;321 W  42 ST;True;False;False;False;False;0.659849988;65.98499879
Manhattan;Midtown South-Flatiron-Union Square;1014266;4;212;29;W  29 ST;10001;212 W  29 ST;True;False;False;False;True;0.858969952;85.89699524
Manhattan;Midtown South-Flatiron-Union Square;1016135;4;868;BROADWAY;BROADWAY;10003;868 BROADWAY;True;False;False;False;True;0.541515722;54.15157218
Manhattan;Hell's Kitchen;1026730;5;436;52;W  52 ST;10019;436 W  52 ST;True;True;False;False;False;0.16041717;16.04171697
Manhattan;Chelsea-Hudson Yards;1013540;16;21;PENN;PENN PLZ;10001;21 PENN PLZ;True;False;False;False;True;0.857511214;85.75112145
Manhattan;Midtown-Times Square;1022624;4;1514;BROADWAY;BROADWAY;10036;1514 BROADWAY;True;False;False;False;True;0.776798724;77.67987243
Manhattan;Midtown-Times Square;1024891;5;934;8;8 AVE;10019;934 8 AVE;True;False;False;True;True;0.627863499;62.78634986
Manhattan;Upper West Side (Central);1031642;8;37;93;W  93 ST;10025;37 W  93 ST;True;False;True;True;True;0.601125046;60.1125046
Manhattan;Upper West Side (Central);1031105;5;312;78;W  78 ST;10024;312 W  78 ST;True;True;True;True;False;0.120314942;12.03149423
Manhattan;Upper West Side (Central);1031497;4;57;88;W  88 ST;10024;57 W  88 ST;True;True;True;False;False;0.141245564;14.12455638
Manhattan;Upper West Side (Central);1031795;4;;;;;;True;True;False;True;False;0.092051703;9.205170339
Manhattan;Midtown South-Flatiron-Union Square;1015394;18;114;5;5 AVE;10011;114 5 AVE;True;False;False;False;True;0.844282895;84.42828947
Manhattan;Midtown-Times Square;1024708;4.5;240;44;W  44 ST;10036;240 W  44 ST;True;False;False;False;True;0.739094767;73.90947669
Manhattan;Hell's Kitchen;1026344;5;600;10;10 AVE;10036;600 10 AVE;True;False;False;False;True;0.67221898;67.22189796
Manhattan;Gramercy;1018134;3;135;26;E  26 ST;10010;135 E  26 ST;True;True;True;False;False;0.490296914;49.02969139
Manhattan;Midtown-Times Square;1022658;5;138;46;W  46 ST;10036;138 W  46 ST;True;False;False;False;True;0.711990327;71.19903267
Manhattan;Midtown-Times Square;1015266;35;112;39;W  39 ST;10018;112 W  39 ST;True;False;False;False;True;0.828724663;82.87246626
Manhattan;Upper West Side (Central);1031113;21;60;RIVERSIDE;RIVERSIDE DR;10024;60 RIVERSIDE DR;True;False;False;False;True;0.813685423;81.36854227
Manhattan;Hell's Kitchen;1026808;2;;;;;;True;False;False;False;True;0.697974519;69.7974519
Manhattan;Hell's Kitchen;1027102;3;617;11;11 AVE;10036;617 11 AVE;True;False;True;False;False;0.677749745;67.77497452
Manhattan;Upper West Side (Central);1031045;5;333;76;W  76 ST;10023;333 W  76 ST;True;True;False;False;False;0.117199054;11.71990536
Manhattan;Hell's Kitchen;1026519;5;404;47;W  47 ST;10036;404 W  47 ST;True;True;True;False;False;0.216829143;21.68291431
Manhattan;Midtown-Times Square;1014495;4;608;8;8 AVE;10018;608 8 AVE;False;False;False;False;False;0.733428836;73.34288364
Manhattan;Upper West Side (Central);1031039;5.5;36;RIVERSIDE;RIVERSIDE DR;10023;36 RIVERSIDE DR;True;False;True;False;True;0.13453499;13.45349903
Manhattan;Upper West Side (Central);1031468;4;20;88;W  88 ST;10024;20 W  88 ST;True;True;True;False;False;0.128176383;12.8176383
Manhattan;Chelsea-Hudson Yards;1012674;4;463;22;W  22 ST;10011;463 W  22 ST;True;True;True;False;False;0.143660378;14.36603777
Manhattan;Hell's Kitchen;1026993;5;693;10;10 AVE;10036;693 10 AVE;True;False;False;False;True;0.615374844;61.53748444
Manhattan;Gramercy;1017962;4;248;3;3 AVE;10010;248 3 AVE;True;False;False;False;True;0.716119695;71.61196955
Manhattan;Chelsea-Hudson Yards;1013727;5;213;14;W  14 ST;10011;213 W  14 ST;True;False;False;False;True;0.634787483;63.4787483
Manhattan;Hell's Kitchen;1026740;4;440;53;W  53 ST;10019;440 W  53 ST;False;False;False;False;False;0.571658243;57.1658243
Manhattan;Upper West Side (Central);1030108;4;142;75;W  75 ST;10023;142 W  75 ST;True;True;True;False;False;0.102252981;10.22529806
Manhattan;Midtown South-Flatiron-Union Square;1015686;5;11;27;W  27 ST;10001;11 W  27 ST;True;False;False;False;True;0.828960746;82.89607456
Manhattan;Hell's Kitchen;1026516;5;;;;;;True;True;True;False;False;0.088648299;8.86482987
Manhattan;Midtown South-Flatiron-Union Square;1015602;24;10;MADISON;MADISON SQ W;10010;10 MADISON SQ W;True;False;False;False;True;0.930712102;93.07121019
Manhattan;Upper West Side (Central);1031019;4;325;75;W  75 ST;10023;325 W  75 ST;True;True;True;False;False;0.110181027;11.01810273
Manhattan;Gramercy;1019780;8;220;24;E  24 ST;10010;220 E  24 ST;True;False;False;True;True;0.778578098;77.85780981
Manhattan;Upper West Side-Lincoln Square;1030408;4;;;;;;True;False;False;False;False;0.580350861;58.03508606
Manhattan;Upper West Side-Lincoln Square;1028942;5;190;COLUMBUS;COLUMBUS AVE;10023;190 COLUMBUS AVE;True;False;False;False;True;0.557121699;55.71216993
Manhattan;Upper West Side (Central);1031397;4;59;86;W  86 ST;10024;59 W  86 ST;True;False;False;True;True;0.621634021;62.16340207
Manhattan;Chelsea-Hudson Yards;1013731;6;203;14;W  14 ST;10011;203 W  14 ST;True;False;False;False;True;0.669122469;66.91224685
Manhattan;Chelsea-Hudson Yards;1013525;4;321;30;W  30 ST;10001;321 W  30 ST;True;True;True;False;False;0.230783158;23.07831576
Manhattan;Midtown South-Flatiron-Union Square;1015511;5;52;21;W  21 ST;10010;52 W  21 ST;True;False;False;False;True;0.696671315;69.66713151
Manhattan;Midtown-Times Square;1024821;4;;;;;;True;False;False;False;True;0.744932782;74.49327817
Manhattan;Chelsea-Hudson Yards;1013763;5;241;15;W  15 ST;10011;241 W  15 ST;True;True;True;False;False;0.206863887;20.68638866
Manhattan;Chelsea-Hudson Yards;1013238;5;354;20;W  20 ST;10011;354 W  20 ST;True;True;True;False;False;0.127733298;12.77332982
Manhattan;Upper West Side-Lincoln Square;1030967;6;;;;;;True;False;False;False;True;0.60283472;60.28347202
Manhattan;Midtown South-Flatiron-Union Square;1014226;5;328;8;8 AVE;10001;328 8 AVE;True;False;False;False;True;0.767850575;76.7850575
Manhattan;Midtown-Times Square;1014469;21;270;38;W  38 ST;10018;270 W  38 ST;True;False;False;False;True;0.871843203;87.18432027
Manhattan;Midtown South-Flatiron-Union Square;1015584;3;6;24;W  24 ST;10010;6 W  24 ST;True;False;False;False;True;0.791258474;79.12584742
Manhattan;Midtown-Times Square;1024802;4;210;50;W  50 ST;10019;210 W  50 ST;True;True;False;False;True;0.833346099;83.33460991
Manhattan;Chelsea-Hudson Yards;1013250;3;349;20;W  20 ST;10011;349 W  20 ST;True;True;True;False;False;0.107851133;10.78511332
Manhattan;Hell's Kitchen;1027121;6;601;47;W  47 ST;10036;601 W  47 ST;True;True;False;False;False;0.798151966;79.81519656
Manhattan;Midtown South-Flatiron-Union Square;1016182;5;28;20;E  20 ST;10003;28 E  20 ST;True;True;True;False;False;0.462771132;46.27711318
Manhattan;Midtown South-Flatiron-Union Square;1016295;1;28;23;E  23 ST;10010;28 E  23 ST;True;False;False;False;True;0.79962205;79.96220497
Manhattan;Gramercy;1018155;4;124;27;E  27 ST;10016;124 E  27 ST;True;False;False;False;True;0.630792617;63.07926175
Manhattan;Hell's Kitchen;1024956;4;596;9;9 AVE;10036;596 9 AVE;True;False;False;False;True;0.712593565;71.2593565
Manhattan;Hell's Kitchen;1026404;4;445;44;W  44 ST;10036;445 W  44 ST;True;True;True;False;False;0.159676249;15.96762493
Manhattan;Chelsea-Hudson Yards;1013226;3;320;20;W  20 ST;10011;320 W  20 ST;True;True;True;False;False;0.091233963;9.123396266
Manhattan;Upper West Side-Lincoln Square;1030399;3;250;71;W  71 ST;10023;250 W  71 ST;True;True;True;False;False;0.113944612;11.39446118
Manhattan;Upper West Side (Central);1031698;3;31;94;W  94 ST;10025;31 W  94 ST;True;True;False;False;False;0.082310218;8.231021781
Manhattan;Midtown South-Flatiron-Union Square;1015605;11;18;25;W  25 ST;10010;18 W  25 ST;True;True;False;False;False;0.64045677;64.04567697
Manhattan;Upper West Side-Lincoln Square;1028472;4;;;;;;True;True;True;False;False;0.140562598;14.05625982
Manhattan;Gramercy;1017795;11;123;15;E  15 ST;10003;123 E  15 ST;True;False;False;False;True;0.521529254;52.15292535
Manhattan;Upper West Side-Lincoln Square;1028938;5;107;68;W  68 ST;10023;107 W  68 ST;True;False;True;False;True;0.485374462;48.53744618
Manhattan;Hell's Kitchen;1026725;4;771;9;9 AVE;10019;771 9 AVE;True;False;False;False;True;0.753688586;75.36885862
Manhattan;Chelsea-Hudson Yards;1015027;9;146;26;W  26 ST;10001;146 W  26 ST;True;False;False;False;True;0.853522235;85.35222352
Manhattan;Midtown-Times Square;1024885;5;244;56;W  56 ST;10019;244 W  56 ST;True;True;True;False;False;0.501403865;50.14038649
Manhattan;Upper West Side (Central);1031192;4;28;83;W  83 ST;10024;28 W  83 ST;True;True;True;True;False;0.157590643;15.75906433
Manhattan;Midtown-Times Square;1024887;5;944;8;8 AVE;10019;944 8 AVE;True;False;False;False;True;0.739362828;73.93628284
Manhattan;Midtown South-Flatiron-Union Square;1016145;13;111;5;5 AVE;10003;111 5 AVE;True;False;False;False;True;0.800376947;80.03769469
Manhattan;Hell's Kitchen;1026876;5;460;57;W  57 ST;10019;460 W  57 ST;True;False;False;False;True;0.608997762;60.89977616
Manhattan;Midtown South-Flatiron-Union Square;1014239;15;236;27;W  27 ST;10001;236 W  27 ST;False;False;False;False;False;0.764157331;76.41573311
Manhattan;Gramercy;1018118;4;132;26;E  26 ST;10010;132 E  26 ST;True;False;False;False;True;0.707162628;70.71626282
Manhattan;Upper West Side-Lincoln Square;1028657;4;47;73;W  73 ST;10023;47 W  73 ST;True;True;False;False;False;0.143681093;14.36810929
Manhattan;Chelsea-Hudson Yards;1013496;4;306;30;W  30 ST;10001;306 W  30 ST;True;True;True;False;False;0.131168415;13.11684149
Manhattan;Upper West Side-Lincoln Square;1030017;5;100;74;W  74 ST;10023;100 W  74 ST;True;False;False;False;True;0.551831151;55.18311508
Manhattan;Chelsea-Hudson Yards;1014033;5;205;20;W  20 ST;10011;205 W  20 ST;True;False;True;False;False;0.625686198;62.56861981
Manhattan;Upper West Side (Central);1030177;4;153;76;W  76 ST;10023;153 W  76 ST;True;True;False;False;False;0.143753948;14.37539479
Manhattan;Chelsea-Hudson Yards;1012345;14;534;24;W  24 ST;10011;534 W  24 ST;True;False;False;False;True;0.920105049;92.01050492
Manhattan;Midtown South-Flatiron-Union Square;1016241;5;927;BROADWAY;BROADWAY;10010;927 BROADWAY;True;False;False;False;True;0.651601538;65.16015378
Manhattan;Upper West Side (Central);1031496;4;61;88;W  88 ST;10024;61 W  88 ST;True;True;True;False;False;0.096157197;9.61571971
Manhattan;Hell's Kitchen;1026866;5;417;56;W  56 ST;10019;417 W  56 ST;True;True;True;False;False;0.18741297;18.74129699
Manhattan;Gramercy;1017836;4;108;17;E  17 ST;10003;108 E  17 ST;True;True;True;False;False;0.165304449;16.53044493
Manhattan;Chelsea-Hudson Yards;1013347;4;345;22;W  22 ST;10011;345 W  22 ST;True;True;True;False;False;0.16736134;16.736134
Manhattan;Hell's Kitchen;1026413;4;409;44;W  44 ST;10036;409 W  44 ST;True;True;True;False;False;0.523208291;52.32082905
Manhattan;Midtown South-Flatiron-Union Square;1015619;7;202;5;5 AVE;10010;202 5 AVE;True;False;False;True;True;0.817128982;81.71289825
Manhattan;Upper West Side-Lincoln Square;1030436;15;260;END;W  END AVE;10023;260 W  END AVE;True;False;False;False;True;0.660672941;66.06729406
Manhattan;Midtown South-Flatiron-Union Square;1015092;5;136;28;W  28 ST;10001;136 W  28 ST;True;False;False;False;True;0.242322279;24.23222792
Manhattan;Chelsea-Hudson Yards;1012786;3;;;;;;True;True;True;False;False;0.070671783;7.067178276
Manhattan;Midtown-Times Square;1014484;10;201;38;W  38 ST;10018;201 W  38 ST;True;False;False;False;True;0.829633034;82.96330341
Manhattan;Hell's Kitchen;1025049;3;345;46;W  46 ST;10036;345 W  46 ST;True;True;True;False;False;0.5972283;59.72283005
Manhattan;Hell's Kitchen;1025415;2;307;54;W  54 ST;10019;307 W  54 ST;True;True;False;True;False;0.306934517;30.69345173
Manhattan;Chelsea-Hudson Yards;1012974;4;443;37;W  37 ST;10018;443 W  37 ST;True;True;False;False;False;0.138697201;13.86972007
Manhattan;Midtown-Times Square;1016039;5;43;39;W  39 ST;10018;43 W  39 ST;True;False;False;False;True;0.70121222;70.12122204
Manhattan;Hell's Kitchen;1026498;5;418;47;W  47 ST;10036;418 W  47 ST;True;True;True;False;False;0.213147529;21.31475293
Manhattan;Chelsea-Hudson Yards;1013290;4;343;21;W  21 ST;10011;343 W  21 ST;True;True;True;False;False;0.251752974;25.17529745
Manhattan;Hell's Kitchen;1027111;1;607;46;W  46 ST;10036;607 W  46 ST;True;False;False;False;True;0.775715616;77.57156156
Manhattan;Upper West Side (Central);1030207;4;111;77;W  77 ST;10024;111 W  77 ST;True;True;True;False;False;0.149578362;14.95783624
Manhattan;Gramercy;1018056;5;30;LEXINGTON;LEXINGTON AVE;10010;30 LEXINGTON AVE;True;False;False;False;True;0.688258154;68.82581536
Manhattan;Upper West Side (Central);1031753;5;407;AMSTERDAM;AMSTERDAM AVE;10024;407 AMSTERDAM AVE;True;False;False;False;True;0.543047716;54.30477161
Manhattan;Midtown South-Flatiron-Union Square;1015753;1;49;29;W  29 ST;10001;49 W  29 ST;True;True;True;False;False;0.711989444;71.1989444
Manhattan;Upper West Side (Central);1030267;19;172;79;W  79 ST;10024;172 W  79 ST;True;False;False;False;True;0.870884942;87.08849425
Manhattan;Chelsea-Hudson Yards;1013072;4;349;17;W  17 ST;10011;349 W  17 ST;True;True;True;False;False;0.085084086;8.508408604
Manhattan;Midtown South-Flatiron-Union Square;1015818;4;308;5;5 AVE;10001;308 5 AVE;True;False;False;False;True;0.839516293;83.95162935
Manhattan;Hell's Kitchen;1026567;6;401;47;W  47 ST;10036;401 W  47 ST;True;False;True;False;True;0.668705851;66.87058515
Manhattan;Hell's Kitchen;1024999;5;358;45;W  45 ST;10036;358 W  45 ST;True;True;True;False;False;0.257743379;25.77433792
Manhattan;Midtown-Times Square;1016016;16;54;39;W  39 ST;10018;54 W  39 ST;True;False;False;False;True;0.88331209;88.33120903
Manhattan;Gramercy;1020535;4;334;20;E  20 ST;10003;334 E  20 ST;True;True;True;False;False;0.389288917;38.92889173
Manhattan;Hell's Kitchen;1013635;6;510;9;9 AVE;10018;510 9 AVE;True;True;False;False;False;0.669307065;66.93070651
Manhattan;Upper West Side (Central);1031694;9;46;95;W  95 ST;10025;46 W  95 ST;True;False;True;False;True;0.588789423;58.87894228
Manhattan;Chelsea-Hudson Yards;1012329;6;511;22;W  22 ST;10011;511 W  22 ST;True;True;False;False;False;0.764804133;76.48041325
Manhattan;Midtown South-Flatiron-Union Square;1015778;9;1220;BROADWAY;BROADWAY;10001;1220 BROADWAY;True;False;False;False;True;0.834955015;83.49550153
Manhattan;Gramercy;1017905;12;106;19;E  19 ST;10003;106 E  19 ST;True;False;False;False;True;0.81961046;81.961046
Manhattan;Hell's Kitchen;1026598;5;409;48;W  48 ST;10036;409 W  48 ST;True;True;True;False;False;0.151875271;15.18752711
Manhattan;Midtown-Times Square;1014407;4;;;;;;True;False;False;False;True;0.769248551;76.92485514
Manhattan;Chelsea-Hudson Yards;1014193;4;302;8;8 AVE;10001;302 8 AVE;True;False;False;False;True;0.730876349;73.08763494
Manhattan;Chelsea-Hudson Yards;1012386;10;524;26;W  26 ST;10001;524 W  26 ST;True;False;False;True;True;0.834569308;83.45693081
Manhattan;Gramercy;1017802;4;137;15;E  15 ST;10003;137 E  15 ST;True;True;True;False;False;0.140086714;14.00867136
Manhattan;Midtown South-Flatiron-Union Square;1015200;12;108;34;W  34 ST;10120;108 W  34 ST;True;False;False;False;True;0.854382611;85.43826113
Manhattan;Hell's Kitchen;1025252;5;796;9;9 AVE;10019;796 9 AVE;True;False;False;False;True;0.641332807;64.13328075
Manhattan;Chelsea-Hudson Yards;1013219;6;177;8;8 AVE;10011;177 8 AVE;True;False;True;False;False;0.685640433;68.56404333
Manhattan;Upper West Side (Central);1031797;4;164;80;W  80 ST;10024;164 W  80 ST;True;True;True;False;False;0.537889105;53.78891052
Manhattan;Chelsea-Hudson Yards;1013768;5;229;15;W  15 ST;10011;229 W  15 ST;True;True;False;False;False;0.209391115;20.93911146
Manhattan;Chelsea-Hudson Yards;1014652;6;133;17;W  17 ST;10011;133 W  17 ST;True;False;True;True;False;0.787953303;78.79533027
Manhattan;Midtown-Times Square;1024842;12;244;54;W  54 ST;10019;244 W  54 ST;True;False;False;False;True;0.818950342;81.8950342
Manhattan;Hell's Kitchen;1027104;6;616;46;W  46 ST;10036;616 W  46 ST;False;False;False;False;False;0.774669841;77.46698409
Manhattan;Midtown South-Flatiron-Union Square;1014235;3;221;26;W  26 ST;10001;221 W  26 ST;True;False;True;False;False;0.547862208;54.78622083
Manhattan;Hell's Kitchen;1027030;5;523;49;W  49 ST;10019;523 W  49 ST;True;True;False;False;False;0.156346742;15.63467423
Manhattan;Upper West Side (Central);1030225;5;170;78;W  78 ST;10024;170 W  78 ST;True;True;False;False;False;0.620514395;62.05143946
Manhattan;Hell's Kitchen;1027066;7;500;57;W  57 ST;10019;500 W  57 ST;True;False;False;False;False;0.782923112;78.29231121
Manhattan;Chelsea-Hudson Yards;1013738;3;210;15;W  15 ST;10011;210 W  15 ST;True;True;True;False;False;0.176107718;17.61077184
Manhattan;Hell's Kitchen;1026973;5;522;47;W  47 ST;10036;522 W  47 ST;True;False;True;False;True;0.210600267;21.06002672
Manhattan;Hell's Kitchen;1026551;3;457;47;W  47 ST;10036;457 W  47 ST;True;True;True;False;False;0.14121432;14.12143198
Manhattan;Gramercy;1018039;1;127;23;E  23 ST;10010;127 E  23 ST;True;False;False;False;True;0.729142657;72.91426573
Manhattan;Chelsea-Hudson Yards;1014070;3;217;21;W  21 ST;10011;217 W  21 ST;True;False;False;False;True;0.881624345;88.16243446
Manhattan;Midtown-Times Square;1024812;48;1633;BROADWAY;BROADWAY;10019;1633 BROADWAY;True;False;False;True;False;0.886925448;88.69254478
Manhattan;Upper West Side-Lincoln Square;1028444;4;59;68;W  68 ST;10023;59 W  68 ST;True;True;True;False;False;0.101468912;10.14689121
Manhattan;Midtown-Times Square;1015885;30;63;35;W  35 ST;10001;63 W  35 ST;True;False;False;False;True;0.962763993;96.27639932
Manhattan;Gramercy;1017992;5;127;21;E  21 ST;10010;127 E  21 ST;True;False;True;False;True;0.539695298;53.96952981
Manhattan;Hell's Kitchen;1025030;4;656;9;9 AVE;10036;656 9 AVE;True;False;False;False;True;0.705375932;70.5375932
Manhattan;Midtown-Times Square;1015238;22;141;36;W  36 ST;10018;141 W  36 ST;True;False;False;False;True;0.779577161;77.95771608
Manhattan;Midtown South-Flatiron-Union Square;1015629;12;30;26;W  26 ST;10010;30 W  26 ST;True;False;False;False;True;0.83032561;83.03256099
Manhattan;Hell's Kitchen;1025024;6;352;46;W  46 ST;10036;352 W  46 ST;True;False;True;False;True;0.535788259;53.57882588
Manhattan;Hell's Kitchen;1026990;5;503;47;W  47 ST;10036;503 W  47 ST;True;False;True;False;False;0.204131164;20.41311643
Manhattan;Midtown South-Flatiron-Union Square;1015382;4;31;16;W  16 ST;10011;31 W  16 ST;True;True;True;False;False;0.151369835;15.13698347
Manhattan;Midtown-Times Square;1014417;16;254;35;W  35 ST;10001;254 W  35 ST;True;False;False;False;True;0.693719063;69.37190626
Manhattan;Chelsea-Hudson Yards;1014095;4;260;22;W  22 ST;10011;260 W  22 ST;True;False;True;False;False;0.152911448;15.29114475
Manhattan;Midtown-Times Square;1015958;18;49;37;W  37 ST;10018;49 W  37 ST;True;False;True;False;True;0.876489166;87.64891656
Manhattan;Chelsea-Hudson Yards;1014790;6;213;7;7 AVE;10011;213 7 AVE;True;False;False;False;True;0.773819844;77.38198443
Manhattan;Chelsea-Hudson Yards;1013547;24;300;34;W  34 ST;10001;300 W  34 ST;True;False;False;False;False;0.700372595;70.03725951
Manhattan;Midtown South-Flatiron-Union Square;1015071;4;107;27;W  27 ST;10001;107 W  27 ST;True;False;False;False;True;0.742277112;74.22771117
Manhattan;Midtown South-Flatiron-Union Square;1015765;11;274;5;5 AVE;10001;274 5 AVE;True;False;False;False;True;0.82623994;82.62399399
Manhattan;Midtown-Times Square;1017219;6;24;38;E  38 ST;10016;24 E  38 ST;True;True;False;False;False;0.728037323;72.8037323
Manhattan;Hell's Kitchen;1013646;23;302;39;W  39 ST;10018;302 W  39 ST;True;False;False;False;True;0.805371265;80.53712655
Manhattan;Gramercy;1017866;4;121;18;E  18 ST;10003;121 E  18 ST;True;False;False;False;True;0.643760032;64.37600318
Manhattan;Midtown South-Flatiron-Union Square;1015170;7;120;31;W  31 ST;10001;120 W  31 ST;True;False;False;False;True;0.85252501;85.25250102
Manhattan;Midtown South-Flatiron-Union Square;1016889;15;28;28;E  28 ST;10016;28 E  28 ST;True;False;True;True;True;0.862877743;86.28777426
Manhattan;Gramercy;1018018;5;155;22;E  22 ST;10010;155 E  22 ST;True;True;True;False;False;0.301369888;30.13698883
Manhattan;Midtown-Times Square;1015883;4;966;OF THE AMERICAS;AVE OF THE AMERICAS;10001;966 AVE OF THE AMERICAS;True;False;False;False;True;0.775991737;77.5991737
Manhattan;Midtown South-Flatiron-Union Square;1016935;16;440;PARK;PARK AVE S;10016;440 PARK AVE S;True;False;False;False;True;0.852664212;85.26642117
Manhattan;Hell's Kitchen;1026437;5;640;10;10 AVE;10036;640 10 AVE;False;False;False;False;False;0.634436824;63.44368241
Manhattan;Hell's Kitchen;1025084;5;688;9;9 AVE;10036;688 9 AVE;True;False;False;False;True;0.741735166;74.17351655
Manhattan;Hell's Kitchen;1024959;4;608;9;9 AVE;10036;608 9 AVE;True;False;True;False;True;0.730951447;73.09514473
Manhattan;Gramercy;1017843;16;127;17;E  17 ST;10003;127 E  17 ST;True;False;True;False;True;0.721853648;72.1853648
Manhattan;Upper West Side-Lincoln Square;1028949;9;106;69;W  69 ST;10023;106 W  69 ST;True;False;False;False;True;0.714048388;71.40483878
Manhattan;Midtown South-Flatiron-Union Square;1015066;12;129;27;W  27 ST;10001;129 W  27 ST;True;False;False;False;True;0.832164015;83.21640152
Manhattan;Chelsea-Hudson Yards;1013117;3;324;19;W  19 ST;10011;324 W  19 ST;True;True;True;False;False;0.054437743;5.443774284
Manhattan;Hell's Kitchen;1026346;4;;;;;;True;True;True;False;False;0.160065468;16.00654684
Manhattan;Hell's Kitchen;1025234;5;788;9;9 AVE;10019;788 9 AVE;True;False;False;False;True;0.170401551;17.0401551
Manhattan;Upper West Side (Central);1031130;12;316;79;W  79 ST;10024;316 W  79 ST;True;False;False;False;True;0.659315017;65.93150175
Manhattan;Midtown South-Flatiron-Union Square;1015304;5;544;OF THE AMERICAS;AVE OF THE AMERICAS;10011;544 AVE OF THE AMERICAS;True;False;False;False;True;0.861556722;86.1556722
Manhattan;Hell's Kitchen;1026862;5;441;56;W  56 ST;10019;441 W  56 ST;True;False;True;False;True;0.211064922;21.1064922
Manhattan;Midtown South-Flatiron-Union Square;1016160;10;9;19;E  19 ST;10003;9 E  19 ST;True;False;False;False;True;0.830224119;83.02241187
Manhattan;Midtown-Times Square;1014470;1;277;38;W  38 ST;10018;277 W  38 ST;False;False;False;False;False;0.823325681;82.33256811
Manhattan;Hell's Kitchen;1027098;8;599;11;11 AVE;10036;599 11 AVE;True;False;False;True;True;0.524126068;52.41260684
Manhattan;Midtown South-Flatiron-Union Square;1015046;5;100;27;W  27 ST;10001;100 W  27 ST;True;False;False;True;True;0.623258829;62.32588294
Manhattan;Chelsea-Hudson Yards;1012268;19;200;12;12 AVE;10001;200 12 AVE;True;False;False;False;True;0.873759909;87.37599087
Manhattan;Chelsea-Hudson Yards;1014064;5;255;21;W  21 ST;10011;255 W  21 ST;True;True;True;False;False;0.104458911;10.44589107
Manhattan;Upper West Side-Lincoln Square;1027366;27;43;61;W  61 ST;10023;43 W  61 ST;True;False;True;False;True;0.891147701;89.1147701
Manhattan;Gramercy;1019517;4;242;15;E  15 ST;10003;242 E  15 ST;True;True;True;False;False;0.144273062;14.42730623
Manhattan;Chelsea-Hudson Yards;1015006;12;127;25;W  25 ST;10001;127 W  25 ST;True;False;False;False;True;0.776673289;77.66732887
Manhattan;Hell's Kitchen;1027056;;811;10;10 AVE;10019;811 10 AVE;True;False;False;True;True;0.293243563;29.32435634
Manhattan;Midtown South-Flatiron-Union Square;1015780;;14;31;W  31 ST;10001;14 W  31 ST;True;False;False;False;True;0.713095224;71.30952239
Manhattan;Upper West Side (Central);1031728;17;2;96;W  96 ST;10025;2 W  96 ST;True;False;False;False;True;0.809438268;80.9438268
Manhattan;Chelsea-Hudson Yards;1014971;8;;;;;;True;False;False;False;True;0.521106571;52.11065712
Manhattan;Chelsea-Hudson Yards;1013497;11;308;30;W  30 ST;10001;308 W  30 ST;True;False;False;False;True;0.677167153;67.71671533
Manhattan;Upper West Side-Lincoln Square;1030342;;128;END;W  END AVE;10023;128 W  END AVE;True;False;False;False;True;0.689797978;68.97979781
Manhattan;Midtown South-Flatiron-Union Square;1015715;4;53;28;W  28 ST;10001;53 W  28 ST;True;True;False;False;False;0.741930421;74.19304214
Manhattan;Midtown-Times Square;1024834;;225;53;W  53 ST;10019;225 W  53 ST;True;False;True;False;True;0.77114844;77.11484403
Manhattan;Midtown South-Flatiron-Union Square;1016254;9;;;;;;True;True;False;False;False;0.72895027;72.89502697
Manhattan;Upper West Side-Lincoln Square;1029640;3;123;69;W  69 ST;10023;123 W  69 ST;True;True;True;False;False;0.071706098;7.170609797
Manhattan;Midtown South-Flatiron-Union Square;1016907;16;404;PARK;PARK AVE S;10016;404 PARK AVE S;True;False;False;False;True;0.816120958;81.61209581
Manhattan;Midtown South-Flatiron-Union Square;1015805;39;1250;BROADWAY;BROADWAY;10001;1250 BROADWAY;False;False;False;False;False;0.894843483;89.48434828
Manhattan;Midtown-Times Square;1014448;14;;;;;;False;False;False;False;False;0.552167666;55.21676656
Manhattan;Upper West Side (Central);1030904;3;223;78;W  78 ST;10024;223 W  78 ST;True;True;True;False;False;0.110494761;11.04947612
Manhattan;Midtown South-Flatiron-Union Square;1014385;1;200;34;W  34 ST;10001;200 W  34 ST;True;False;False;True;True;0.713533614;71.35336139
Manhattan;Chelsea-Hudson Yards;1015022;14;128;26;W  26 ST;10001;128 W  26 ST;True;False;False;False;True;0.850197778;85.01977783
Manhattan;Midtown-Times Square;1015226;12;125;35;W  35 ST;10001;125 W  35 ST;True;False;False;False;True;0.780996399;78.09963987
Manhattan;Midtown-Times Square;1024836;41;1700;BROADWAY;BROADWAY;10019;1700 BROADWAY;True;True;False;True;False;0.881710304;88.17103044
Manhattan;Hell's Kitchen;1026579;5;455;48;W  48 ST;10036;455 W  48 ST;True;False;True;False;False;0.624729683;62.47296831
Manhattan;Midtown-Times Square;1017601;48;10;40;E  40 ST;10016;10 E  40 ST;True;False;False;False;True;0.877613478;87.76134785
Manhattan;Chelsea-Hudson Yards;1014073;5;209;21;W  21 ST;10011;209 W  21 ST;True;True;True;False;False;0.240417036;24.04170358
Manhattan;Gramercy;1018067;12;329;PARK;PARK AVE S;10010;329 PARK AVE S;True;False;False;False;True;0.849930363;84.99303626
Manhattan;Upper West Side-Lincoln Square;1028843;5;152;COLUMBUS;COLUMBUS AVE;10023;152 COLUMBUS AVE;True;False;False;False;True;0.590327434;59.03274336
Manhattan;Gramercy;1017823;1;148;17;E  17 ST;10003;148 E  17 ST;True;False;False;False;True;0.805822126;80.5822126
Manhattan;Upper West Side-Lincoln Square;1028560;5;19;70;W  70 ST;10023;19 W  70 ST;True;True;True;False;False;0.172968967;17.29689674
Manhattan;Hell's Kitchen;1026517;4;671;9;9 AVE;10036;671 9 AVE;True;False;False;False;True;0.697507514;69.75075143
Manhattan;Chelsea-Hudson Yards;1014731;8;635;OF THE AMERICAS;AVE OF THE AMERICAS;10011;635 AVE OF THE AMERICAS;True;False;False;True;True;0.758134392;75.81343922
Manhattan;Chelsea-Hudson Yards;1013871;5;251;18;W  18 ST;10011;251 W  18 ST;True;True;False;False;False;0.615714378;61.57143784
Manhattan;Chelsea-Hudson Yards;1014041;7;210;21;W  21 ST;10011;210 W  21 ST;True;True;True;False;False;0.597175122;59.71751219
Manhattan;Midtown South-Flatiron-Union Square;1015830;6;30;32;W  32 ST;10001;30 W  32 ST;True;False;False;False;False;0.775674248;77.56742484
Manhattan;Gramercy;1019596;12;222;19;E  19 ST;10003;222 E  19 ST;True;True;False;True;True;0.821920245;82.19202447
Manhattan;Hell's Kitchen;1027068;6;514;57;W  57 ST;10019;514 W  57 ST;True;True;True;False;False;0.875140856;87.51408557
Manhattan;Chelsea-Hudson Yards;1014992;12;150;25;W  25 ST;10001;150 W  25 ST;True;False;False;False;True;0.88599611;88.59961096
Manhattan;Chelsea-Hudson Yards;1013966;5;263;19;W  19 ST;10011;263 W  19 ST;True;True;False;False;False;0.628286985;62.82869853
Manhattan;Midtown South-Flatiron-Union Square;1015043;31;;;;;;True;False;False;False;True;0.926904334;92.69043345
Manhattan;Gramercy;1020568;4;343;21;E  21 ST;10010;343 E  21 ST;True;True;True;False;False;0.711732494;71.1732494
Manhattan;Hell's Kitchen;1013655;6;356;39;W  39 ST;10018;356 W  39 ST;True;False;False;True;True;0.680856971;68.08569709
Manhattan;Hell's Kitchen;1026647;4;721;9;9 AVE;10019;721 9 AVE;True;False;False;False;True;0.62574781;62.57478101
Manhattan;Midtown South-Flatiron-Union Square;1015415;11;17;17;W  17 ST;10011;17 W  17 ST;True;False;False;True;False;0.864827586;86.48275858
Manhattan;Midtown South-Flatiron-Union Square;1015425;10;;;;;;True;False;False;False;True;0.788696435;78.86964353
Manhattan;Midtown South-Flatiron-Union Square;1015429;9;12;18;W  18 ST;10011;12 W  18 ST;True;False;False;False;True;0.801235267;80.12352667
Manhattan;Midtown South-Flatiron-Union Square;1015426;11;18;18;W  18 ST;10011;18 W  18 ST;True;False;False;False;True;0.81250161;81.25016101
Manhattan;Midtown South-Flatiron-Union Square;1015414;14;;;;;;True;False;False;True;False;0.854675179;85.46751789
Manhattan;Midtown South-Flatiron-Union Square;1015424;9;10;18;W  18 ST;10011;10 W  18 ST;True;False;False;False;True;0.817998099;81.7998099
Manhattan;Midtown-Times Square;1017588;19;270;MADISON;MADISON AVE;10016;270 MADISON AVE;True;False;False;False;True;0.684796804;68.4796804
Manhattan;Midtown South-Flatiron-Union Square;1015199;9;101;33;W  33 ST;10001;101 W  33 ST;True;False;False;False;True;0.699077305;69.90773049
Manhattan;Midtown-Times Square;1024793;11;1619;BROADWAY;BROADWAY;10019;1619 BROADWAY;True;False;False;True;True;0.777552467;77.75524668
Manhattan;Upper West Side (Central);1031135;15;45;81;W  81 ST;10024;45 W  81 ST;True;False;False;False;True;0.819159936;81.91599356
Manhattan;Chelsea-Hudson Yards;1012859;13;;;;;;True;False;True;False;True;0.809727781;80.97277809
Manhattan;Upper West Side-Lincoln Square;1028172;3.5;56;66;W  66 ST;10023;56 W  66 ST;True;True;False;False;False;0.495637745;49.56377454
Manhattan;Chelsea-Hudson Yards;1012656;2;450;22;W  22 ST;10011;450 W  22 ST;True;False;True;False;False;0.049122758;4.912275816
Manhattan;Midtown-Times Square;1024826;5.75;245;52;W  52 ST;10019;245 W  52 ST;True;False;False;False;True;0.702701958;70.27019576
Manhattan;Chelsea-Hudson Yards;1012390;1;547;26;W  26 ST;10001;547 W  26 ST;True;False;False;False;True;0.635986703;63.5986703
Manhattan;Gramercy;1019591;16;242;19;E  19 ST;10003;242 E  19 ST;True;False;False;False;True;0.726588121;72.65881206
Manhattan;Midtown South-Flatiron-Union Square;1014346;5;252;31;W  31 ST;10001;252 W  31 ST;True;False;False;False;True;0.855891201;85.58912008
Manhattan;Midtown-Times Square;1024777;2;736;7;7 AVE;10019;736 7 AVE;True;False;False;False;True;0.744564592;74.45645921
Manhattan;Chelsea-Hudson Yards;1014550;3;137;15;W  15 ST;10011;137 W  15 ST;True;True;True;False;False;0.124270654;12.42706543
Manhattan;Midtown-Times Square;1016037;1;47;39;W  39 ST;10018;47 W  39 ST;True;False;False;False;True;0.736258931;73.62589311
Manhattan;Chelsea-Hudson Yards;1012872;5;410;36;W  36 ST;10018;410 W  36 ST;True;False;False;False;True;0.210839499;21.08394987
Manhattan;Midtown South-Flatiron-Union Square;1016892;12;72;MADISON;MADISON AVE;10016;72 MADISON AVE;True;False;False;False;True;0.877352145;87.73521454
Manhattan;Upper West Side (Central);1031100;12;300;78;W  78 ST;10024;300 W  78 ST;True;False;True;False;False;0.668682886;66.86828861
Manhattan;Hell's Kitchen;1026617;5;430;49;W  49 ST;10019;430 W  49 ST;True;True;True;False;False;0.228538169;22.8538169
Manhattan;Upper West Side-Lincoln Square;1029881;9;133;71;W  71 ST;10023;133 W  71 ST;True;False;False;False;True;0.562483018;56.24830179
Manhattan;Chelsea-Hudson Yards;1014953;6;115;23;W  23 ST;10011;115 W  23 ST;True;False;False;False;True;0.727867637;72.78676365
